geolocation_zip_code_prefix,geolocation_lat,geolocation_lng,geolocation_city,geolocation_state
01001,-23.5501898,-46.6340236,sao paulo,SP
01002,-23.5481457,-46.6349792,sao paulo,SP
01003,-23.5489937,-46.6357313,sao paulo,SP
01004,-23.5497988,-46.6347569,sao paulo,SP
01005,-23.5494562,-46.6367329,sao paulo,SP
01006,-23.5501018,-46.6361367,sao paulo,SP
01007,-23.5500462,-46.6372515,sao paulo,SP
01008,-23.5460017,-46.6358859,sao paulo,SP
01009,-23.5468352,-46.6364907,sao paulo,SP
01010,-23.5463894,-46.6352261,sao paulo,SP
01011,-23.5469086,-46.6355820,sao paulo,SP
01012,-23.5477897,-46.6348590,sao paulo,SP
01013,-23.5471420,-46.6342358,sao paulo,SP
01014,-23.5459128,-46.6336154,sao paulo,SP
01015,-23.5476657,-46.6315586,sao paulo,SP
01016,-23.5489764,-46.6323519,sao paulo,SP
01017,-23.5495313,-46.6310238,sao paulo,SP
01018,-23.5509285,-46.6324315,sao paulo,SP
01019,-23.5517741,-46.6308934,sao paulo,SP
01020,-23.5523357,-46.6300497,sao paulo,SP
01021,-23.5430005,-46.6321432,sao paulo,SP
01022,-23.5449218,-46.6319313,sao paulo,SP
01023,-23.5423308,-46.6313734,sao paulo,SP
01024,-23.5414014,-46.6299040,sao paulo,SP
01025,-23.5402919,-46.6309281,sao paulo,SP
01026,-23.5396571,-46.6318842,sao paulo,SP
01027,-23.5380823,-46.6306687,sao paulo,SP
01028,-23.5359325,-46.6335551,sao paulo,SP
01029,-23.5413730,-46.6334160,sao paulo,SP
01030,-23.5395493,-46.6330233,sao paulo,SP
01031,-23.5419059,-46.6350876,sao paulo,SP
01032,-23.5401245,-46.6351935,sao paulo,SP
01033,-23.5392714,-46.6358781,sao paulo,SP
01034,-23.5425153,-46.6373674,sao paulo,SP
01035,-23.5416145,-46.6415491,sao paulo,SP
01036,-23.5416485,-46.6414433,sao paulo,SP
01037,-23.5454110,-46.6389244,sao paulo,SP
01038,-23.5439074,-46.6399938,sao paulo,SP
01039,-23.5413709,-46.6391653,sao paulo,SP
01040,-23.5410282,-46.6383247,sao paulo,SP
01041,-23.5439046,-46.6400465,sao paulo,SP
01042,-23.5448529,-46.6404105,sao paulo,SP
01043,-23.5457660,-46.6415025,sao paulo,SP
01044,-23.5455982,-46.6414527,sao paulo,SP
01045,-23.5423454,-46.6425270,sao paulo,SP
01046,-23.5459300,-46.6439975,sao paulo,SP
01047,-23.5461876,-46.6410674,sao paulo,SP
01048,-23.5471132,-46.6398399,sao paulo,SP
01049,-23.5470112,-46.6391657,sao paulo,SP
01050,-23.5492292,-46.6430302,sao paulo,SP
01101,-23.5282869,-46.6319575,sao paulo,SP
01102,-23.5255714,-46.6302875,sao paulo,SP
01103,-23.5354684,-46.6302908,sao paulo,SP
01104,-23.5349522,-46.6295704,sao paulo,SP
01105,-23.5340940,-46.6290777,sao paulo,SP
01106,-23.5302208,-46.6282213,sao paulo,SP
01107,-23.5260879,-46.6295899,sao paulo,SP
01108,-23.5272322,-46.6303544,sao paulo,SP
01109,-23.5246249,-46.6271032,sao paulo,SP
01120,-23.5301625,-46.6395114,sao paulo,SP
01121,-23.5278667,-46.6352569,sao paulo,SP
01122,-23.5311306,-46.6383248,sao paulo,SP
01123,-23.5291645,-46.6365824,sao paulo,SP
01124,-23.5282212,-46.6330954,sao paulo,SP
01125,-23.5272884,-46.6401643,sao paulo,SP
01126,-23.5270665,-46.6391528,sao paulo,SP
01127,-23.5254808,-46.6415955,sao paulo,SP
01128,-23.5237867,-46.6422097,sao paulo,SP
01129,-23.5240514,-46.6450730,sao paulo,SP
01130,-23.5248308,-46.6449299,sao paulo,SP
01131,-23.5223797,-46.6431078,sao paulo,SP
01132,-23.5215399,-46.6487392,sao paulo,SP
01133,-23.5204243,-46.6533223,sao paulo,SP
01134,-23.5188999,-46.6526903,sao paulo,SP
01135,-23.5261904,-46.6509700,sao paulo,SP
01136,-23.5239869,-46.6613514,sao paulo,SP
01137,-23.5228515,-46.6528092,sao paulo,SP
01138,-23.5224558,-46.6552539,sao paulo,SP
01139,-23.5207250,-46.6659390,sao paulo,SP
01140,-23.5204384,-46.6692372,sao paulo,SP
01141,-23.5203103,-46.6664390,sao paulo,SP
01142,-23.5199343,-46.6251300,sao paulo,SP
01144,-23.5235727,-46.6724246,sao paulo,SP
01150,-23.5329530,-46.6582459,sao paulo,SP
01151,-23.5316416,-46.6562888,sao paulo,SP
01152,-23.5298848,-46.6552764,sao paulo,SP
01153,-23.5299308,-46.6535491,sao paulo,SP
01154,-23.5305359,-46.6592957,sao paulo,SP
01155,-23.5290729,-46.6633200,sao paulo,SP
01156,-23.5289211,-46.6664372,sao paulo,SP
01189,-23.5321083,-46.6383947,sao paulo,SP
01200,-23.5315678,-46.6498691,sao paulo,SP
01201,-23.5360828,-46.6495394,sao paulo,SP
01202,-23.5337426,-46.6482805,sao paulo,SP
01203,-23.5359647,-46.6452996,sao paulo,SP
01204,-23.5359926,-46.6440898,sao paulo,SP
01205,-23.5364908,-46.6426420,sao paulo,SP
01206,-23.5358637,-46.6428187,sao paulo,SP
01207,-23.5391756,-46.6386542,sao paulo,SP
01208,-23.5386605,-46.6389820,sao paulo,SP
01209,-23.5406953,-46.6415829,sao paulo,SP
01210,-23.5400393,-46.6420913,sao paulo,SP
01211,-23.5375766,-46.6488379,sao paulo,SP
01212,-23.5382685,-46.6394226,sao paulo,SP
01213,-23.5365015,-46.6403612,sao paulo,SP
01214,-23.5388425,-46.6452305,sao paulo,SP
01215,-23.5361674,-46.6475419,sao paulo,SP
01216,-23.5331276,-46.6478338,sao paulo,SP
01217,-23.5326576,-46.6488840,sao paulo,SP
01218,-23.5312498,-46.6483251,sao paulo,SP
01219,-23.5412888,-46.6456986,sao paulo,SP
01220,-23.5445140,-46.6460399,sao paulo,SP
01221,-23.5448677,-46.6482817,sao paulo,SP
01222,-23.5459445,-46.6493694,sao paulo,SP
01223,-23.5440881,-46.6485821,sao paulo,SP
01224,-23.5417787,-46.6524223,sao paulo,SP
01225,-23.5397860,-46.6491388,sao paulo,SP
01226,-23.5380101,-46.6527193,sao paulo,SP
01227,-23.5462019,-46.6583846,sao paulo,SP
01228,-23.5451894,-46.6576109,sao paulo,SP
01229,-23.5389016,-46.6572911,sao paulo,SP
01230,-23.5363104,-46.6571120,sao paulo,SP
01231,-23.5369504,-46.6592559,sao paulo,SP
01232,-23.5364280,-46.6574260,sao paulo,SP
01233,-23.5362465,-46.6616652,sao paulo,SP
01234,-23.5396896,-46.6642440,sao paulo,SP
01235,-23.5367143,-46.6646663,sao paulo,SP
01236,-23.5435502,-46.6674194,sao paulo,SP
01237,-23.5432345,-46.6687244,sao paulo,SP
01238,-23.5425714,-46.6542433,sao paulo,SP
01239,-23.5430953,-46.6310592,sao paulo,SP
01240,-23.5437918,-46.6585440,sao paulo,SP
01241,-23.5455248,-46.6578402,sao paulo,SP
01242,-23.5465069,-46.6585017,sao paulo,SP
01243,-23.5481203,-46.6591918,sao paulo,SP
01244,-23.5620491,-46.6595903,sao paulo,SP
01245,-23.5494755,-46.6638211,sao paulo,SP
01246,-23.5534813,-46.6663185,sao paulo,SP
01247,-23.5506381,-46.6686558,sao paulo,SP
01248,-23.5479125,-46.6680263,sao paulo,SP
01249,-23.5484199,-46.6712204,sao paulo,SP
01250,-23.5476405,-46.6719726,sao paulo,SP
01251,-23.5483745,-46.6748465,sao paulo,SP
01252,-23.5417540,-46.6789340,sao paulo,SP
01253,-23.5449291,-46.6791647,sao paulo,SP
01254,-23.5433374,-46.6808524,sao paulo,SP
01255,-23.5463698,-46.6815417,sao paulo,SP
01256,-23.5477733,-46.6828383,são paulo,SP
01257,-23.5436098,-46.6878386,sao paulo,SP
01258,-23.5440370,-46.6868509,sao paulo,SP
01259,-23.5414186,-46.6853039,sao paulo,SP
01262,-23.5508564,-46.6773518,sao paulo,SP
01290,-23.5409613,-46.6577487,são paulo,SP
01301,-23.5493290,-46.6508901,sao paulo,SP
01302,-23.5490029,-46.6495523,sao paulo,SP
01303,-23.5495057,-46.6484325,sao paulo,SP
01304,-23.5540564,-46.6552024,sao paulo,SP
01305,-23.5526227,-46.6525383,sao paulo,SP
01306,-23.5537852,-46.6496051,sao paulo,SP
01307,-23.5527780,-46.6532077,sao paulo,SP
01308,-23.5559814,-46.6533111,sao paulo,SP
01309,-23.5554931,-46.6584522,sao paulo,SP
01310,-23.5616529,-46.6560213,sao paulo,SP
01311,-23.5645046,-46.6527927,sao paulo,SP
01312,-23.5547939,-46.6496149,sao paulo,SP
01313,-23.5561117,-46.6505738,sao paulo,SP
01314,-23.5526407,-46.6452044,sao paulo,SP
01315,-23.5540900,-46.6403891,sao paulo,SP
01316,-23.5529548,-46.6394328,sao paulo,SP
01317,-23.5562382,-46.6400599,sao paulo,SP
01318,-23.5594480,-46.6424127,sao paulo,SP
01319,-23.5518817,-46.6407280,sao paulo,SP
01320,-23.5579551,-46.6393474,sao paulo,SP
01321,-23.5621286,-46.6419185,sao paulo,SP
01322,-23.5631717,-46.6434561,sao paulo,SP
01323,-23.5657348,-46.6414781,sao paulo,SP
01324,-23.5552147,-46.6431507,sao paulo,SP
01325,-23.5573902,-46.6444583,sao paulo,SP
01326,-23.5565390,-46.6454396,sao paulo,SP
01327,-23.5651134,-46.6449446,sao paulo,SP
01328,-23.5559927,-46.6467948,sao paulo,SP
01329,-23.5619775,-46.6472811,sao paulo,SP
01330,-23.5590379,-46.6494588,sao paulo,SP
01331,-23.5626644,-46.6499967,sao paulo,SP
01332,-23.5595686,-46.6524516,sao paulo,SP
01333,-23.5664351,-46.6475636,sao paulo,SP
01401,-23.5758073,-46.6586546,sao paulo,SP
01402,-23.5748374,-46.6573920,sao paulo,SP
01403,-23.5687550,-46.6534094,sao paulo,SP
01404,-23.5685447,-46.6557803,sao paulo,SP
01405,-23.5647626,-46.6551384,sao paulo,SP
01406,-23.5748143,-46.6702993,sao paulo,SP
01407,-23.5761119,-46.6713921,sao paulo,SP
01408,-23.5671119,-46.6608134,sao paulo,SP
01409,-23.5614608,-46.6582620,sao paulo,SP
01410,-23.5628314,-46.6609252,sao paulo,SP
01411,-23.5642479,-46.6640596,sao paulo,SP
01412,-23.5636516,-46.6660241,sao paulo,SP
01413,-23.5618145,-46.6640340,sao paulo,SP
01414,-23.5596235,-46.6634965,sao paulo,SP
01415,-23.5560917,-46.6604622,sao paulo,SP
01416,-23.5606929,-46.6676885,sao paulo,SP
01417,-23.5527789,-46.6339319,sao paulo,SP
01418,-23.5641161,-46.6552724,sao paulo,SP
01419,-23.5635416,-46.6559496,sao paulo,SP
01420,-23.5634355,-46.6579160,sao paulo,SP
01421,-23.5632993,-46.6601537,sao paulo,SP
01422,-23.5639619,-46.6611324,sao paulo,SP
01423,-23.5691451,-46.6573477,sao paulo,SP
01424,-23.5680415,-46.6613988,sao paulo,SP
01425,-23.5728985,-46.6592474,sao paulo,SP
01426,-23.5658604,-46.6660317,sao paulo,SP
01427,-23.5710448,-46.6640686,sao paulo,SP
01428,-23.5739389,-46.6623263,sao paulo,SP
01429,-23.5763845,-46.6629000,sao paulo,SP
01430,-23.6561401,-46.6625020,sao paulo,SP
01431,-23.6203888,-46.6647682,sao paulo,SP
01432,-23.5764859,-46.6657861,sao paulo,SP
01433,-23.5784075,-46.6683730,sao paulo,SP
01434,-23.5746465,-46.6723774,sao paulo,SP
01435,-23.5793218,-46.6701787,sao paulo,SP
01436,-23.5724554,-46.6679887,sao paulo,SP
01437,-23.5721413,-46.6715033,sao paulo,SP
01438,-23.5698037,-46.6722649,sao paulo,SP
01439,-23.5662895,-46.6735714,sao paulo,SP
01440,-23.5682895,-46.6781702,sao paulo,SP
01441,-23.5706039,-46.6837321,sao paulo,SP
01442,-23.5665307,-46.6786161,sao paulo,SP
01443,-23.5682689,-46.6845079,sao paulo,SP
01444,-23.5732355,-46.6875270,sao paulo,SP
01445,-23.5710380,-46.6880680,sao paulo,SP
01446,-23.5755838,-46.6754989,sao paulo,SP
01447,-23.5727868,-46.6788856,sao paulo,SP
01448,-23.5782379,-46.6798227,sao paulo,SP
01449,-23.5761169,-46.6799567,sao paulo,SP
01450,-23.5764532,-46.6851851,sao paulo,SP
01451,-23.5774360,-46.6869898,sao paulo,SP
01452,-23.5749964,-46.6888794,sao paulo,SP
01453,-23.5840590,-46.6863761,sao paulo,SP
01454,-23.5823770,-46.6867028,sao paulo,SP
01455,-23.5805541,-46.6911214,sao paulo,SP
01456,-23.5768398,-46.6909872,sao paulo,SP
01457,-23.5752378,-46.6927035,sao paulo,SP
01472,-23.5705437,-46.6912967,sao paulo,SP
01489,-23.5766500,-46.6874000,sao paulo,SP
01501,-23.5524694,-46.6354854,sao paulo,SP
01502,-23.5546059,-46.6354926,sao paulo,SP
01503,-23.5577090,-46.6367694,sao paulo,SP
01504,-23.5668606,-46.6395053,sao paulo,SP
01505,-23.5552676,-46.6318248,sao paulo,SP
01506,-23.5595587,-46.6350322,sao paulo,SP
01507,-23.5581464,-46.6317659,sao paulo,SP
01508,-23.5614236,-46.6358301,sao paulo,SP
01509,-23.5670101,-46.6357981,sao paulo,SP
01510,-23.5576022,-46.6336153,sao paulo,SP
01511,-23.5614568,-46.6329479,sao paulo,SP
01512,-23.5537172,-46.6294991,sao paulo,SP
01513,-23.5489144,-46.6038446,sao paulo,SP
01514,-23.5543778,-46.6283378,sao paulo,SP
01516,-23.5590732,-46.6154800,sao paulo,SP
01517,-23.5596133,-46.6240035,sao paulo,SP
01518,-23.5592093,-46.6231869,sao paulo,SP
01519,-23.5609264,-46.6247571,sao paulo,SP
01520,-23.5593783,-46.6201640,sao paulo,SP
01521,-23.5611744,-46.6215090,sao paulo,SP
01522,-23.5599203,-46.6159819,sao paulo,SP
01523,-23.5642035,-46.6168971,sao paulo,SP
01524,-23.5677833,-46.6134005,sao paulo,SP
01525,-23.5640290,-46.6349539,sao paulo,SP
01526,-23.5659523,-46.6309439,sao paulo,SP
01527,-23.5624392,-46.6291922,sao paulo,SP
01528,-23.5647700,-46.6271659,sao paulo,SP
01529,-23.5684392,-46.6345555,sao paulo,SP
01530,-23.5689445,-46.6300892,sao paulo,SP
01531,-23.5707606,-46.6324252,sao paulo,SP
01532,-23.5705342,-46.6361119,sao paulo,SP
01533,-23.5711681,-46.6383645,sao paulo,SP
01534,-23.5675436,-46.6260851,sao paulo,SP
01535,-23.5724332,-46.6252414,sao paulo,SP
01536,-23.5690321,-46.6234363,sao paulo,SP
01537,-23.5744228,-46.6231373,sao paulo,SP
01538,-23.5763128,-46.6236293,sao paulo,SP
01539,-23.5711529,-46.6204360,sao paulo,SP
01540,-23.5658513,-46.6225815,sao paulo,SP
01541,-23.5692527,-46.6186170,sao paulo,SP
01542,-23.5710658,-46.6240601,sao paulo,SP
01543,-23.5737210,-46.6238718,sao paulo,SP
01544,-23.5772554,-46.6216317,sao paulo,SP
01545,-23.5809741,-46.6183103,sao paulo,SP
01546,-23.5790393,-46.6219557,sao paulo,SP
01547,-23.5829940,-46.6211268,sao paulo,SP
01548,-23.5769271,-46.6134208,sao paulo,SP
01549,-23.5763175,-46.6155867,sao paulo,SP
01550,-23.5730566,-46.6161505,sao paulo,SP
01551,-23.5727379,-46.6126801,sao paulo,SP
01552,-23.5694907,-46.6113218,sao paulo,SP
01553,-23.5744879,-46.6091981,sao paulo,SP
02009,-23.5157991,-46.6411391,sao paulo,SP
02010,-23.5105616,-46.6263550,sao paulo,SP
02011,-23.5043850,-46.6266210,sao paulo,SP
02012,-23.5130660,-46.6319682,sao paulo,SP
02013,-23.5022062,-46.6331145,sao paulo,SP
02016,-23.5039848,-46.6256722,sao paulo,SP
02017,-23.5007429,-46.6346946,sao paulo,SP
02018,-23.4957037,-46.6297069,sao paulo,SP
02019,-23.4982631,-46.6296516,sao paulo,SP
02020,-23.4964686,-46.6332928,sao paulo,SP
02021,-23.4983091,-46.6358859,sao paulo,SP
02022,-23.5040739,-46.6376709,sao paulo,SP
02028,-23.5087025,-46.6183369,sao paulo,SP
02029,-23.5093621,-46.6193436,sao paulo,SP
02030,-23.5058713,-46.6246826,sao paulo,SP
02031,-23.5100627,-46.6257782,sao paulo,SP
02032,-23.5110683,-46.6238498,sao paulo,SP
02033,-23.4999005,-46.6150500,sao paulo,SP
02034,-23.5040729,-46.6241442,sao paulo,SP
02035,-23.4962113,-46.6228250,sao paulo,SP
02036,-23.5017443,-46.6208029,sao paulo,SP
02037,-23.4997182,-46.6205550,sao paulo,SP
02038,-23.4952375,-46.6241623,sao paulo,SP
02039,-23.4930251,-46.6216035,sao paulo,SP
02040,-23.4896600,-46.6225717,sao paulo,SP
02041,-23.4906265,-46.6230798,sao paulo,SP
02042,-23.4942339,-46.6163772,sao paulo,SP
02043,-23.4899434,-46.6161245,sao paulo,SP
02044,-23.4957247,-46.6187880,sao paulo,SP
02045,-23.4961465,-46.6164029,sao paulo,SP
02046,-23.4922805,-46.6117694,sao paulo,SP
02047,-23.5172156,-46.6186740,sao paulo,SP
02049,-23.5141666,-46.6173656,sao paulo,SP
02050,-23.5173442,-46.6121352,sao paulo,SP
02051,-23.5099883,-46.6077644,sao paulo,SP
02052,-23.5129745,-46.6077838,sao paulo,SP
02053,-23.5132276,-46.6027927,sao paulo,SP
02054,-23.5171955,-46.6066992,sao paulo,SP
02055,-23.5140297,-46.6071262,sao paulo,SP
02056,-23.5123021,-46.6027881,sao paulo,SP
02060,-23.5190052,-46.6028609,sao paulo,SP
02064,-23.5176770,-46.5979646,sao paulo,SP
02065,-23.5077112,-46.6053693,sao paulo,SP
02066,-23.5086433,-46.6052957,sao paulo,SP
02067,-23.5067203,-46.6036534,sao paulo,SP
02068,-23.5051325,-46.6123753,sao paulo,SP
02069,-23.5055343,-46.6139277,sao paulo,SP
02071,-23.5042788,-46.6064277,sao paulo,SP
02072,-23.5001649,-46.6040553,sao paulo,SP
02073,-23.5018320,-46.6071339,sao paulo,SP
02074,-23.5052199,-46.6004475,sao paulo,SP
02075,-23.5054542,-46.6023270,sao paulo,SP
02076,-23.5046605,-46.5990985,sao paulo,SP
02077,-23.5023162,-46.5972944,sao paulo,SP
02078,-23.5022482,-46.5956097,sao paulo,SP
02079,-23.4992877,-46.6057851,sao paulo,SP
02080,-23.4976704,-46.6053616,sao paulo,SP
02081,-23.4958413,-46.6046993,sao paulo,SP
02082,-23.4945971,-46.6071668,sao paulo,SP
02083,-23.4953215,-46.5979356,sao paulo,SP
02084,-23.4972752,-46.5997431,sao paulo,SP
02085,-23.4979527,-46.6129677,sao paulo,SP
02088,-23.5042403,-46.6207421,sao paulo,SP
02089,-23.5170945,-46.6166731,sao paulo,SP
02110,-23.5190975,-46.5955389,sao paulo,SP
02111,-23.5176430,-46.5927569,sao paulo,SP
02112,-23.5174486,-46.5904512,sao paulo,SP
02113,-23.5177205,-46.5892266,sao paulo,SP
02114,-23.5223179,-46.5906148,sao paulo,SP
02115,-23.5265896,-46.5916927,sao paulo,SP
02116,-23.5201107,-46.5852400,sao paulo,SP
02117,-23.5186550,-46.5936598,sao paulo,SP
02118,-23.5150065,-46.5927746,sao paulo,SP
02119,-23.5122078,-46.5926390,sao paulo,SP
02120,-23.5108244,-46.5938858,sao paulo,SP
02121,-23.5122291,-46.5896833,sao paulo,SP
02122,-23.5119661,-46.5838644,sao paulo,SP
02123,-23.5118381,-46.5794425,sao paulo,SP
02124,-23.5069769,-46.5771209,sao paulo,SP
02125,-23.5098400,-46.5868034,sao paulo,SP
02126,-23.5068980,-46.5917511,sao paulo,SP
02127,-23.5055980,-46.5872657,sao paulo,SP
02128,-23.5050195,-46.5939426,sao paulo,SP
02129,-23.5037191,-46.5882910,sao paulo,SP
02130,-23.5084675,-46.5835637,sao paulo,SP
02131,-23.5043288,-46.5825095,sao paulo,SP
02132,-23.5013209,-46.5776566,sao paulo,SP
02133,-23.4990812,-46.5847248,sao paulo,SP
02134,-23.4986133,-46.5797857,sao paulo,SP
02135,-23.4979322,-46.5846123,sao paulo,SP
02136,-23.4987543,-46.5823773,sao paulo,SP
02137,-23.4979533,-46.5761187,sao paulo,SP
02138,-23.4934639,-46.5745170,sao paulo,SP
02139,-23.4904683,-46.5735302,sao paulo,SP
02141,-23.4889869,-46.5706533,sao paulo,SP
02142,-23.5101987,-46.5767178,sao paulo,SP
02143,-23.5072174,-46.5749671,sao paulo,SP
02144,-23.5036956,-46.5707562,sao paulo,SP
02145,-23.5023573,-46.5662593,sao paulo,SP
02146,-23.5009570,-46.5708823,sao paulo,SP
02147,-23.4983619,-46.5651667,sao paulo,SP
02150,-23.4940347,-46.5686332,sao paulo,SP
02151,-23.4969627,-46.5695526,sao paulo,SP
02152,-23.4973614,-46.5722317,sao paulo,SP
02161,-23.4901652,-46.5692837,sao paulo,SP
02162,-23.4906532,-46.5628308,sao paulo,SP
02166,-23.5252091,-46.5840215,sao paulo,SP
02167,-23.5226958,-46.5816199,sao paulo,SP
02168,-23.5206055,-46.5795034,sao paulo,SP
02169,-23.5495848,-46.6203000,sao paulo,SP
02170,-23.5256443,-46.5770134,sao paulo,SP
02174,-23.5229235,-46.5724247,sao paulo,SP
02175,-23.5158867,-46.5748916,sao paulo,SP
02176,-23.5135989,-46.5730653,sao paulo,SP
02177,-23.5087343,-46.5585299,sao paulo,SP
02178,-23.5216650,-46.5705239,sao paulo,SP
02179,-23.5204101,-46.5682353,sao paulo,SP
02180,-23.5192107,-46.5659557,sao paulo,SP
02181,-23.5186875,-46.5610208,sao paulo,SP
02185,-23.5146992,-46.5674861,sao paulo,SP
02186,-23.5140562,-46.5690601,sao paulo,SP
02187,-23.5158714,-46.5649098,sao paulo,SP
02188,-23.5094662,-46.5669820,sao paulo,SP
02189,-23.5077871,-46.5674677,sao paulo,SP
02190,-23.5071481,-46.5639732,sao paulo,SP
02201,-23.4862289,-46.5920061,sao paulo,SP
02202,-23.4930487,-46.5948155,sao paulo,SP
02203,-23.4918708,-46.5913481,sao paulo,SP
02204,-23.4874113,-46.5921624,sao paulo,SP
02205,-23.4879882,-46.5911943,sao paulo,SP
02206,-23.4846206,-46.5940455,sao paulo,SP
02207,-23.4859855,-46.5881888,sao paulo,SP
02208,-23.4830155,-46.5895186,sao paulo,SP
02209,-23.4851258,-46.5853775,sao paulo,SP
02210,-23.4825599,-46.5821023,sao paulo,SP
02211,-23.4973990,-46.5936054,sao paulo,SP
02212,-23.4956475,-46.5892591,sao paulo,SP
02213,-23.4961663,-46.5881257,sao paulo,SP
02214,-23.4928514,-46.5867982,sao paulo,SP
02215,-23.4907587,-46.5833693,sao paulo,SP
02216,-23.4930579,-46.5797844,sao paulo,SP
02217,-23.4903537,-46.5801757,sao paulo,SP
02218,-23.4867871,-46.5848085,sao paulo,SP
02219,-23.4907767,-46.5859266,sao paulo,SP
02220,-23.4897606,-46.5776765,sao paulo,SP
02221,-23.4815057,-46.5814202,sao paulo,SP
02222,-23.4825555,-46.5755864,sao paulo,SP
02223,-23.4816367,-46.5801670,sao paulo,SP
02224,-23.4845051,-46.5737739,sao paulo,SP
02225,-23.4827223,-46.5751069,sao paulo,SP
02226,-23.4801304,-46.5736219,sao paulo,SP
02227,-23.4787251,-46.5723740,sao paulo,SP
02228,-23.4754956,-46.5715416,sao paulo,SP
02229,-23.4765733,-46.5688203,sao paulo,SP
02230,-23.4837751,-46.5636587,sao paulo,SP
02231,-23.4768757,-46.5652626,sao paulo,SP
02232,-23.4757014,-46.5639725,sao paulo,SP
02233,-23.4776561,-46.5645773,sao paulo,SP
02234,-23.4785387,-46.5695446,sao paulo,SP
02235,-23.4793326,-46.5759404,sao paulo,SP
02236,-23.4726026,-46.5681600,sao paulo,SP
02237,-23.5131206,-46.5864721,sao paulo,SP
02238,-23.4712050,-46.5715833,sao paulo,SP
02239,-23.4853033,-46.6090598,sao paulo,SP
02240,-23.4778856,-46.6022118,sao paulo,SP
02241,-23.4906687,-46.6074393,sao paulo,SP
02242,-23.4876147,-46.6039910,sao paulo,SP
02243,-23.4916185,-46.6038692,sao paulo,SP
02244,-23.4885149,-46.6048662,sao paulo,SP
02245,-23.4847766,-46.6065942,sao paulo,SP
02246,-23.4887119,-46.6016873,sao paulo,SP
02247,-23.4860672,-46.6012417,sao paulo,SP
02248,-23.4831793,-46.5994333,sao paulo,SP
02249,-23.4888756,-46.5970890,sao paulo,SP
02250,-23.4865165,-46.5962163,sao paulo,SP
02251,-23.4775214,-46.5903397,sao paulo,SP
02252,-23.4787442,-46.5883165,sao paulo,SP
02253,-23.4793542,-46.5955003,sao paulo,SP
02254,-23.4812470,-46.5934050,sao paulo,SP
02255,-23.4769006,-46.5919377,sao paulo,SP
02256,-23.4753255,-46.5872141,sao paulo,SP
02257,-23.4728961,-46.5831766,sao paulo,SP
02258,-23.4759832,-46.5819046,sao paulo,SP
02259,-23.4717527,-46.5809647,sao paulo,SP
02260,-23.4691970,-46.5796086,sao paulo,SP
02261,-23.4675051,-46.5772962,sao paulo,SP
02262,-23.4655159,-46.5748288,sao paulo,SP
02263,-23.4634782,-46.5758082,sao paulo,SP
02264,-23.4623358,-46.5765586,sao paulo,SP
02265,-23.4742542,-46.5920254,sao paulo,SP
02266,-23.4771489,-46.5981868,sao paulo,SP
02267,-23.4787370,-46.6007359,sao paulo,SP
02268,-23.4698113,-46.5948894,sao paulo,SP
02269,-23.4720803,-46.5959773,sao paulo,SP
02270,-23.4724876,-46.5930399,sao paulo,SP
02271,-23.4696989,-46.5899602,sao paulo,SP
02272,-23.4692536,-46.5866800,sao paulo,SP
02273,-23.4635138,-46.5862373,sao paulo,SP
02274,-23.4670518,-46.5879208,sao paulo,SP
02275,-23.4657000,-46.5902692,sao paulo,SP
02276,-23.4611931,-46.5840976,sao paulo,SP
02277,-23.4636739,-46.5817826,sao paulo,SP
02278,-23.4627968,-46.5796245,sao paulo,SP
02279,-23.4668735,-46.5800020,sao paulo,SP
02280,-23.4558963,-46.5751616,sao paulo,SP
02281,-23.4519874,-46.5751049,sao paulo,SP
02282,-23.4430666,-46.5677748,sao paulo,SP
02284,-23.4697032,-46.5686827,sao paulo,SP
02286,-23.4085868,-46.5796032,sao paulo,SP
02288,-23.4337256,-46.5708575,sao paulo,SP
02289,-23.4184979,-46.5826877,sao paulo,SP
02290,-23.6004620,-46.6553179,sao paulo,SP
02301,-23.4886639,-46.6150189,sao paulo,SP
02302,-23.4860365,-46.6140108,sao paulo,SP
02303,-23.4820096,-46.6105012,sao paulo,SP
02304,-23.4808237,-46.6054593,sao paulo,SP
02305,-23.4800945,-46.6067652,sao paulo,SP
02306,-23.4633688,-46.6034784,sao paulo,SP
02307,-23.4808905,-46.6072766,sao paulo,SP
02308,-23.4764179,-46.6042104,sao paulo,SP
02309,-23.4756735,-46.6047354,sao paulo,SP
02310,-23.4728147,-46.6007291,sao paulo,SP
02311,-23.4691229,-46.6016795,sao paulo,SP
02312,-23.4648051,-46.5987124,sao paulo,SP
02313,-23.4639554,-46.5998997,sao paulo,SP
02314,-23.4620644,-46.5993477,sao paulo,SP
02315,-23.4599964,-46.5997497,sao paulo,SP
02316,-23.4622658,-46.5938397,sao paulo,SP
02317,-23.4581193,-46.5931675,sao paulo,SP
02318,-23.4508592,-46.5901106,sao paulo,SP
02319,-23.4497214,-46.5933645,sao paulo,SP
02320,-23.4513504,-46.5984236,sao paulo,SP
02321,-23.4472025,-46.5889780,sao paulo,SP
02322,-23.4457055,-46.5936991,sao paulo,SP
02323,-23.4563247,-46.6010965,sao paulo,SP
02324,-23.4779555,-46.5984767,sao paulo,SP
02325,-23.4535368,-46.5860407,sao paulo,SP
02326,-23.4722183,-46.6024734,sao paulo,SP
02327,-23.4472095,-46.5666783,sao paulo,SP
02328,-23.5189164,-46.5973069,sao paulo,SP
02329,-23.4836028,-46.6066770,sao paulo,SP
02330,-23.4855537,-46.6174906,sao paulo,SP
02331,-23.4839242,-46.6162256,sao paulo,SP
02332,-23.4827144,-46.6215534,sao paulo,SP
02333,-23.4806704,-46.6213769,sao paulo,SP
02334,-23.4839952,-46.6195840,sao paulo,SP
02335,-23.4833628,-46.6170553,sao paulo,SP
02336,-23.4812976,-46.6169400,sao paulo,SP
02337,-23.4787048,-46.6145134,sao paulo,SP
02338,-23.4754986,-46.6181268,sao paulo,SP
02339,-23.4775890,-46.6152473,sao paulo,SP
02340,-23.4596048,-46.6157128,sao paulo,SP
02341,-23.4652356,-46.6154756,sao paulo,SP
02342,-23.4738369,-46.6105940,sao paulo,SP
02343,-23.4685737,-46.6054561,sao paulo,SP
02344,-23.4693116,-46.6103051,sao paulo,SP
02345,-23.4688442,-46.6152400,sao paulo,SP
02346,-23.4712285,-46.6082308,sao paulo,SP
02347,-23.4640368,-46.6072551,sao paulo,SP
02348,-23.4605355,-46.6110743,sao paulo,SP
02349,-23.4597906,-46.6044412,sao paulo,SP
02350,-23.4607241,-46.6016048,sao paulo,SP
02351,-23.4549441,-46.5997079,sao paulo,SP
02352,-23.4543832,-46.5962405,sao paulo,SP
02353,-23.4526287,-46.6053452,sao paulo,SP
02354,-23.4550257,-46.6043135,sao paulo,SP
02355,-23.4547065,-46.6114041,sao paulo,SP
02356,-23.4509736,-46.6121807,sao paulo,SP
02357,-23.4474306,-46.6139628,sao paulo,SP
02358,-23.4544475,-46.6087582,sao paulo,SP
02359,-23.4458817,-46.6192304,sao paulo,SP
02360,-23.4368418,-46.5777443,sao paulo,SP
02361,-23.4366639,-46.5814898,sao paulo,SP
02362,-23.4792348,-46.5796332,sao paulo,SP
02363,-23.4323280,-46.5760896,sao paulo,SP
02364,-23.4339466,-46.5810727,sao paulo,SP
02365,-23.4456999,-46.5818864,sao paulo,SP
02366,-23.4677327,-46.6105451,sao paulo,SP
02367,-23.4622703,-46.5938039,sao paulo,SP
02368,-23.4038359,-46.5780950,sao paulo,SP
02370,-23.4628275,-46.6218048,sao paulo,SP
02371,-23.4590147,-46.6186766,sao paulo,SP
02372,-23.4600945,-46.6246250,sao paulo,SP
02373,-23.4548621,-46.6172534,sao paulo,SP
02374,-23.4547670,-46.6214433,sao paulo,SP
02375,-23.4536771,-46.6250339,sao paulo,SP
02376,-23.4576189,-46.6281051,sao paulo,SP
02377,-23.4568144,-46.6318132,sao paulo,SP
02378,-23.4573941,-46.6296664,sao paulo,SP
02401,-23.4917244,-46.6267713,sao paulo,SP
02402,-23.4903336,-46.6271216,sao paulo,SP
02403,-23.4939922,-46.6283587,sao paulo,SP
02404,-23.4912615,-46.6289823,sao paulo,SP
02405,-23.4894899,-46.6328580,sao paulo,SP
02406,-23.4880070,-46.6301042,sao paulo,SP
02407,-23.4848751,-46.6245752,sao paulo,SP
02408,-23.4825230,-46.6272898,sao paulo,SP
02409,-23.4782442,-46.6248829,sao paulo,SP
02410,-23.4758167,-46.6230283,sao paulo,SP
02411,-23.4756480,-46.6243233,sao paulo,SP
02413,-23.4829404,-46.6370249,sao paulo,SP
02415,-23.4719484,-46.6313703,sao paulo,SP
02416,-23.4777193,-46.6281701,sao paulo,SP
02417,-23.4776265,-46.6301455,sao paulo,SP
02418,-23.4705503,-46.6290618,sao paulo,SP
02419,-23.4770601,-46.6401287,sao paulo,SP
02420,-23.4741870,-46.6363938,sao paulo,SP
02421,-23.4736919,-46.6326634,sao paulo,SP
02422,-23.4717488,-46.6367732,sao paulo,SP
02423,-23.4683750,-46.6334100,sao paulo,SP
02430,-23.4821033,-46.6453752,sao paulo,SP
02431,-23.4870048,-46.6361696,sao paulo,SP
02432,-23.4768514,-46.6252651,sao paulo,SP
02433,-23.4817917,-46.6362682,sao paulo,SP
02434,-23.4833299,-46.6393539,sao paulo,SP
02435,-23.4803033,-46.6417678,sao paulo,SP
02436,-23.4794099,-46.6360124,sao paulo,SP
02440,-23.4776938,-46.6482233,sao paulo,SP
02441,-23.4730698,-46.6414504,sao paulo,SP
02442,-23.4731225,-46.6438167,sao paulo,SP
02443,-23.4729945,-46.6474294,sao paulo,SP
02450,-23.4982617,-46.6377850,sao paulo,SP
02451,-23.4991629,-46.6421120,sao paulo,SP
02452,-23.5003121,-46.6440782,sao paulo,SP
02460,-23.4907100,-46.6375490,sao paulo,SP
02461,-23.4920032,-46.6390029,sao paulo,SP
02462,-23.4918004,-46.6416069,sao paulo,SP
02463,-23.4884888,-46.6454896,sao paulo,SP
02464,-23.4893352,-46.6503908,sao paulo,SP
02465,-23.4839828,-46.6555510,sao paulo,SP
02466,-23.4953798,-46.6424267,sao paulo,SP
02467,-23.4912939,-46.6462643,sao paulo,SP
02468,-23.4882897,-46.6490020,sao paulo,SP
02469,-23.4853553,-46.6447882,sao paulo,SP
02470,-23.4849687,-46.6491507,sao paulo,SP
02471,-23.4817408,-46.6521225,sao paulo,SP
02472,-23.4768571,-46.6555596,sao paulo,SP
02473,-23.4777536,-46.6518163,sao paulo,SP
02474,-23.4772667,-46.6565077,sao paulo,SP
02475,-23.4799890,-46.6448695,sao paulo,SP
02478,-23.4775491,-46.6600324,sao paulo,SP
02479,-23.4751142,-46.6564810,sao paulo,SP
02501,-23.5149123,-46.6611836,sao paulo,SP
02508,-23.5098481,-46.6636901,sao paulo,SP
02510,-23.5130421,-46.6519945,sao paulo,SP
02511,-23.5097644,-46.6509592,sao paulo,SP
02512,-23.5137194,-46.6593424,sao paulo,SP
02513,-23.5613310,-46.6851640,sao paulo,SP
02514,-23.5106307,-46.6552377,sao paulo,SP
02515,-23.5102077,-46.6578899,sao paulo,SP
02516,-23.5089757,-46.6593851,sao paulo,SP
02517,-23.5073465,-46.6642360,sao paulo,SP
02518,-23.5099484,-46.6653477,sao paulo,SP
02519,-23.5019811,-46.6554387,sao paulo,SP
02520,-23.5031576,-46.6557091,sao paulo,SP
02521,-23.5039731,-46.6651004,sao paulo,SP
02522,-23.5044222,-46.6591831,sao paulo,SP
02523,-23.5058301,-46.6556282,sao paulo,SP
02524,-23.5027163,-46.6503624,sao paulo,SP
02525,-23.5021738,-46.6574085,sao paulo,SP
02526,-23.5030198,-46.6467963,sao paulo,SP
02530,-23.5007677,-46.6604540,sao paulo,SP
02531,-23.5009369,-46.6527417,sao paulo,SP
02532,-23.4997640,-46.6554708,sao paulo,SP
02533,-23.4975816,-46.6549698,sao paulo,SP
02534,-23.4962764,-46.6537122,sao paulo,SP
02535,-23.4973977,-46.6494630,sao paulo,SP
02536,-23.4958562,-46.6479181,sao paulo,SP
02537,-23.4913124,-46.6524597,sao paulo,SP
02538,-23.4988650,-46.6544676,sao paulo,SP
02539,-23.4948169,-46.6581086,sao paulo,SP
02540,-23.4892970,-46.6561856,sao paulo,SP
02541,-23.4861557,-46.6556921,sao paulo,SP
02542,-23.4870130,-46.6586754,sao paulo,SP
02543,-23.4837878,-46.6611758,sao paulo,SP
02544,-23.4889272,-46.6609183,sao paulo,SP
02545,-23.4924209,-46.6626263,sao paulo,SP
02546,-23.5035730,-46.6667702,sao paulo,SP
02550,-23.5064755,-46.6713174,sao paulo,SP
02551,-23.5025821,-46.6692443,sao paulo,SP
02552,-23.5080301,-46.6611891,sao paulo,SP
02553,-23.4989784,-46.6663869,sao paulo,SP
02554,-23.4990542,-46.6688520,sao paulo,SP
02555,-23.4936851,-46.6661918,sao paulo,SP
02556,-23.4978902,-46.6694029,sao paulo,SP
02557,-23.4982964,-46.6727233,sao paulo,SP
02558,-23.4961102,-46.6746378,sao paulo,SP
02559,-23.4930542,-46.6724460,sao paulo,SP
02560,-23.4946861,-46.6711329,sao paulo,SP
02561,-23.4923524,-46.6749422,sao paulo,SP
02562,-23.4868660,-46.6737982,sao paulo,SP
02563,-23.4900417,-46.6689963,sao paulo,SP
02564,-23.4880549,-46.6687119,sao paulo,SP
02565,-23.4865741,-46.6683600,sao paulo,SP
02566,-23.4828367,-46.6688967,sao paulo,SP
02567,-23.4806673,-46.6682068,sao paulo,SP
02577,-23.4881830,-46.6789039,sao paulo,SP
02598,-23.5128577,-46.6710119,sao paulo,SP
02610,-23.4826311,-46.6594309,sao paulo,SP
02611,-23.4677903,-46.6482063,sao paulo,SP
02612,-23.4727005,-46.6637578,sao paulo,SP
02613,-23.4787472,-46.6625699,sao paulo,SP
02614,-23.4723346,-46.6565784,sao paulo,SP
02615,-23.4715249,-46.6541913,sao paulo,SP
02616,-23.4691907,-46.6545735,sao paulo,SP
02617,-23.4663817,-46.6586827,sao paulo,SP
02618,-23.4683915,-46.6499801,sao paulo,SP
02630,-23.4637751,-46.6414333,sao paulo,SP
02631,-23.4590279,-46.6456558,sao paulo,SP
02632,-23.4645087,-46.6492073,sao paulo,SP
02633,-23.4616932,-46.6517366,sao paulo,SP
02634,-23.4576334,-46.6504041,sao paulo,SP
02635,-23.4564966,-46.6443921,sao paulo,SP
02636,-23.4533377,-46.6451040,sao paulo,SP
02637,-23.4547373,-46.6489830,sao paulo,SP
02643,-23.4680988,-46.6503781,sao paulo,SP
02649,-23.4606458,-46.6625587,sao paulo,SP
02650,-23.4615681,-46.6567981,sao paulo,SP
02651,-23.4608894,-46.6588590,sao paulo,SP
02652,-23.4576363,-46.6566805,sao paulo,SP
02653,-23.4534318,-46.6583750,são paulo,SP
02670,-23.4658281,-46.6642845,sao paulo,SP
02671,-23.4673980,-46.6638777,sao paulo,SP
02672,-23.4598654,-46.6664221,sao paulo,SP
02673,-23.4624427,-46.6712220,sao paulo,SP
02674,-23.4600926,-46.6684234,sao paulo,SP
02675,-23.4568467,-46.6709061,sao paulo,SP
02676,-23.4562028,-46.6710431,sao paulo,SP
02677,-23.4543220,-46.6655361,sao paulo,SP
02678,-23.4550534,-46.6616808,sao paulo,SP
02679,-23.4568710,-46.6648475,sao paulo,SP
02680,-23.4513523,-46.6675044,sao paulo,SP
02701,-23.5118346,-46.6787721,sao paulo,SP
02710,-23.5081334,-46.6737885,sao paulo,SP
02712,-23.5058494,-46.6783884,sao paulo,SP
02713,-23.5066315,-46.6849005,sao paulo,SP
02714,-23.5061042,-46.6871294,sao paulo,SP
02715,-23.5042317,-46.6821264,sao paulo,SP
02716,-23.4946490,-46.6850371,sao paulo,SP
02717,-23.4919976,-46.6846699,sao paulo,SP
02720,-23.4929928,-46.6741616,sao paulo,SP
02721,-23.4967077,-46.6746327,sao paulo,SP
02722,-23.5008405,-46.6783355,sao paulo,SP
02723,-23.4998791,-46.6800302,sao paulo,SP
02724,-23.4976510,-46.6817323,sao paulo,SP
02725,-23.4994017,-46.6823938,sao paulo,SP
02726,-23.5003476,-46.6871321,sao paulo,SP
02727,-23.4968286,-46.6857834,sao paulo,SP
02728,-23.4958251,-46.6881599,sao paulo,SP
02729,-23.5032402,-46.6903384,sao paulo,SP
02730,-23.4977966,-46.6907990,sao paulo,SP
02731,-23.4980593,-46.6924244,sao paulo,SP
02732,-23.5000283,-46.6954548,sao paulo,SP
02733,-23.4953811,-46.6951463,sao paulo,SP
02734,-23.4909693,-46.6940809,sao paulo,SP
02735,-23.4926905,-46.6935821,sao paulo,SP
02736,-23.4901161,-46.6910699,sao paulo,SP
02737,-23.4877326,-46.6901820,sao paulo,SP
02738,-23.4913656,-46.6886275,sao paulo,SP
02739,-23.4793985,-46.6810719,sao paulo,SP
02750,-23.4933030,-46.6806377,sao paulo,SP
02751,-23.4909003,-46.6821277,sao paulo,SP
02752,-23.4941968,-46.6829306,sao paulo,SP
02753,-23.4907050,-46.6844723,sao paulo,SP
02754,-23.4904126,-46.6776944,sao paulo,SP
02755,-23.4880029,-46.6797296,sao paulo,SP
02756,-23.4860220,-46.6775618,sao paulo,SP
02757,-23.4866145,-46.6852507,sao paulo,SP
02758,-23.4848681,-46.6843113,sao paulo,SP
02759,-23.4840232,-46.6830566,sao paulo,SP
02760,-23.4806033,-46.6807498,sao paulo,SP
02762,-23.4825301,-46.6753273,sao paulo,SP
02763,-23.4790377,-46.6758372,sao paulo,SP
02764,-23.4797017,-46.6777339,sao paulo,SP
02765,-23.4766548,-46.6736676,sao paulo,SP
02801,-23.4835174,-46.7005131,sao paulo,SP
02802,-23.4855282,-46.6954338,sao paulo,SP
02803,-23.4866851,-46.6937095,sao paulo,SP
02804,-23.4838947,-46.6977596,sao paulo,SP
02805,-23.4790091,-46.6978103,sao paulo,SP
02806,-23.4734904,-46.6989501,sao paulo,SP
02807,-23.4736110,-46.7007287,sao paulo,SP
02808,-23.4687193,-46.7029162,sao paulo,SP
02809,-23.4718949,-46.7035816,sao paulo,SP
02810,-23.4504380,-46.7152012,sao paulo,SP
02811,-23.4760447,-46.7027993,sao paulo,SP
02812,-23.4812180,-46.6977333,sao paulo,SP
02813,-23.4506733,-46.7118187,sao paulo,SP
02814,-23.4579841,-46.7078767,sao paulo,SP
02815,-23.4450108,-46.7145890,sao paulo,SP
02816,-23.4613285,-46.7064630,sao paulo,SP
02817,-23.4632298,-46.7024409,sao paulo,SP
02820,-23.4527931,-46.7089859,sao paulo,SP
02829,-23.4950572,-46.7026006,sao paulo,SP
02831,-23.4781751,-46.6917234,sao paulo,SP
02832,-23.4811830,-46.6937103,sao paulo,SP
02833,-23.4780838,-46.6925745,sao paulo,SP
02834,-23.4753993,-46.6928337,sao paulo,SP
02835,-23.4715100,-46.6945517,sao paulo,SP
02836,-23.4724161,-46.6967078,sao paulo,SP
02837,-23.4642549,-46.6994612,sao paulo,SP
02839,-23.4774706,-46.6829303,sao paulo,SP
02840,-23.4821997,-46.6895878,sao paulo,SP
02841,-23.4799158,-46.6865218,sao paulo,SP
02842,-23.4751703,-46.6873846,sao paulo,SP
02844,-23.4716256,-46.6876217,sao paulo,SP
02845,-23.4681667,-46.6924167,sao paulo,SP
02846,-23.4623937,-46.6976526,sao paulo,SP
02847,-23.4646311,-46.6916896,sao paulo,SP
02848,-23.4637875,-46.6898430,sao paulo,SP
02849,-23.4639536,-46.6873455,sao paulo,SP
02850,-23.4665463,-46.6734899,sao paulo,SP
02851,-23.4595662,-46.6913768,sao paulo,SP
02853,-23.4574133,-46.6950510,sao paulo,SP
02854,-23.4565448,-46.6975407,sao paulo,SP
02855,-23.4561600,-46.7006865,sao paulo,SP
02856,-23.4639758,-46.6797533,sao paulo,SP
02857,-23.6139041,-46.7379715,sao paulo,SP
02858,-23.4463383,-46.7025817,sao paulo,SP
02859,-23.4543841,-46.7024386,sao paulo,SP
02860,-23.4604330,-46.6860352,sao paulo,SP
02861,-23.4713389,-46.6719132,sao paulo,SP
02862,-23.4750225,-46.6801861,sao paulo,SP
02863,-23.4736199,-46.6744824,sao paulo,SP
02864,-23.4723811,-46.6816678,sao paulo,SP
02865,-23.4745884,-46.6769361,sao paulo,SP
02866,-23.4676821,-46.6808768,sao paulo,SP
02867,-23.4692004,-46.6834441,sao paulo,SP
02870,-23.4613838,-46.6773140,sao paulo,SP
02871,-23.4628070,-46.6753670,sao paulo,SP
02872,-23.4623789,-46.6716533,sao paulo,SP
02873,-23.4570694,-46.6824062,sao paulo,SP
02874,-23.4625646,-46.6764253,sao paulo,SP
02875,-23.4615570,-46.6819359,sao paulo,SP
02876,-23.4591172,-46.6926087,sao paulo,SP
02877,-23.4593642,-46.6832200,sao paulo,SP
02878,-23.4520346,-46.6870714,sao paulo,SP
02879,-23.4489301,-46.6977317,sao paulo,SP
02880,-23.4666806,-46.6722269,sao paulo,SP
02881,-23.4666162,-46.6750124,sao paulo,SP
02882,-23.4706195,-46.6680889,sao paulo,SP
02883,-23.4464611,-46.7014893,sao paulo,SP
02888,-23.4659315,-46.6748535,sao paulo,SP
02908,-23.5020141,-46.7001937,sao paulo,SP
02909,-23.5071326,-46.6989103,sao paulo,SP
02910,-23.5052165,-46.6993960,sao paulo,SP
02911,-23.5040124,-46.7020685,sao paulo,SP
02912,-23.5054589,-46.7085206,sao paulo,SP
02913,-23.5034593,-46.7128787,sao paulo,SP
02914,-23.5032360,-46.7095498,sao paulo,SP
02915,-23.4980156,-46.7078553,sao paulo,SP
02916,-23.4942522,-46.7138803,sao paulo,SP
02917,-23.4979573,-46.7131151,sao paulo,SP
02918,-23.4958548,-46.7168517,sao paulo,SP
02919,-23.4993438,-46.7144163,sao paulo,SP
02920,-23.4902020,-46.7213608,sao paulo,SP
02921,-23.4886596,-46.7238476,sao paulo,SP
02924,-23.4994792,-46.7074342,sao paulo,SP
02925,-23.5019468,-46.6985002,sao paulo,SP
02926,-23.4999763,-46.7015611,sao paulo,SP
02927,-23.4977397,-46.7037837,sao paulo,SP
02928,-23.5088616,-46.6811272,sao paulo,SP
02929,-23.4926879,-46.7063379,sao paulo,SP
02930,-23.4908309,-46.7079563,sao paulo,SP
02931,-23.4973142,-46.7096085,sao paulo,SP
02932,-23.4908351,-46.7114379,sao paulo,SP
02933,-23.4929689,-46.7128421,sao paulo,SP
02934,-23.4868040,-46.7053000,sao paulo,SP
02935,-23.4889321,-46.7166614,sao paulo,SP
02936,-23.4859830,-46.7179455,sao paulo,SP
02937,-23.4849677,-46.7209259,sao paulo,SP
02938,-23.4588355,-46.7221110,sao paulo,SP
02939,-23.4832276,-46.7299101,sao paulo,SP
02940,-23.4802426,-46.7238327,sao paulo,SP
02941,-23.4788029,-46.7227247,sao paulo,SP
02942,-23.4760884,-46.7225878,sao paulo,SP
02943,-23.4767413,-46.7249937,sao paulo,SP
02944,-23.4753425,-46.7260702,sao paulo,SP
02945,-23.4836954,-46.7266792,sao paulo,SP
02950,-23.4784996,-46.7191303,sao paulo,SP
02951,-23.4736705,-46.7221375,sao paulo,SP
02952,-23.4726460,-46.7134652,sao paulo,SP
02955,-23.4681751,-46.7202534,sao paulo,SP
02956,-23.4686600,-46.7225410,sao paulo,SP
02957,-23.4669415,-46.7224441,sao paulo,SP
02959,-23.4924846,-46.7001287,sao paulo,SP
02960,-23.4952144,-46.7010913,sao paulo,SP
02961,-23.4924912,-46.6996383,sao paulo,SP
02962,-23.4894191,-46.7023217,sao paulo,SP
02963,-23.5048689,-46.6826022,sao paulo,SP
02964,-23.4855261,-46.7056034,sao paulo,SP
02965,-23.4837185,-46.7047012,sao paulo,SP
02966,-23.4712698,-46.7095614,sao paulo,SP
02967,-23.4809847,-46.7042163,sao paulo,SP
02968,-23.4793236,-46.7076747,sao paulo,SP
02969,-23.4920588,-46.7106280,sao paulo,SP
02970,-23.4828193,-46.7149317,sao paulo,SP
02971,-23.4848820,-46.7083213,sao paulo,SP
02972,-23.4811580,-46.7105363,sao paulo,SP
02975,-23.4781309,-46.7113625,sao paulo,SP
02976,-23.4761421,-46.7157892,sao paulo,SP
02977,-23.4707771,-46.7144312,sao paulo,SP
02978,-23.4736150,-46.7068232,sao paulo,SP
02979,-23.4760229,-46.6980785,sao paulo,SP
02981,-23.4600002,-46.7172473,sao paulo,SP
02982,-23.4543194,-46.7158681,sao paulo,SP
02983,-23.4521561,-46.7188059,sao paulo,SP
02984,-23.4450014,-46.7205532,sao paulo,SP
02985,-23.4420084,-46.7193667,sao paulo,SP
02986,-23.4339952,-46.7144791,sao paulo,SP
02987,-23.4351051,-46.7053474,sao paulo,SP
02988,-23.6084435,-46.7403715,são paulo,SP
02989,-23.4337624,-46.7209579,sao paulo,SP
02990,-23.4447998,-46.7275826,sao paulo,SP
02991,-23.4366751,-46.7272964,sao paulo,SP
02992,-23.4488207,-46.7287636,sao paulo,SP
02993,-23.4539617,-46.7318840,sao paulo,SP
02994,-23.4571496,-46.7348436,sao paulo,SP
02995,-23.4442717,-46.7389887,sao paulo,SP
02996,-23.4417685,-46.7396267,sao paulo,SP
02997,-23.5352707,-46.6806513,sao paulo,SP
02998,-23.4434982,-46.7277570,sao paulo,SP
03001,-23.5417345,-46.6146603,sao paulo,SP
03002,-23.5449764,-46.6202938,sao paulo,SP
03003,-23.5454396,-46.6237068,sao paulo,SP
03004,-23.5439584,-46.6216583,sao paulo,SP
03005,-23.5426871,-46.6247746,sao paulo,SP
03006,-23.5418122,-46.6245503,sao paulo,SP
03007,-23.5411609,-46.6264309,sao paulo,SP
03008,-23.5425809,-46.6204712,sao paulo,SP
03009,-23.5361749,-46.6205554,sao paulo,SP
03010,-23.5370020,-46.6186121,sao paulo,SP
03011,-23.5382590,-46.6151084,sao paulo,SP
03012,-23.5408096,-46.6154213,sao paulo,SP
03013,-23.5353162,-46.6143129,sao paulo,SP
03014,-23.5384748,-46.6020338,sao paulo,SP
03015,-23.5374346,-46.5959545,sao paulo,SP
03016,-23.5370649,-46.6150821,sao paulo,SP
03017,-23.5366031,-46.6109396,sao paulo,SP
03018,-23.5323025,-46.6113443,sao paulo,SP
03019,-23.5334225,-46.6049770,sao paulo,SP
03020,-23.5333173,-46.6021035,sao paulo,SP
03021,-23.5310120,-46.6008103,sao paulo,SP
03022,-23.5259117,-46.6048787,sao paulo,SP
03023,-23.5323384,-46.6108053,sao paulo,SP
03024,-23.5304448,-46.6094811,sao paulo,SP
03025,-23.5351038,-46.6096259,sao paulo,SP
03026,-23.5313642,-46.6111319,sao paulo,SP
03027,-23.5341851,-46.6136813,sao paulo,SP
03028,-23.5272590,-46.6114946,sao paulo,SP
03029,-23.5298246,-46.6181736,sao paulo,SP
03030,-23.5267624,-46.6183788,sao paulo,SP
03031,-23.5318568,-46.6206420,sao paulo,SP
03032,-23.5311061,-46.6216307,sao paulo,SP
03033,-23.5295591,-46.6241657,sao paulo,SP
03034,-23.5229698,-46.6174068,sao paulo,SP
03035,-23.5255807,-46.6146609,sao paulo,SP
03036,-23.5196492,-46.6185987,são paulo,SP
03040,-23.5499237,-46.6230310,sao paulo,SP
03041,-23.5492367,-46.6199484,sao paulo,SP
03042,-23.5487335,-46.6184487,sao paulo,SP
03043,-23.5472542,-46.6171227,sao paulo,SP
03044,-23.5516921,-46.6209077,sao paulo,SP
03045,-23.5428291,-46.6025244,sao paulo,SP
03046,-23.5443425,-46.6156199,sao paulo,SP
03047,-23.5420645,-46.6056756,sao paulo,SP
03050,-23.5440979,-46.6127086,sao paulo,SP
03051,-23.5453874,-46.6084144,sao paulo,SP
03052,-23.5407354,-46.6071457,sao paulo,SP
03053,-23.5441802,-46.6070789,sao paulo,SP
03054,-23.5423134,-46.6037555,sao paulo,SP
03055,-23.5405825,-46.5993901,sao paulo,SP
03057,-23.5411838,-46.5968440,sao paulo,SP
03058,-23.5390781,-46.5906027,sao paulo,SP
03059,-23.5401719,-46.5916878,sao paulo,SP
03060,-23.5384327,-46.5869938,sao paulo,SP
03061,-23.5402629,-46.5849546,sao paulo,SP
03062,-23.5410843,-46.5894294,sao paulo,SP
03063,-23.5324383,-46.5643203,sao paulo,SP
03064,-23.5333090,-46.5697584,sao paulo,SP
03065,-23.5373714,-46.5789483,sao paulo,SP
03066,-23.5373936,-46.5767472,sao paulo,SP
03067,-23.5377596,-46.5734274,sao paulo,SP
03068,-23.5366980,-46.5680900,sao paulo,SP
03069,-23.5354193,-46.5653911,sao paulo,SP
03070,-23.5383670,-46.5691183,sao paulo,SP
03071,-23.5340176,-46.5615203,sao paulo,SP
03072,-23.5344350,-46.5569990,sao paulo,SP
03073,-23.5317556,-46.5557445,sao paulo,SP
03074,-23.5222312,-46.5646492,sao paulo,SP
03076,-23.5378324,-46.5820480,sao paulo,SP
03077,-23.5316809,-46.5807021,sao paulo,SP
03080,-23.5329065,-46.5784975,sao paulo,SP
03081,-23.5316360,-46.5754871,sao paulo,SP
03084,-23.5334742,-46.5709279,sao paulo,SP
03085,-23.5330755,-46.5685328,sao paulo,SP
03086,-23.5302526,-46.5671105,sao paulo,SP
03087,-23.5303956,-46.5659724,sao paulo,SP
03088,-23.5269010,-46.5618644,sao paulo,SP
03089,-23.5310165,-46.5610166,sao paulo,SP
03090,-23.5284238,-46.5578541,sao paulo,SP
03101,-23.5521987,-46.6107551,sao paulo,SP
03102,-23.5503230,-46.6136684,sao paulo,SP
03103,-23.5543714,-46.6105923,sao paulo,SP
03104,-23.5542452,-46.6145402,sao paulo,SP
03105,-23.5557454,-46.6191939,sao paulo,SP
03106,-23.5562841,-46.6163665,sao paulo,SP
03107,-23.5638864,-46.6078671,sao paulo,SP
03108,-23.5654386,-46.6087255,sao paulo,SP
03109,-23.5751106,-46.5976772,sao paulo,SP
03110,-23.5576061,-46.6071959,sao paulo,SP
03111,-23.5601827,-46.6043930,sao paulo,SP
03112,-23.5565132,-46.6020478,sao paulo,SP
03113,-23.5614574,-46.6023539,sao paulo,SP
03114,-23.5642438,-46.5958888,sao paulo,SP
03115,-23.5644255,-46.5944384,sao paulo,SP
03116,-23.5674533,-46.5869605,sao paulo,SP
03117,-23.5607468,-46.5933755,sao paulo,SP
03118,-23.5617677,-46.5948834,sao paulo,SP
03119,-23.5635205,-46.5944180,sao paulo,SP
03120,-23.5610294,-46.5974365,sao paulo,SP
03121,-23.5632701,-46.5994039,sao paulo,SP
03122,-23.5681877,-46.5947537,sao paulo,SP
03123,-23.5725619,-46.5941439,sao paulo,SP
03124,-23.5709968,-46.5909666,sao paulo,SP
03125,-23.5769143,-46.5912006,sao paulo,SP
03126,-23.5803953,-46.5913264,sao paulo,SP
03127,-23.5778932,-46.5881613,sao paulo,SP
03128,-23.5730641,-46.5846351,sao paulo,SP
03129,-23.5784726,-46.5821375,sao paulo,SP
03130,-23.5801004,-46.5836406,sao paulo,SP
03131,-23.5788730,-46.5796287,sao paulo,SP
03132,-23.5822647,-46.5822378,sao paulo,SP
03133,-23.5962402,-46.5776092,sao paulo,SP
03134,-23.5847616,-46.5843720,sao paulo,SP
03135,-23.5788957,-46.5809112,sao paulo,SP
03136,-23.5793563,-46.5787697,sao paulo,SP
03137,-23.5800712,-46.5762126,sao paulo,SP
03138,-23.5874192,-46.5814353,sao paulo,SP
03139,-23.5861253,-46.5781042,sao paulo,SP
03140,-23.5862117,-46.5767712,sao paulo,SP
03141,-23.5884572,-46.5745522,sao paulo,SP
03142,-23.5905953,-46.5773016,sao paulo,SP
03143,-23.5902099,-46.5778336,sao paulo,SP
03144,-23.5945038,-46.5722458,sao paulo,SP
03145,-23.5916531,-46.5723907,sao paulo,SP
03146,-23.5931324,-46.5768618,sao paulo,SP
03147,-23.5951209,-46.5733468,sao paulo,SP
03149,-23.5769829,-46.5871613,sao paulo,SP
03150,-23.5858708,-46.5879227,sao paulo,SP
03151,-23.5872836,-46.5862366,sao paulo,SP
03152,-23.5925524,-46.5818159,sao paulo,SP
03153,-23.5968957,-46.5806193,sao paulo,SP
03154,-23.5829196,-46.5667493,sao paulo,SP
03155,-23.5811558,-46.5712979,sao paulo,SP
03156,-23.5808537,-46.5681712,sao paulo,SP
03157,-23.5771523,-46.5713007,sao paulo,SP
03158,-23.5757642,-46.5667195,sao paulo,SP
03159,-23.5788418,-46.5691819,sao paulo,SP
03160,-23.5787377,-46.5646669,sao paulo,SP
03161,-23.5772769,-46.5633862,sao paulo,SP
03162,-23.5513278,-46.6036023,sao paulo,SP
03163,-23.5459859,-46.5959380,sao paulo,SP
03164,-23.5483761,-46.6092367,sao paulo,SP
03165,-23.5599966,-46.5859735,sao paulo,SP
03166,-23.5492988,-46.5956038,sao paulo,SP
03167,-23.5557449,-46.5946079,sao paulo,SP
03168,-23.5543979,-46.5956896,sao paulo,SP
03169,-23.5529152,-46.5939765,sao paulo,SP
03170,-23.5509022,-46.5923407,sao paulo,SP
03171,-23.5507030,-46.5904347,sao paulo,SP
03172,-23.5527027,-46.5853281,sao paulo,SP
03173,-23.5532935,-46.5842701,sao paulo,SP
03174,-23.5470722,-46.5890501,sao paulo,SP
03175,-23.5493680,-46.5844974,sao paulo,SP
03176,-23.5500079,-46.5878614,sao paulo,SP
03177,-23.5507331,-46.5862285,sao paulo,SP
03178,-23.5534700,-46.5877903,sao paulo,SP
03179,-23.5529186,-46.5814310,sao paulo,SP
03180,-23.5597136,-46.5877460,sao paulo,SP
03181,-23.5583712,-46.5821490,sao paulo,SP
03182,-23.5594376,-46.5914278,sao paulo,SP
03183,-23.5603569,-46.5908596,sao paulo,SP
03184,-23.5641782,-46.5866207,sao paulo,SP
03185,-23.5633844,-46.5830346,sao paulo,SP
03186,-23.5655617,-46.5816387,sao paulo,SP
03187,-23.5611333,-46.5789178,sao paulo,SP
03188,-23.5626320,-46.5783447,sao paulo,SP
03189,-23.5694697,-46.5778336,sao paulo,SP
03190,-23.5645169,-46.5738800,sao paulo,SP
03191,-23.5688015,-46.5717394,sao paulo,SP
03192,-23.5716606,-46.5775499,sao paulo,SP
03193,-23.5741548,-46.5764550,sao paulo,SP
03194,-23.5678899,-46.5739482,são paulo,SP
03195,-23.5704584,-46.5820272,sao paulo,SP
03201,-23.5986861,-46.5740034,sao paulo,SP
03202,-23.6007273,-46.5701792,sao paulo,SP
03203,-23.5938644,-46.5734766,sao paulo,SP
03204,-23.5954986,-46.5597270,sao paulo,SP
03205,-23.6027555,-46.5669250,sao paulo,SP
03206,-23.5986918,-46.5624832,sao paulo,SP
03207,-23.6006637,-46.5626415,sao paulo,SP
03208,-23.5993718,-46.5579200,sao paulo,SP
03209,-23.6012512,-46.5589489,sao paulo,SP
03210,-23.6006268,-46.5495309,sao paulo,SP
03211,-23.6010921,-46.5536963,sao paulo,SP
03212,-23.6042964,-46.5602151,sao paulo,SP
03213,-23.6063614,-46.5609479,sao paulo,SP
03214,-23.6080667,-46.5614833,sao paulo,SP
03215,-23.6074341,-46.5568256,sao paulo,SP
03216,-23.6084786,-46.5561949,sao paulo,SP
03220,-23.6045336,-46.5284216,sao paulo,SP
03221,-23.5963232,-46.5403948,sao paulo,SP
03222,-23.5852784,-46.5610943,sao paulo,SP
03223,-23.5898555,-46.5593519,sao paulo,SP
03224,-23.5904670,-46.5609891,sao paulo,SP
03225,-23.5849950,-46.5558839,sao paulo,SP
03226,-23.5918577,-46.5675228,sao paulo,SP
03227,-23.5863655,-46.5710790,sao paulo,SP
03231,-23.6508025,-46.6584994,são paulo,SP
03236,-23.5923681,-46.5533861,sao paulo,SP
03237,-23.5934549,-46.5523560,sao paulo,SP
03238,-23.5941564,-46.5493150,sao paulo,SP
03239,-23.5964639,-46.5466621,sao paulo,SP
03240,-23.5984026,-46.5473249,sao paulo,SP
03241,-23.6002526,-46.5465964,sao paulo,SP
03242,-23.5977401,-46.5437578,sao paulo,SP
03243,-23.5989878,-46.5419718,sao paulo,SP
03244,-23.6038327,-46.5408624,sao paulo,SP
03245,-23.6038738,-46.5354679,sao paulo,SP
03249,-23.5994891,-46.5334646,sao paulo,SP
03250,-23.6058298,-46.5317851,sao paulo,SP
03251,-23.6065018,-46.5372206,sao paulo,SP
03252,-23.6092472,-46.5423064,sao paulo,SP
03253,-23.6071109,-46.5311902,sao paulo,SP
03254,-23.6098367,-46.5311997,sao paulo,SP
03255,-23.6012817,-46.5257398,sao paulo,SP
03256,-23.6098565,-46.5296469,sao paulo,SP
03257,-23.6082768,-46.5267149,sao paulo,SP
03258,-23.6105813,-46.5264883,sao paulo,SP
03259,-23.6035609,-46.5217539,sao paulo,SP
03260,-23.6040575,-46.5180110,sao paulo,SP
03261,-23.5866644,-46.5518752,sao paulo,SP
03262,-23.5884036,-46.5499177,sao paulo,SP
03263,-23.5892387,-46.5478975,sao paulo,SP
03264,-23.5914944,-46.5447299,sao paulo,SP
03265,-23.5949404,-46.5411593,sao paulo,SP
03266,-23.5983863,-46.5367001,sao paulo,SP
03267,-23.6009084,-46.5292526,sao paulo,SP
03268,-23.5989344,-46.5263975,sao paulo,SP
03269,-23.5994140,-46.5244395,sao paulo,SP
03270,-23.6007617,-46.5209907,sao paulo,SP
03271,-23.6006074,-46.5178463,sao paulo,SP
03272,-23.6015262,-46.5146173,sao paulo,SP
03273,-23.5773469,-46.5599546,sao paulo,SP
03274,-23.5784962,-46.5572536,sao paulo,SP
03275,-23.5839871,-46.5413970,sao paulo,SP
03276,-23.5789844,-46.5472115,sao paulo,SP
03277,-23.5832251,-46.5464956,sao paulo,SP
03278,-23.5821711,-46.5440381,sao paulo,SP
03279,-23.5848734,-46.5414004,sao paulo,SP
03280,-23.5835512,-46.5373837,sao paulo,SP
03281,-23.5882658,-46.5430750,sao paulo,SP
03282,-23.5886143,-46.5439182,sao paulo,SP
03283,-23.5903178,-46.5392891,sao paulo,SP
03284,-23.5875037,-46.5368780,sao paulo,SP
03286,-23.5908174,-46.5352523,sao paulo,SP
03287,-23.5954980,-46.5331058,sao paulo,SP
03288,-23.5926486,-46.5319894,sao paulo,SP
03289,-23.5951443,-46.5292829,sao paulo,SP
03294,-23.5928575,-46.5365986,sao paulo,SP
03295,-23.5881778,-46.5447857,sao paulo,SP
03301,-23.5433021,-46.5828299,sao paulo,SP
03302,-23.5449647,-46.5896935,sao paulo,SP
03303,-23.5452034,-46.5876982,sao paulo,SP
03304,-23.5451479,-46.5781303,sao paulo,SP
03305,-23.5465617,-46.5768313,sao paulo,SP
03306,-23.5446517,-46.5757124,sao paulo,SP
03307,-23.5467241,-46.5740581,sao paulo,SP
03308,-23.5415475,-46.5719064,sao paulo,SP
03309,-23.5455521,-46.5674143,sao paulo,SP
03310,-23.5433816,-46.5668395,sao paulo,SP
03311,-23.5436764,-46.5640459,sao paulo,SP
03312,-23.5484681,-46.5583155,sao paulo,SP
03313,-23.5452801,-46.5583370,sao paulo,SP
03314,-23.5413204,-46.5660339,sao paulo,SP
03315,-23.5422138,-46.5684628,sao paulo,SP
03316,-23.5422758,-46.5663491,sao paulo,SP
03317,-23.5415470,-46.5606561,sao paulo,SP
03318,-23.5443769,-46.5653764,sao paulo,SP
03319,-23.5448173,-46.5621002,sao paulo,SP
03320,-23.5465304,-46.5653376,sao paulo,SP
03321,-23.5474383,-46.5647605,sao paulo,SP
03322,-23.5486892,-46.5655381,sao paulo,SP
03323,-23.5459189,-46.5724138,sao paulo,SP
03324,-23.5511719,-46.5658200,sao paulo,SP
03325,-23.5525159,-46.5569353,sao paulo,SP
03330,-23.5453847,-46.5853266,sao paulo,SP
03331,-23.5475823,-46.5829519,sao paulo,SP
03332,-23.5517860,-46.5751341,sao paulo,SP
03333,-23.5561906,-46.5691284,sao paulo,SP
03334,-23.5536600,-46.5722829,sao paulo,SP
03335,-23.5549382,-46.5684144,sao paulo,SP
03336,-23.5538598,-46.5630446,sao paulo,SP
03337,-23.5562082,-46.5618614,sao paulo,SP
03338,-23.5596972,-46.5605795,sao paulo,SP
03340,-23.5703422,-46.5511913,sao paulo,SP
03342,-23.5612332,-46.5637623,sao paulo,SP
03343,-23.5593384,-46.5709741,sao paulo,SP
03344,-23.5600263,-46.5734596,sao paulo,SP
03345,-23.5715770,-46.5636606,sao paulo,SP
03346,-23.5601826,-46.5713646,sao paulo,SP
03347,-23.5626898,-46.5667410,sao paulo,SP
03348,-23.5660552,-46.5623142,sao paulo,SP
03349,-23.5672641,-46.5628758,sao paulo,SP
03350,-23.5694684,-46.5659647,sao paulo,SP
03351,-23.5720928,-46.5642635,sao paulo,SP
03355,-23.5604437,-46.5534216,sao paulo,SP
03356,-23.5656533,-46.5455063,sao paulo,SP
03357,-23.5651228,-46.5551307,sao paulo,SP
03358,-23.5656892,-46.5503797,sao paulo,SP
03359,-23.5668215,-46.5486879,sao paulo,SP
03360,-23.5692841,-46.5435210,sao paulo,SP
03361,-23.5736575,-46.5299112,sao paulo,SP
03362,-23.5650528,-46.5430306,sao paulo,SP
03363,-23.5627565,-46.5391302,sao paulo,SP
03364,-23.5651577,-46.5378593,sao paulo,SP
03365,-23.5700201,-46.5371719,sao paulo,SP
03366,-23.5646296,-46.5342677,sao paulo,SP
03367,-23.5693471,-46.5347501,sao paulo,SP
03370,-23.5699218,-46.5593088,sao paulo,SP
03371,-23.5684680,-46.5528485,sao paulo,SP
03372,-23.5705570,-46.5558535,sao paulo,SP
03373,-23.5733520,-46.5529123,sao paulo,SP
03374,-23.5885224,-46.5312913,sao paulo,SP
03375,-23.5739973,-46.5487547,sao paulo,SP
03376,-23.5774097,-46.5428636,sao paulo,SP
03377,-23.5748882,-46.5427336,sao paulo,SP
03378,-23.5709806,-46.5392386,sao paulo,SP
03379,-23.5759407,-46.5375750,sao paulo,SP
03380,-23.5760676,-46.5325674,sao paulo,SP
03381,-23.5782861,-46.5332446,sao paulo,SP
03382,-23.5799981,-46.5312797,sao paulo,SP
03383,-23.5822563,-46.5306199,sao paulo,SP
03384,-23.5780574,-46.5227288,sao paulo,SP
03385,-23.5828405,-46.5253537,sao paulo,SP
03386,-23.5723812,-46.5506423,sao paulo,SP
03387,-23.5858432,-46.5293370,sao paulo,SP
03388,-23.5881343,-46.5297289,sao paulo,SP
03389,-23.5900282,-46.5279126,sao paulo,SP
03390,-23.5923868,-46.5258195,sao paulo,SP
03401,-23.5487761,-46.5547095,sao paulo,SP
03402,-23.5438327,-46.5457726,sao paulo,SP
03403,-23.5454992,-46.5429831,sao paulo,SP
03404,-23.5377527,-46.5540968,sao paulo,SP
03405,-23.5383620,-46.5489397,sao paulo,SP
03406,-23.5412050,-46.5455984,sao paulo,SP
03407,-23.5433881,-46.5509550,sao paulo,SP
03408,-23.5471020,-46.5532332,sao paulo,SP
03409,-23.5471862,-46.5507059,sao paulo,SP
03410,-23.5504618,-46.5514366,sao paulo,SP
03411,-23.5478199,-46.5475609,sao paulo,SP
03412,-23.5552229,-46.5510963,sao paulo,SP
03413,-23.5547094,-46.5478561,sao paulo,SP
03414,-23.5606123,-46.5486798,sao paulo,SP
03415,-23.5597407,-46.5451461,sao paulo,SP
03416,-23.5609813,-46.5493610,sao paulo,SP
03417,-23.5398992,-46.5474065,sao paulo,SP
03420,-23.5494294,-46.5457284,sao paulo,SP
03421,-23.5516113,-46.5451368,sao paulo,SP
03422,-23.5556842,-46.5441242,sao paulo,SP
03423,-23.5510387,-46.5414857,sao paulo,SP
03424,-23.5523852,-46.5407913,sao paulo,SP
03425,-23.5555446,-46.5398554,sao paulo,SP
03426,-23.5523364,-46.5368686,sao paulo,SP
03427,-23.5528091,-46.5365266,sao paulo,SP
03428,-23.5534684,-46.5384893,sao paulo,SP
03429,-23.5535463,-46.5361425,sao paulo,SP
03430,-23.5497296,-46.5377840,sao paulo,SP
03431,-23.5504724,-46.5388460,sao paulo,SP
03432,-23.5581095,-46.5366545,sao paulo,SP
03433,-23.5601388,-46.5341858,sao paulo,SP
03434,-23.5596334,-46.5328606,sao paulo,SP
03435,-23.5585811,-46.5308766,sao paulo,SP
03436,-23.5595137,-46.5314104,sao paulo,SP
03437,-23.5584953,-46.5291192,sao paulo,SP
03438,-23.5586896,-46.5271987,sao paulo,SP
03440,-23.5445429,-46.5436193,sao paulo,SP
03441,-23.5467633,-46.5367643,sao paulo,SP
03442,-23.5437883,-46.5399003,sao paulo,SP
03443,-23.5441161,-46.5359060,sao paulo,SP
03444,-23.5451183,-46.5344224,sao paulo,SP
03445,-23.5487682,-46.5287261,sao paulo,SP
03446,-23.5506157,-46.5291459,sao paulo,SP
03447,-23.5533898,-46.5252896,sao paulo,SP
03448,-23.5537255,-46.5227733,sao paulo,SP
03449,-23.5560515,-46.5226172,sao paulo,SP
03450,-23.5557878,-46.5184016,sao paulo,SP
03451,-23.5586435,-46.5192584,sao paulo,SP
03452,-23.5676378,-46.5106689,sao paulo,SP
03453,-23.5643751,-46.5142503,sao paulo,SP
03454,-23.5631854,-46.5124830,sao paulo,SP
03455,-23.5655682,-46.5096770,sao paulo,SP
03456,-23.5694470,-46.5065111,sao paulo,SP
03460,-23.5652315,-46.5177477,sao paulo,SP
03461,-23.5698825,-46.5255360,sao paulo,SP
03462,-23.5738448,-46.5277266,sao paulo,SP
03463,-23.5723133,-46.5307805,sao paulo,SP
03470,-23.5691128,-46.5222869,sao paulo,SP
03471,-23.5650956,-46.5185651,sao paulo,SP
03472,-23.5744091,-46.5220789,sao paulo,SP
03474,-23.5725257,-46.5148370,sao paulo,SP
03475,-23.5746933,-46.5162062,sao paulo,SP
03476,-23.5720794,-46.5114879,sao paulo,SP
03477,-23.5684999,-46.5118096,sao paulo,SP
03478,-23.5714853,-46.5134239,sao paulo,SP
03479,-23.5753869,-46.5081068,sao paulo,SP
03480,-23.5781716,-46.5073074,sao paulo,SP
03490,-23.5558701,-46.5165225,sao paulo,SP
03501,-23.5334483,-46.5402729,sao paulo,SP
03502,-23.5365282,-46.5423830,sao paulo,SP
03503,-23.5369420,-46.5417079,sao paulo,SP
03504,-23.5375554,-46.5382285,sao paulo,SP
03505,-23.5349613,-46.5385912,sao paulo,SP
03506,-23.5374732,-46.5357058,sao paulo,SP
03507,-23.5378393,-46.5386254,sao paulo,SP
03508,-23.5347400,-46.5329313,sao paulo,SP
03509,-23.5358935,-46.5290762,sao paulo,SP
03510,-23.5388054,-46.5308998,sao paulo,SP
03511,-23.5349212,-46.5271638,sao paulo,SP
03512,-23.5390404,-46.5266128,sao paulo,SP
03513,-23.5358370,-46.5231086,sao paulo,SP
03514,-23.5337980,-46.5178727,sao paulo,SP
03515,-23.5397626,-46.5315285,sao paulo,SP
03516,-23.5415428,-46.5246321,sao paulo,SP
03517,-23.5437287,-46.5282420,sao paulo,SP
03518,-23.5445434,-46.5242720,sao paulo,SP
03519,-23.5467885,-46.5231051,sao paulo,SP
03520,-23.5470674,-46.5216444,sao paulo,SP
03521,-23.5475838,-46.5185340,sao paulo,SP
03522,-23.5479091,-46.5189176,sao paulo,SP
03523,-23.5499661,-46.5163995,sao paulo,SP
03524,-23.5485153,-46.5142351,sao paulo,SP
03525,-23.5485336,-46.5183702,sao paulo,SP
03526,-23.5525399,-46.5014917,sao paulo,SP
03527,-23.5451216,-46.5293475,sao paulo,SP
03530,-23.5388075,-46.5201216,sao paulo,SP
03531,-23.5411680,-46.5184121,sao paulo,SP
03532,-23.5420318,-46.5158661,sao paulo,SP
03533,-23.5445596,-46.5168051,sao paulo,SP
03534,-23.5459919,-46.5097076,sao paulo,SP
03535,-23.5452012,-46.5058185,sao paulo,SP
03540,-23.5350832,-46.4995283,sao paulo,SP
03541,-23.5349668,-46.5180134,sao paulo,SP
03542,-23.5310395,-46.5158326,sao paulo,SP
03543,-23.5350072,-46.5149038,sao paulo,SP
03544,-23.5316742,-46.5113549,sao paulo,SP
03545,-23.5326380,-46.5122407,sao paulo,SP
03546,-23.5358069,-46.5096000,sao paulo,SP
03547,-23.5383421,-46.5125706,sao paulo,SP
03548,-23.5408009,-46.5117786,sao paulo,SP
03550,-23.5312345,-46.5069151,sao paulo,SP
03551,-23.5332036,-46.5034197,sao paulo,SP
03552,-23.5355676,-46.5042098,sao paulo,SP
03553,-23.5342217,-46.5068572,sao paulo,SP
03554,-23.5380488,-46.5065204,sao paulo,SP
03555,-23.5385184,-46.4987581,sao paulo,SP
03556,-23.5398391,-46.5006612,sao paulo,SP
03557,-23.5415183,-46.5049073,sao paulo,SP
03558,-23.5439599,-46.5020659,sao paulo,SP
03559,-23.5465314,-46.5022430,sao paulo,SP
03560,-23.5476100,-46.4997765,sao paulo,SP
03561,-23.5477368,-46.4949962,sao paulo,SP
03562,-23.5448529,-46.4967242,sao paulo,SP
03563,-23.5464813,-46.4918907,sao paulo,SP
03564,-23.5351685,-46.4972678,sao paulo,SP
03565,-23.5386239,-46.4944792,sao paulo,SP
03566,-23.5403494,-46.4971203,sao paulo,SP
03567,-23.5398958,-46.4896253,sao paulo,SP
03568,-23.5420008,-46.4848433,sao paulo,SP
03569,-23.5431502,-46.4901013,sao paulo,SP
03570,-23.5662324,-46.4872926,sao paulo,SP
03571,-23.5694325,-46.4859603,sao paulo,SP
03572,-23.5748360,-46.4968088,sao paulo,SP
03573,-23.5591313,-46.5088411,sao paulo,SP
03574,-23.5548552,-46.5120903,sao paulo,SP
03575,-23.5562967,-46.5074160,sao paulo,SP
03576,-23.5524654,-46.5081794,sao paulo,SP
03577,-23.5531564,-46.5030803,sao paulo,SP
03578,-23.5584280,-46.5048267,sao paulo,SP
03579,-23.5633731,-46.4959890,sao paulo,SP
03580,-23.5532984,-46.4999244,sao paulo,SP
03581,-23.5558100,-46.4996379,sao paulo,SP
03582,-23.5573637,-46.4977360,sao paulo,SP
03583,-23.5580416,-46.4941886,sao paulo,SP
03584,-23.5602774,-46.4866430,sao paulo,SP
03585,-23.5657700,-46.4917857,sao paulo,SP
03586,-23.5562207,-46.4890394,sao paulo,SP
03587,-23.5561505,-46.4874194,sao paulo,SP
03588,-23.5582510,-46.4870924,sao paulo,SP
03589,-23.5516685,-46.4865088,sao paulo,SP
03590,-23.5465535,-46.4834074,sao paulo,SP
03591,-23.5504707,-46.4801714,sao paulo,SP
03601,-23.5145585,-46.5210895,sao paulo,SP
03602,-23.5322381,-46.5722639,sao paulo,SP
03603,-23.5242055,-46.5500753,sao paulo,SP
03604,-23.5237173,-46.5506210,sao paulo,SP
03605,-23.5214568,-46.5498094,sao paulo,SP
03606,-23.5225692,-46.5475610,sao paulo,SP
03607,-23.5198083,-46.5420223,sao paulo,SP
03608,-23.5167789,-46.5431458,sao paulo,SP
03609,-23.5160319,-46.5418071,sao paulo,SP
03610,-23.5199545,-46.5396008,sao paulo,SP
03611,-23.5195576,-46.5376830,sao paulo,SP
03612,-23.5174996,-46.5357429,sao paulo,SP
03613,-23.5191932,-46.5336325,sao paulo,SP
03614,-23.5176625,-46.5316982,sao paulo,SP
03615,-23.5182897,-46.5299383,sao paulo,SP
03616,-23.5180201,-46.5276969,sao paulo,SP
03617,-23.5180886,-46.5255038,sao paulo,SP
03618,-23.5160094,-46.5219519,sao paulo,SP
03619,-23.5132341,-46.5147579,sao paulo,SP
03620,-23.5199563,-46.5242052,sao paulo,SP
03621,-23.5198940,-46.5221403,sao paulo,SP
03622,-23.5204520,-46.5190460,sao paulo,SP
03623,-23.5187067,-46.5163124,sao paulo,SP
03624,-23.5149099,-46.5151266,sao paulo,SP
03625,-23.5159369,-46.5117919,sao paulo,SP
03626,-23.5131776,-46.5096299,sao paulo,SP
03627,-23.5117557,-46.5057784,sao paulo,SP
03630,-23.5326609,-46.5500083,sao paulo,SP
03631,-23.5304921,-46.5510094,sao paulo,SP
03632,-23.5279821,-46.5497798,sao paulo,SP
03633,-23.5295786,-46.5459515,sao paulo,SP
03634,-23.5251229,-46.5471075,sao paulo,SP
03635,-23.5173104,-46.5197812,sao paulo,SP
03636,-23.5223406,-46.5286671,sao paulo,SP
03637,-23.5250416,-46.5435252,sao paulo,SP
03638,-23.5282382,-46.5415297,sao paulo,SP
03639,-23.5258538,-46.5402823,sao paulo,SP
03640,-23.5311813,-46.5413749,sao paulo,SP
03641,-23.5238973,-46.5449925,sao paulo,SP
03642,-23.5264036,-46.5356396,sao paulo,SP
03643,-23.5278584,-46.5342430,sao paulo,SP
03644,-23.5260086,-46.5334430,sao paulo,SP
03645,-23.5250554,-46.5317655,sao paulo,SP
03646,-23.5254712,-46.5296150,sao paulo,SP
03647,-23.5259578,-46.5276352,sao paulo,SP
03648,-23.5248657,-46.5272764,sao paulo,SP
03649,-23.5274288,-46.5238821,sao paulo,SP
03650,-23.5271979,-46.5231364,sao paulo,SP
03651,-23.5267378,-46.5198604,sao paulo,SP
03652,-23.5144913,-46.5058375,sao paulo,SP
03653,-23.5176464,-46.5106991,sao paulo,SP
03654,-23.5252194,-46.5170287,sao paulo,SP
03655,-23.5254288,-46.5138063,sao paulo,SP
03656,-23.5256066,-46.5098204,sao paulo,SP
03657,-23.5276335,-46.5040041,sao paulo,SP
03658,-23.5281399,-46.5006637,sao paulo,SP
03659,-23.5215400,-46.5113990,sao paulo,SP
03660,-23.5222525,-46.5071813,sao paulo,SP
03661,-23.5240696,-46.5025278,sao paulo,SP
03662,-23.5227285,-46.5000334,sao paulo,SP
03663,-23.5246884,-46.5005760,sao paulo,SP
03664,-23.5254432,-46.4984199,sao paulo,SP
03665,-23.5268013,-46.4967907,sao paulo,SP
03666,-23.5286699,-46.4956648,sao paulo,SP
03667,-23.5313069,-46.4947946,sao paulo,SP
03668,-23.5335031,-46.4896896,sao paulo,SP
03669,-23.5316578,-46.4913835,sao paulo,SP
03670,-23.5171979,-46.5066320,sao paulo,SP
03671,-23.5173505,-46.5031487,sao paulo,SP
03672,-23.5161875,-46.5026945,sao paulo,SP
03673,-23.5147679,-46.5025078,sao paulo,SP
03674,-23.5185817,-46.4996557,sao paulo,SP
03675,-23.5191701,-46.4973118,sao paulo,SP
03676,-23.5182965,-46.4934510,sao paulo,SP
03677,-23.5248735,-46.5060749,sao paulo,SP
03678,-23.5174949,-46.4898760,sao paulo,SP
03679,-23.5196651,-46.4891223,sao paulo,SP
03680,-23.5235129,-46.4893214,sao paulo,SP
03681,-23.5222847,-46.4865799,sao paulo,SP
03682,-23.5194335,-46.4824239,sao paulo,SP
03683,-23.5219200,-46.4823018,sao paulo,SP
03685,-23.5241449,-46.4784027,sao paulo,SP
03687,-23.5264819,-46.4863954,sao paulo,SP
03688,-23.5279523,-46.4840535,sao paulo,SP
03689,-23.5294962,-46.4815966,sao paulo,SP
03690,-23.5284598,-46.4783160,sao paulo,SP
03691,-23.5341311,-46.4834528,sao paulo,SP
03692,-23.5333155,-46.4802636,sao paulo,SP
03693,-23.5317864,-46.4766810,sao paulo,SP
03694,-23.5320713,-46.4763326,sao paulo,SP
03695,-23.5246736,-46.4953913,sao paulo,SP
03701,-23.5134974,-46.5502445,sao paulo,SP
03702,-23.5159779,-46.5473719,sao paulo,SP
03703,-23.5138144,-46.5506039,sao paulo,SP
03704,-23.5125058,-46.5528789,sao paulo,SP
03707,-23.5073576,-46.5441795,sao paulo,SP
03710,-23.5118778,-46.5488872,sao paulo,SP
03711,-23.5075531,-46.5291163,sao paulo,SP
03712,-23.5077189,-46.5290626,sao paulo,SP
03713,-23.5106837,-46.5459295,sao paulo,SP
03714,-23.5077186,-46.5405177,sao paulo,SP
03715,-23.5065385,-46.5375961,sao paulo,SP
03716,-23.5047489,-46.5336923,sao paulo,SP
03717,-23.5106932,-46.5278276,sao paulo,SP
03718,-23.4985050,-46.5292532,sao paulo,SP
03720,-23.5026919,-46.5297979,sao paulo,SP
03721,-23.5028039,-46.5243025,sao paulo,SP
03725,-23.4999379,-46.5185869,sao paulo,SP
03726,-23.5008745,-46.5161182,sao paulo,SP
03727,-23.5025713,-46.5130555,sao paulo,SP
03728,-23.5013229,-46.5096128,sao paulo,SP
03729,-23.5009678,-46.5050217,sao paulo,SP
03730,-23.5339165,-46.5619550,sao paulo,SP
03731,-23.5108600,-46.5367595,sao paulo,SP
03732,-23.5111641,-46.5333035,sao paulo,SP
03733,-23.5100156,-46.5288623,sao paulo,SP
03734,-23.5099347,-46.5251566,sao paulo,SP
03735,-23.5096431,-46.5211724,sao paulo,SP
03736,-23.5081663,-46.5164008,sao paulo,SP
03737,-23.5089427,-46.5123105,sao paulo,SP
03738,-23.5075267,-46.5074565,sao paulo,SP
03739,-23.5140502,-46.5466379,sao paulo,SP
03755,-23.5113759,-46.5027622,sao paulo,SP
03756,-23.5065523,-46.5037126,sao paulo,SP
03757,-23.5074849,-46.4973390,sao paulo,SP
03758,-23.5043062,-46.4996683,sao paulo,SP
03759,-23.5026351,-46.4931767,sao paulo,SP
03801,-23.5028476,-46.4900293,sao paulo,SP
03802,-23.5024473,-46.4856052,sao paulo,SP
03803,-23.4955593,-46.4873588,sao paulo,SP
03804,-23.4991434,-46.4832985,sao paulo,SP
03805,-23.5044665,-46.4809231,sao paulo,SP
03806,-23.4975190,-46.4776060,sao paulo,SP
03807,-23.4995692,-46.4729773,sao paulo,SP
03808,-23.4939777,-46.4748244,sao paulo,SP
03809,-23.4906635,-46.4763109,sao paulo,SP
03810,-23.4904618,-46.4724174,sao paulo,SP
03811,-23.4910416,-46.4825502,sao paulo,SP
03812,-23.4899307,-46.4762040,sao paulo,SP
03813,-23.4882341,-46.4699890,sao paulo,SP
03814,-23.4891058,-46.4849002,sao paulo,SP
03816,-23.4897154,-46.4892919,sao paulo,SP
03817,-23.4925613,-46.4926729,sao paulo,SP
03818,-23.4974483,-46.4941413,sao paulo,SP
03819,-23.4992701,-46.4973099,sao paulo,SP
03820,-23.4958631,-46.5030845,sao paulo,SP
03821,-23.4945090,-46.5033429,sao paulo,SP
03822,-23.4981398,-46.4957276,sao paulo,SP
03823,-23.4979995,-46.4858267,sao paulo,SP
03827,-23.4838499,-46.4818190,sao paulo,SP
03828,-23.4816487,-46.4933462,sao paulo,SP
03831,-23.5870515,-46.5803211,são paulo,SP
03840,-23.6015382,-46.4616753,são paulo,SP
03870,-23.5079008,-46.4878202,sao paulo,SP
03871,-23.5081352,-46.4921592,sao paulo,SP
03872,-23.5124597,-46.5008215,sao paulo,SP
03873,-23.5103958,-46.4959552,sao paulo,SP
03874,-23.5124573,-46.4955028,sao paulo,SP
03875,-23.5134814,-46.4960390,sao paulo,SP
03876,-23.5112019,-46.4942625,sao paulo,SP
03877,-23.5116165,-46.4915077,sao paulo,SP
03878,-23.5104864,-46.4937718,sao paulo,SP
03880,-23.5083211,-46.4854555,sao paulo,SP
03881,-23.5099878,-46.4884305,sao paulo,SP
03882,-23.5114622,-46.4851466,sao paulo,SP
03883,-23.5088672,-46.4821837,sao paulo,SP
03884,-23.5122069,-46.4810905,sao paulo,SP
03886,-23.5095886,-46.4808127,sao paulo,SP
03887,-23.5109576,-46.4784355,sao paulo,SP
03888,-23.5086050,-46.4792729,sao paulo,SP
03889,-23.5128580,-46.4769857,sao paulo,SP
03890,-23.5157690,-46.4882145,sao paulo,SP
03891,-23.5131011,-46.4892970,sao paulo,SP
03892,-23.5135921,-46.4866948,sao paulo,SP
03893,-23.5147601,-46.4840285,sao paulo,SP
03894,-23.5154592,-46.4818218,sao paulo,SP
03895,-23.5156183,-46.4792801,sao paulo,SP
03896,-23.5139094,-46.4796774,sao paulo,SP
03901,-23.5782300,-46.5129558,sao paulo,SP
03904,-23.5782079,-46.5185028,sao paulo,SP
03905,-23.5798241,-46.5148922,sao paulo,SP
03906,-23.5811894,-46.5113581,sao paulo,SP
03907,-23.5873590,-46.5078846,sao paulo,SP
03908,-23.5825194,-46.5071942,sao paulo,SP
03909,-23.5847896,-46.5112758,sao paulo,SP
03910,-23.5848807,-46.5155884,sao paulo,SP
03911,-23.5820235,-46.5192886,sao paulo,SP
03912,-23.5825872,-46.5222963,sao paulo,SP
03916,-23.5884379,-46.5114407,sao paulo,SP
03917,-23.5863834,-46.5210925,sao paulo,SP
03918,-23.5921077,-46.5197794,sao paulo,SP
03919,-23.5931893,-46.5235247,sao paulo,SP
03920,-23.5977304,-46.5265237,sao paulo,SP
03921,-23.5893799,-46.5166040,sao paulo,SP
03922,-23.5950619,-46.5162780,sao paulo,SP
03923,-23.5919543,-46.5110016,sao paulo,SP
03924,-23.5912976,-46.5053400,sao paulo,SP
03925,-23.6059954,-46.5349234,sao paulo,SP
03926,-23.5992119,-46.5017222,sao paulo,SP
03927,-23.6028539,-46.4987052,sao paulo,SP
03928,-23.6055973,-46.5021517,sao paulo,SP
03929,-23.6055144,-46.4903009,sao paulo,SP
03930,-23.5806348,-46.4976513,sao paulo,SP
03931,-23.5815629,-46.4948026,sao paulo,SP
03932,-23.5826336,-46.5010363,sao paulo,SP
03933,-23.5849374,-46.4986732,sao paulo,SP
03934,-23.5900235,-46.5021279,sao paulo,SP
03935,-23.5879403,-46.5033066,sao paulo,SP
03936,-23.5902863,-46.4964580,sao paulo,SP
03937,-23.5860026,-46.4996376,sao paulo,SP
03938,-23.5953459,-46.5039899,sao paulo,SP
03939,-23.5943979,-46.5031013,sao paulo,SP
03940,-23.5927636,-46.5000638,sao paulo,SP
03941,-23.5958186,-46.4984823,sao paulo,SP
03942,-23.5943921,-46.4971122,sao paulo,SP
03943,-23.5977963,-46.4945336,sao paulo,SP
03944,-23.6020156,-46.4937554,sao paulo,SP
03945,-23.5977630,-46.4907626,sao paulo,SP
03946,-23.5965239,-46.4902856,sao paulo,SP
03947,-23.5908072,-46.4932318,sao paulo,SP
03948,-23.5908718,-46.4918435,sao paulo,SP
03949,-23.5997455,-46.4842502,sao paulo,SP
03950,-23.5942214,-46.4799636,sao paulo,SP
03951,-23.5865497,-46.4886943,sao paulo,SP
03952,-23.5896200,-46.4830528,sao paulo,SP
03953,-23.5934135,-46.4822169,sao paulo,SP
03958,-23.5963170,-46.4855366,sao paulo,SP
03959,-23.5967166,-46.4837388,sao paulo,SP
03960,-23.5968069,-46.4821336,sao paulo,SP
03961,-23.6018287,-46.4843498,sao paulo,SP
03962,-23.6056739,-46.4815126,sao paulo,SP
03963,-23.6095260,-46.4801637,sao paulo,SP
03964,-23.6042367,-46.4755697,sao paulo,SP
03965,-23.6018762,-46.4770471,sao paulo,SP
03966,-23.5979376,-46.4773983,sao paulo,SP
03967,-23.6027047,-46.4739575,sao paulo,SP
03968,-23.6027043,-46.4724834,sao paulo,SP
03969,-23.6081775,-46.4897578,sao paulo,SP
03970,-23.6140882,-46.4794018,sao paulo,SP
03971,-23.6056157,-46.4892134,sao paulo,SP
03972,-23.6160375,-46.4817984,sao paulo,SP
03973,-23.6201576,-46.4811759,sao paulo,SP
03974,-23.6164789,-46.4843470,sao paulo,SP
03975,-23.6073367,-46.5133001,sao paulo,SP
03976,-23.6120675,-46.4975817,sao paulo,SP
03977,-23.6160404,-46.4979634,sao paulo,SP
03978,-23.6210202,-46.5045446,sao paulo,SP
03979,-23.6172145,-46.5085940,sao paulo,SP
03980,-23.6161359,-46.5127767,sao paulo,SP
03981,-23.6134432,-46.5164747,sao paulo,SP
03982,-23.6115382,-46.5125457,sao paulo,SP
03983,-23.6098294,-46.5082517,sao paulo,SP
03984,-23.6069232,-46.5123863,sao paulo,SP
03985,-23.6061959,-46.5167980,sao paulo,SP
03986,-23.6088148,-46.5215921,sao paulo,SP
03987,-23.6032710,-46.5110345,sao paulo,SP
03988,-23.6018699,-46.5141229,sao paulo,SP
03989,-23.6123315,-46.4839176,sao paulo,SP
04001,-23.5729395,-46.6511148,sao paulo,SP
04002,-23.5714504,-46.6479815,sao paulo,SP
04003,-23.5736111,-46.6469554,sao paulo,SP
04004,-23.5737570,-46.6462803,sao paulo,SP
04005,-23.5762742,-46.6487102,sao paulo,SP
04006,-23.5770320,-46.6470216,sao paulo,SP
04007,-23.5792360,-46.6538298,sao paulo,SP
04008,-23.5806315,-46.6518724,sao paulo,SP
04009,-23.5891188,-46.6363137,sao paulo,SP
04010,-23.5849319,-46.6374919,sao paulo,SP
04011,-23.5795170,-46.6440809,sao paulo,SP
04012,-23.5829525,-46.6465581,sao paulo,SP
04013,-23.5783152,-46.6424942,sao paulo,SP
04014,-23.5844493,-46.6433026,sao paulo,SP
04015,-23.5865213,-46.6437739,sao paulo,SP
04016,-23.5882100,-46.6436285,sao paulo,SP
04017,-23.5881505,-46.6379824,sao paulo,SP
04018,-23.5868311,-46.6417879,sao paulo,SP
04019,-23.5902850,-46.6458655,sao paulo,SP
04020,-23.5934312,-46.6391887,sao paulo,SP
04021,-23.5931846,-46.6431586,sao paulo,SP
04022,-23.5941354,-46.6457608,sao paulo,SP
04023,-23.5928960,-46.6421911,sao paulo,SP
04024,-23.6003890,-46.6445057,sao paulo,SP
04025,-23.5983613,-46.6464366,sao paulo,SP
04026,-23.5991730,-46.6480292,sao paulo,SP
04027,-23.6000640,-46.6528612,sao paulo,SP
04028,-23.6048745,-46.6635145,sao paulo,SP
04029,-23.6013201,-46.6599383,sao paulo,SP
04030,-23.5930074,-46.6559142,sao paulo,SP
04031,-23.5941683,-46.6586610,sao paulo,SP
04032,-23.5954805,-46.6591584,sao paulo,SP
04035,-23.5951256,-46.6365792,sao paulo,SP
04036,-23.5971951,-46.6366664,sao paulo,SP
04037,-23.5956080,-46.6432718,sao paulo,SP
04038,-23.5969743,-46.6444915,sao paulo,SP
04039,-23.5977937,-46.6439231,sao paulo,SP
04040,-23.5995828,-46.6378382,sao paulo,SP
04041,-23.6014267,-46.6448339,sao paulo,SP
04042,-23.6027357,-46.6439567,sao paulo,SP
04043,-23.6061167,-46.6429496,sao paulo,SP
04044,-23.6006092,-46.6397836,sao paulo,SP
04045,-23.6186662,-46.6395829,sao paulo,SP
04046,-23.6183603,-46.6402797,sao paulo,SP
04047,-23.6096632,-46.6426788,sao paulo,SP
04048,-23.7027935,-46.6364661,sao paulo,SP
04049,-23.6065437,-46.6396278,sao paulo,SP
04050,-23.6063017,-46.6448659,sao paulo,SP
04051,-23.6082516,-46.6438459,sao paulo,SP
04052,-23.6107445,-46.6402190,sao paulo,SP
04053,-23.6143170,-46.6431098,sao paulo,SP
04054,-23.6162999,-46.6421763,sao paulo,SP
04055,-23.6191253,-46.6413160,sao paulo,SP
04057,-23.6091205,-46.6469340,sao paulo,SP
04058,-23.6102792,-46.6482233,sao paulo,SP
04059,-23.6160955,-46.6452157,sao paulo,SP
04060,-23.6109466,-46.6489566,sao paulo,SP
04061,-23.6153750,-46.6482810,sao paulo,SP
04062,-23.6198207,-46.6477238,sao paulo,SP
04063,-23.6134482,-46.6503574,sao paulo,SP
04064,-23.6187658,-46.6494023,sao paulo,SP
04065,-23.6220096,-46.6491494,sao paulo,SP
04066,-23.6137984,-46.6516360,sao paulo,SP
04067,-23.6151112,-46.6521026,sao paulo,SP
04068,-23.6207027,-46.6475338,sao paulo,SP
04069,-23.6233362,-46.6430408,sao paulo,SP
04070,-23.6273322,-46.6460766,sao paulo,SP
04071,-23.6244115,-46.6523276,sao paulo,SP
04072,-23.6240958,-46.6524319,sao paulo,SP
04074,-23.6085486,-46.6546169,sao paulo,SP
04075,-23.6027992,-46.6580236,sao paulo,SP
04076,-23.6065420,-46.6570137,sao paulo,SP
04077,-23.6074236,-46.6575802,sao paulo,SP
04078,-23.6061837,-46.6593117,sao paulo,SP
04079,-23.6086121,-46.6587437,sao paulo,SP
04080,-23.6085272,-46.6612007,sao paulo,SP
04081,-23.6099733,-46.6621895,sao paulo,SP
04082,-23.6127742,-46.6604149,sao paulo,SP
04083,-23.6129201,-46.6620277,sao paulo,SP
04084,-23.6148725,-46.6612810,sao paulo,SP
04085,-23.6147924,-46.6624856,sao paulo,SP
04086,-23.6106397,-46.6602783,sao paulo,SP
04087,-23.6094300,-46.6605023,sao paulo,SP
04088,-23.6059059,-46.6612766,sao paulo,SP
04089,-23.6072772,-46.6610934,sao paulo,SP
04090,-23.6090012,-46.6611891,sao paulo,SP
04094,-23.5863636,-46.6544788,sao paulo,SP
04097,-23.5812287,-46.6583982,sao paulo,SP
04101,-23.5856067,-46.6337947,sao paulo,SP
04102,-23.5898474,-46.6326138,sao paulo,SP
04103,-23.5747500,-46.6369143,sao paulo,SP
04104,-23.5760892,-46.6387307,sao paulo,SP
04105,-23.5777518,-46.6365906,sao paulo,SP
04106,-23.5814508,-46.6350292,sao paulo,SP
04107,-23.5799572,-46.6342029,sao paulo,SP
04108,-23.5783310,-46.6303080,sao paulo,SP
04109,-23.5761285,-46.6317767,sao paulo,SP
04110,-23.5846937,-46.6335859,sao paulo,SP
04111,-23.5863925,-46.6322923,sao paulo,SP
04112,-23.5851849,-46.6289517,sao paulo,SP
04113,-23.5851182,-46.6257539,sao paulo,SP
04114,-23.5863092,-46.6238170,sao paulo,SP
04115,-23.5898216,-46.6244717,sao paulo,SP
04116,-23.5925110,-46.6254934,sao paulo,SP
04117,-23.5893778,-46.6303970,sao paulo,SP
04118,-23.5949909,-46.6286182,sao paulo,SP
04119,-23.5968039,-46.6346218,sao paulo,SP
04120,-23.5956764,-46.6311097,sao paulo,SP
04121,-23.5996600,-46.6252878,sao paulo,SP
04122,-23.6027054,-46.6217681,sao paulo,SP
04123,-23.6104221,-46.6265944,sao paulo,SP
04124,-23.5975276,-46.6195848,sao paulo,SP
04125,-23.6005617,-46.6190940,sao paulo,SP
04126,-23.5985791,-46.6308014,sao paulo,SP
04127,-23.6016402,-46.6299564,sao paulo,SP
04128,-23.6021272,-46.6329258,sao paulo,SP
04129,-23.6029428,-46.6229835,sao paulo,SP
04130,-23.6049722,-46.6200060,sao paulo,SP
04131,-23.6063437,-46.6179373,sao paulo,SP
04132,-23.6165977,-46.6184852,sao paulo,SP
04133,-23.6217381,-46.6183838,sao paulo,SP
04134,-23.6068215,-46.6226555,sao paulo,SP
04135,-23.6092828,-46.6284947,sao paulo,SP
04136,-23.6105527,-46.6254331,sao paulo,SP
04137,-23.6092717,-46.6185541,sao paulo,SP
04138,-23.6108741,-46.6344511,sao paulo,SP
04139,-23.6058505,-46.6341066,sao paulo,SP
04140,-23.6064196,-46.6312391,sao paulo,SP
04141,-23.6100570,-46.6332584,sao paulo,SP
04142,-23.6118927,-46.6306094,sao paulo,SP
04143,-23.6150266,-46.6349847,sao paulo,SP
04144,-23.6191196,-46.6388926,sao paulo,SP
04145,-23.6165689,-46.6324606,sao paulo,SP
04146,-23.6170555,-46.6290559,sao paulo,SP
04147,-23.6204111,-46.6306465,sao paulo,SP
04148,-23.6146166,-46.6227654,sao paulo,SP
04149,-23.6167545,-46.6226862,sao paulo,SP
04150,-23.6205716,-46.6223124,sao paulo,SP
04151,-23.6213297,-46.6253086,sao paulo,SP
04152,-23.6246317,-46.6245212,sao paulo,SP
04153,-23.6269768,-46.6244301,sao paulo,SP
04154,-23.6284417,-46.6220239,sao paulo,SP
04155,-23.6326440,-46.6261567,sao paulo,SP
04156,-23.6317657,-46.6231340,sao paulo,SP
04157,-23.6318496,-46.6189431,sao paulo,SP
04158,-23.6235691,-46.6183102,sao paulo,SP
04159,-23.6228608,-46.6114218,sao paulo,SP
04160,-23.6254755,-46.6120004,sao paulo,SP
04161,-23.6298426,-46.6156229,sao paulo,SP
04162,-23.6268841,-46.6066669,sao paulo,SP
04163,-23.6298437,-46.6132212,sao paulo,SP
04164,-23.6275343,-46.6082907,sao paulo,SP
04165,-23.6262248,-46.6062005,sao paulo,SP
04166,-23.6426684,-46.6066638,sao paulo,SP
04167,-23.6337463,-46.6143568,sao paulo,SP
04168,-23.6341669,-46.6122979,sao paulo,SP
04169,-23.6531629,-46.6149981,sao paulo,SP
04170,-23.6349558,-46.6129366,sao paulo,SP
04171,-23.6368746,-46.6129017,sao paulo,SP
04173,-23.6382273,-46.6101961,sao paulo,SP
04174,-23.6338056,-46.6074194,sao paulo,SP
04176,-23.6351441,-46.6036107,sao paulo,SP
04177,-23.6422266,-46.6077573,sao paulo,SP
04180,-23.6350053,-46.5991160,sao paulo,SP
04181,-23.6384589,-46.5999035,sao paulo,SP
04182,-23.6416999,-46.5987310,sao paulo,SP
04183,-23.6429986,-46.5967359,sao paulo,SP
04184,-23.6488086,-46.5998311,sao paulo,SP
04185,-23.6474133,-46.5925416,sao paulo,SP
04186,-23.6470566,-46.5944419,sao paulo,SP
04187,-23.6485457,-46.5948699,sao paulo,SP
04190,-23.6515731,-46.6026818,sao paulo,SP
04191,-23.6457305,-46.6042929,sao paulo,SP
04193,-23.6488934,-46.6084949,sao paulo,SP
04194,-23.6537232,-46.6103783,sao paulo,SP
04195,-23.6572420,-46.6128308,sao paulo,SP
04201,-23.5748006,-46.6058899,sao paulo,SP
04202,-23.5776170,-46.6049946,sao paulo,SP
04203,-23.5906269,-46.6066122,sao paulo,SP
04204,-23.5855303,-46.6072926,sao paulo,SP
04205,-23.5808926,-46.6058982,sao paulo,SP
04206,-23.5846785,-46.6043759,sao paulo,SP
04207,-23.5873443,-46.6032425,sao paulo,SP
04208,-23.5927755,-46.6011906,sao paulo,SP
04209,-23.5861651,-46.6011348,sao paulo,SP
04210,-23.5852409,-46.6041550,sao paulo,SP
04211,-23.5923386,-46.6065173,sao paulo,SP
04212,-23.5904600,-46.6049986,sao paulo,SP
04213,-23.5925041,-46.6024027,sao paulo,SP
04214,-23.5945888,-46.5993981,sao paulo,SP
04215,-23.5956410,-46.6011563,sao paulo,SP
04216,-23.5966919,-46.6005174,sao paulo,SP
04217,-23.5992322,-46.5976402,sao paulo,SP
04218,-23.6061451,-46.6014947,sao paulo,SP
04220,-23.5971346,-46.5872664,sao paulo,SP
04221,-23.5940957,-46.5946555,sao paulo,SP
04222,-23.5985191,-46.5889764,sao paulo,SP
04223,-23.5992744,-46.5900170,sao paulo,SP
04224,-23.5972927,-46.5941552,sao paulo,SP
04225,-23.6024333,-46.5897623,sao paulo,SP
04229,-23.6062966,-46.5929835,sao paulo,SP
04230,-23.6054586,-46.5920061,sao paulo,SP
04231,-23.6060899,-46.5959753,sao paulo,SP
04232,-23.6133295,-46.5949304,sao paulo,SP
04233,-23.5498439,-46.5579108,sao paulo,SP
04235,-23.6130196,-46.5917948,sao paulo,SP
04236,-23.6071628,-46.5887889,sao paulo,SP
04239,-23.6232942,-46.5830188,sao paulo,SP
04240,-23.6202207,-46.5855235,sao paulo,SP
04241,-23.6231003,-46.5884777,sao paulo,SP
04242,-23.6263404,-46.5886889,sao paulo,SP
04243,-23.6258073,-46.5863762,sao paulo,SP
04244,-23.6290878,-46.5875916,sao paulo,SP
04246,-23.6219318,-46.5987135,sao paulo,SP
04247,-23.6214465,-46.5984078,sao paulo,SP
04248,-23.6127345,-46.5981342,sao paulo,SP
04249,-23.6163486,-46.5988884,sao paulo,SP
04250,-23.6204224,-46.5988657,sao paulo,SP
04251,-23.6257700,-46.5970364,sao paulo,SP
04252,-23.6136040,-46.5980071,sao paulo,SP
04253,-23.6170669,-46.5965293,sao paulo,SP
04254,-23.6186271,-46.5942628,sao paulo,SP
04255,-23.6236010,-46.5931529,sao paulo,SP
04256,-23.6295714,-46.5915067,sao paulo,SP
04257,-23.6334539,-46.5904060,sao paulo,SP
04258,-23.6347810,-46.5884897,sao paulo,SP
04260,-23.5831385,-46.6149328,sao paulo,SP
04261,-23.5827349,-46.6120621,sao paulo,SP
04262,-23.5988851,-46.6096496,sao paulo,SP
04263,-23.5845969,-46.6105379,sao paulo,SP
04264,-23.5848786,-46.6140687,sao paulo,SP
04265,-23.5873536,-46.6152583,sao paulo,SP
04266,-23.5900941,-46.6099021,sao paulo,SP
04267,-23.5988329,-46.6098525,sao paulo,SP
04268,-23.5951377,-46.6085728,sao paulo,SP
04269,-23.5983506,-46.6124552,sao paulo,SP
04270,-23.5914592,-46.6139465,sao paulo,SP
04271,-23.5893046,-46.6169605,sao paulo,SP
04272,-23.6053788,-46.6138792,sao paulo,SP
04273,-23.6074727,-46.6116991,sao paulo,SP
04274,-23.5911541,-46.6171458,sao paulo,SP
04275,-23.5938392,-46.6164587,sao paulo,SP
04276,-23.6013170,-46.6140064,sao paulo,SP
04277,-23.6013102,-46.6121519,sao paulo,SP
04278,-23.6018560,-46.6089096,sao paulo,SP
04279,-23.6007289,-46.6053826,sao paulo,SP
04280,-23.6053507,-46.6069625,sao paulo,SP
04281,-23.6062131,-46.6091717,sao paulo,SP
04282,-23.6075756,-46.6110403,sao paulo,SP
04283,-23.6093307,-46.6044279,sao paulo,SP
04284,-23.6078819,-46.6019410,sao paulo,SP
04285,-23.6131797,-46.6031124,sao paulo,SP
04286,-23.6132479,-46.6033332,sao paulo,SP
04287,-23.6076043,-46.6058496,sao paulo,SP
04288,-23.6105658,-46.6123782,sao paulo,SP
04289,-23.6081150,-46.6156281,sao paulo,SP
04290,-23.6136360,-46.6117134,sao paulo,SP
04291,-23.6172869,-46.6129546,sao paulo,SP
04292,-23.6170692,-46.6117169,sao paulo,SP
04293,-23.6213905,-46.6159740,sao paulo,SP
04294,-23.6206337,-46.6063738,sao paulo,SP
04295,-23.6219793,-46.6046678,sao paulo,SP
04296,-23.6211979,-46.6039475,sao paulo,SP
04297,-23.6280665,-46.6023024,sao paulo,SP
04298,-23.6272347,-46.6002775,sao paulo,SP
04301,-23.6247755,-46.6335223,sao paulo,SP
04302,-23.6219751,-46.6367895,sao paulo,SP
04303,-23.6240984,-46.6375192,sao paulo,SP
04304,-23.6270645,-46.6366517,sao paulo,SP
04305,-23.6285289,-46.6354692,sao paulo,SP
04306,-23.6312478,-46.6366764,sao paulo,SP
04307,-23.6236795,-46.6368501,sao paulo,SP
04308,-23.6446927,-46.6395672,sao paulo,SP
04309,-23.6425539,-46.6410891,sao paulo,SP
04310,-23.6324678,-46.6404110,sao paulo,SP
04311,-23.6332107,-46.6382767,sao paulo,SP
04312,-23.6324307,-46.6309193,sao paulo,SP
04313,-23.6372835,-46.6380050,sao paulo,SP
04314,-23.6357860,-46.6355161,sao paulo,SP
04315,-23.6357354,-46.6286712,sao paulo,SP
04316,-23.6392163,-46.6352700,sao paulo,SP
04317,-23.6417467,-46.6328262,sao paulo,SP
04318,-23.6448445,-46.6365460,sao paulo,SP
04319,-23.6474043,-46.6365700,sao paulo,SP
04320,-23.6488286,-46.6362576,sao paulo,SP
04321,-23.6472598,-46.6438926,sao paulo,SP
04323,-23.6537414,-46.6394444,sao paulo,SP
04324,-23.6543892,-46.6371108,sao paulo,SP
04325,-23.6627471,-46.6364770,sao paulo,SP
04326,-23.6574372,-46.6353667,sao paulo,SP
04327,-23.6630096,-46.6329218,sao paulo,SP
04328,-23.6646657,-46.6358945,sao paulo,SP
04330,-23.6559582,-46.6468166,sao paulo,SP
04331,-23.6577456,-46.6490976,sao paulo,SP
04332,-23.6591248,-46.6490726,sao paulo,SP
04333,-23.6611203,-46.6446046,sao paulo,SP
04334,-23.6572637,-46.6388033,sao paulo,SP
04335,-23.6634540,-46.6397992,sao paulo,SP
04336,-23.6653041,-46.6444786,sao paulo,SP
04337,-23.6649377,-46.6471673,sao paulo,SP
04338,-23.6698167,-46.6460830,sao paulo,SP
04339,-23.6674562,-46.6410452,sao paulo,SP
04340,-23.6678506,-46.6404343,sao paulo,SP
04342,-23.6352093,-46.6505831,sao paulo,SP
04343,-23.6354763,-46.6459335,sao paulo,SP
04344,-23.6370513,-46.6489416,sao paulo,SP
04345,-23.6402978,-46.6435275,sao paulo,SP
04346,-23.6405608,-46.6530665,sao paulo,SP
04347,-23.6425869,-46.6479741,sao paulo,SP
04348,-23.6450232,-46.6502445,sao paulo,SP
04349,-23.6487212,-46.6467557,sao paulo,SP
04350,-23.6449264,-46.6528300,sao paulo,SP
04351,-23.6455617,-46.6542827,sao paulo,SP
04355,-23.6337470,-46.6577528,sao paulo,SP
04356,-23.6367015,-46.6594322,sao paulo,SP
04357,-23.6360362,-46.6547160,sao paulo,SP
04358,-23.6397050,-46.6568864,sao paulo,SP
04359,-23.6399547,-46.6545028,sao paulo,SP
04360,-23.6400363,-46.6632846,sao paulo,SP
04361,-23.6435270,-46.6628094,sao paulo,SP
04362,-23.6453479,-46.6689631,sao paulo,SP
04363,-23.6465047,-46.6662257,sao paulo,SP
04364,-23.6502281,-46.6708134,sao paulo,SP
04365,-23.6716164,-46.6486237,sao paulo,SP
04366,-23.6735663,-46.6468777,sao paulo,SP
04367,-23.6514584,-46.6672650,sao paulo,SP
04368,-23.6544421,-46.6662281,sao paulo,SP
04369,-23.6549038,-46.6631455,sao paulo,SP
04370,-23.6490384,-46.6615619,sao paulo,SP
04371,-23.6483471,-46.6583960,sao paulo,SP
04372,-23.6485442,-46.6571585,sao paulo,SP
04373,-23.6522632,-46.6575325,sao paulo,SP
04374,-23.6519370,-46.6564163,sao paulo,SP
04375,-23.6545434,-46.6572152,sao paulo,SP
04376,-23.6533248,-46.6559405,sao paulo,SP
04377,-23.6539421,-46.6518179,sao paulo,SP
04378,-23.6496323,-46.6606647,sao paulo,SP
04379,-23.6567264,-46.6564978,sao paulo,SP
04381,-23.6554579,-46.6661043,sao paulo,SP
04382,-23.6580659,-46.6637430,sao paulo,SP
04383,-23.6586929,-46.6604941,sao paulo,SP
04384,-23.6603292,-46.6598653,sao paulo,SP
04385,-23.6647652,-46.6570960,sao paulo,SP
04386,-23.6635671,-46.6551737,sao paulo,SP
04387,-23.6630133,-46.6510353,sao paulo,SP
04401,-23.6669295,-46.6649098,sao paulo,SP
04402,-23.6668915,-46.6627616,sao paulo,SP
04403,-23.6705439,-46.6610557,sao paulo,SP
04404,-23.6690640,-46.6582398,sao paulo,SP
04405,-23.6734554,-46.6564630,sao paulo,SP
04406,-23.6705537,-46.6541967,sao paulo,SP
04407,-23.6712547,-46.6513055,sao paulo,SP
04408,-23.6736961,-46.6505731,sao paulo,SP
04409,-23.6764378,-46.6513330,sao paulo,SP
04410,-23.6802386,-46.6486401,sao paulo,SP
04411,-23.6780283,-46.6443953,sao paulo,SP
04412,-23.6750592,-46.6455402,sao paulo,SP
04413,-23.6705802,-46.6380934,sao paulo,SP
04414,-23.6680781,-46.6386402,sao paulo,SP
04415,-23.6739486,-46.6367521,sao paulo,SP
04416,-23.6769608,-46.6384881,sao paulo,SP
04417,-23.6798020,-46.6341363,sao paulo,SP
04419,-23.6824649,-46.6410660,sao paulo,SP
04421,-23.6902279,-46.6395317,sao paulo,SP
04423,-23.6861875,-46.6344396,sao paulo,SP
04424,-23.6873662,-46.6404494,sao paulo,SP
04425,-23.6813321,-46.6439072,sao paulo,SP
04426,-23.6816040,-46.6447862,sao paulo,SP
04427,-23.6805252,-46.6528515,sao paulo,SP
04428,-23.6804635,-46.6549242,sao paulo,SP
04429,-23.6792040,-46.6614147,sao paulo,SP
04430,-23.6810469,-46.6431575,sao paulo,SP
04431,-23.6882131,-46.6551836,sao paulo,SP
04432,-23.6827951,-46.6609627,sao paulo,SP
04433,-23.6814050,-46.6568869,sao paulo,SP
04434,-23.6831377,-46.6667987,sao paulo,SP
04436,-23.6710069,-46.6725782,sao paulo,SP
04437,-23.6704494,-46.6758850,sao paulo,SP
04438,-23.6765698,-46.6698969,sao paulo,SP
04439,-23.6795817,-46.6679826,sao paulo,SP
04444,-23.6888119,-46.6879632,sao paulo,SP
04445,-23.6831997,-46.6852659,sao paulo,SP
04446,-23.6869716,-46.6842683,sao paulo,SP
04447,-23.6893495,-46.6790590,sao paulo,SP
04448,-23.7508981,-46.7045760,sao paulo,SP
04455,-23.6803965,-46.6792267,sao paulo,SP
04456,-23.6857325,-46.6779646,sao paulo,SP
04457,-23.6897445,-46.6755861,sao paulo,SP
04458,-23.6883122,-46.6729029,sao paulo,SP
04459,-23.6929873,-46.6722144,sao paulo,SP
04460,-23.6916511,-46.6742457,sao paulo,SP
04461,-23.6911830,-46.6795843,sao paulo,SP
04462,-23.6945261,-46.6655370,sao paulo,SP
04463,-23.6951654,-46.6620420,sao paulo,SP
04464,-23.6973272,-46.6578833,sao paulo,SP
04466,-23.6844791,-46.6468061,sao paulo,SP
04467,-23.6863721,-46.6483597,sao paulo,SP
04468,-23.6914282,-46.6645046,sao paulo,SP
04469,-23.6926119,-46.6681303,sao paulo,SP
04470,-23.7122400,-46.6542923,sao paulo,SP
04472,-23.6462351,-46.5847403,sao paulo,SP
04473,-23.7017758,-46.6512578,sao paulo,SP
04474,-23.6875506,-46.6371149,sao paulo,SP
04475,-23.7009989,-46.6349870,sao paulo,SP
04476,-23.7072303,-46.6249275,sao paulo,SP
04477,-23.7168379,-46.6388457,sao paulo,SP
04479,-23.6602343,-46.7203902,sao paulo,SP
04501,-23.5890413,-46.6630448,sao paulo,SP
04502,-23.5848253,-46.6632925,sao paulo,SP
04503,-23.5835180,-46.6669721,sao paulo,SP
04504,-23.5847184,-46.6656732,sao paulo,SP
04505,-23.5946410,-46.6730178,sao paulo,SP
04506,-23.5932214,-46.6727327,sao paulo,SP
04507,-23.5871879,-46.6681059,sao paulo,SP
04508,-23.5894132,-46.6694238,sao paulo,SP
04509,-23.5912745,-46.6704312,sao paulo,SP
04510,-23.5936149,-46.6701669,sao paulo,SP
04511,-23.5958580,-46.6688885,sao paulo,SP
04512,-23.5972652,-46.6682543,sao paulo,SP
04513,-23.5969833,-46.6705296,sao paulo,SP
04514,-23.6007887,-46.6713782,sao paulo,SP
04515,-23.6016192,-46.6661572,sao paulo,SP
04516,-23.6047441,-46.6692887,sao paulo,SP
04517,-23.6059669,-46.6734088,sao paulo,SP
04518,-23.6090838,-46.6741994,sao paulo,SP
04520,-23.6011910,-46.6675095,sao paulo,SP
04521,-23.6866920,-46.6648579,sao paulo,SP
04522,-23.5982284,-46.6624109,sao paulo,SP
04523,-23.6037257,-46.6668416,sao paulo,SP
04524,-23.6051157,-46.6657086,sao paulo,SP
04530,-23.5816643,-46.6730905,sao paulo,SP
04531,-23.5816958,-46.6770527,sao paulo,SP
04532,-23.5837445,-46.6747180,sao paulo,SP
04533,-23.5843440,-46.6783749,sao paulo,SP
04534,-23.5842211,-46.6740528,sao paulo,SP
04535,-23.5900084,-46.6755561,sao paulo,SP
04536,-23.5820234,-46.6806280,sao paulo,SP
04537,-23.5931279,-46.6767610,sao paulo,SP
04538,-23.5892792,-46.6813853,sao paulo,SP
04542,-23.5872513,-46.6791958,sao paulo,SP
04543,-23.5894879,-46.6810007,sao paulo,SP
04544,-23.5915828,-46.6776001,sao paulo,SP
04545,-23.5959265,-46.6755895,sao paulo,SP
04546,-23.5979273,-46.6799197,sao paulo,SP
04547,-23.5977875,-46.6839712,sao paulo,SP
04548,-23.5995435,-46.6827680,sao paulo,SP
04549,-23.6019663,-46.6773921,sao paulo,SP
04550,-23.6019739,-46.6799168,sao paulo,SP
04551,-23.5947015,-46.6872988,sao paulo,SP
04552,-23.5934067,-46.6857213,sao paulo,SP
04553,-23.6019722,-46.6836722,sao paulo,SP
04555,-23.6139360,-46.6789690,sao paulo,SP
04556,-23.6132789,-46.6786597,sao paulo,SP
04557,-23.6029817,-46.6833381,sao paulo,SP
04558,-23.6021960,-46.6863475,sao paulo,SP
04559,-23.6146444,-46.6814047,sao paulo,SP
04560,-23.6117562,-46.6817126,sao paulo,SP
04561,-23.6085367,-46.6856573,sao paulo,SP
04562,-23.6102572,-46.6871016,sao paulo,SP
04563,-23.6109424,-46.6865935,sao paulo,SP
04564,-23.6130236,-46.6848231,sao paulo,SP
04565,-23.6110933,-46.6896009,sao paulo,SP
04566,-23.6137756,-46.6861711,sao paulo,SP
04567,-23.6132580,-46.6899537,sao paulo,SP
04568,-23.6120391,-46.6879798,sao paulo,SP
04569,-23.6068146,-46.6892160,sao paulo,SP
04570,-23.6018904,-46.6895823,sao paulo,SP
04571,-23.6047805,-46.6935586,sao paulo,SP
04575,-23.6084228,-46.6943875,sao paulo,SP
04576,-23.6157242,-46.6890343,sao paulo,SP
04578,-23.6076342,-46.6972516,sao paulo,SP
04580,-23.6199465,-46.6850525,sao paulo,SP
04581,-23.6197288,-46.6833613,sao paulo,SP
04582,-23.6198697,-46.6892997,sao paulo,SP
04583,-23.6186000,-46.6967065,sao paulo,SP
04601,-23.6196677,-46.6817169,sao paulo,SP
04602,-23.6223330,-46.6814485,sao paulo,SP
04603,-23.6220607,-46.6802176,sao paulo,SP
04604,-23.6226982,-46.6800751,sao paulo,SP
04605,-23.6196467,-46.6757223,sao paulo,SP
04606,-23.6207708,-46.6751692,sao paulo,SP
04607,-23.6211105,-46.6741206,sao paulo,SP
04608,-23.6241250,-46.6743607,sao paulo,SP
04609,-23.6226790,-46.6737620,sao paulo,SP
04610,-23.6248288,-46.6723500,sao paulo,SP
04611,-23.6246615,-46.6714534,sao paulo,SP
04612,-23.6222589,-46.6635561,sao paulo,SP
04613,-23.6188960,-46.6676535,sao paulo,SP
04614,-23.6170255,-46.6722388,sao paulo,SP
04615,-23.6231019,-46.6674954,sao paulo,SP
04616,-23.6196606,-46.6732659,sao paulo,SP
04617,-23.6231921,-46.6699031,sao paulo,SP
04618,-23.6208756,-46.6759070,sao paulo,SP
04619,-23.6235091,-46.6758084,sao paulo,SP
04620,-23.6268035,-46.6749346,sao paulo,SP
04621,-23.6270450,-46.6804158,sao paulo,SP
04622,-23.6291806,-46.6804049,sao paulo,SP
04623,-23.6362496,-46.6749631,sao paulo,SP
04624,-23.6280867,-46.6690902,sao paulo,SP
04625,-23.6282690,-46.6659567,sao paulo,SP
04626,-23.6347347,-46.6689704,sao paulo,SP
04627,-23.6346670,-46.6710341,sao paulo,SP
04630,-23.6326060,-46.6630055,sao paulo,SP
04631,-23.6317358,-46.6640978,sao paulo,SP
04632,-23.6323293,-46.6661676,sao paulo,SP
04633,-23.6341222,-46.6650217,sao paulo,SP
04634,-23.6385851,-46.6675482,sao paulo,SP
04635,-23.6410153,-46.6705267,sao paulo,SP
04636,-23.6378370,-46.6775812,sao paulo,SP
04637,-23.6311964,-46.6813893,sao paulo,SP
04638,-23.6319993,-46.6851432,sao paulo,SP
04639,-23.6361907,-46.6852972,sao paulo,SP
04640,-23.6318441,-46.6816530,sao paulo,SP
04641,-23.6355747,-46.6851837,sao paulo,SP
04642,-23.6412827,-46.6871422,sao paulo,SP
04643,-23.6459093,-46.6837827,sao paulo,SP
04644,-23.6391466,-46.6721996,sao paulo,SP
04645,-23.6465721,-46.6790357,sao paulo,SP
04646,-23.6425262,-46.6759987,sao paulo,SP
04647,-23.6477063,-46.6772094,sao paulo,SP
04648,-23.6500630,-46.6741297,sao paulo,SP
04649,-23.6423568,-46.6573333,sao paulo,SP
04650,-23.6578508,-46.6769251,sao paulo,SP
04651,-23.6582954,-46.6709242,sao paulo,SP
04652,-23.6626688,-46.6680476,sao paulo,SP
04653,-23.6638797,-46.6747382,sao paulo,SP
04654,-23.6604029,-46.6764813,sao paulo,SP
04655,-23.6634717,-46.6720254,sao paulo,SP
04657,-23.6679748,-46.6737739,sao paulo,SP
04658,-23.6679579,-46.6673003,sao paulo,SP
04660,-23.6650587,-46.6795191,sao paulo,SP
04661,-23.6743173,-46.6842097,sao paulo,SP
04662,-23.6550684,-46.6920277,sao paulo,SP
04663,-23.6532378,-46.6835200,sao paulo,SP
04664,-23.6568232,-46.6832693,sao paulo,SP
04671,-23.6588087,-46.6918355,sao paulo,SP
04672,-23.6609510,-46.6991897,sao paulo,SP
04673,-23.6639974,-46.6947920,sao paulo,SP
04674,-23.6638552,-46.6857922,sao paulo,SP
04675,-23.6649775,-46.6909300,sao paulo,SP
04676,-23.6619554,-46.6788355,sao paulo,SP
04677,-23.6676931,-46.6823864,sao paulo,SP
04678,-23.6677244,-46.6802936,sao paulo,SP
04679,-23.6742793,-46.6819070,sao paulo,SP
04685,-23.6632113,-46.6935162,sao paulo,SP
04686,-23.6654089,-46.6907712,sao paulo,SP
04688,-23.6663140,-46.6916532,sao paulo,SP
04689,-23.6702456,-46.6911130,sao paulo,SP
04690,-23.6733144,-46.6928753,sao paulo,SP
04691,-23.6746485,-46.6901830,sao paulo,SP
04692,-23.6745582,-46.6867825,sao paulo,SP
04693,-23.6796571,-46.6914145,sao paulo,SP
04696,-23.6694139,-46.7024625,sao paulo,SP
04701,-23.6377945,-46.6964011,sao paulo,SP
04702,-23.6339795,-46.6936372,sao paulo,SP
04703,-23.6209277,-46.6912326,sao paulo,SP
04704,-23.6235084,-46.6882882,sao paulo,SP
04705,-23.6215308,-46.6951882,sao paulo,SP
04707,-23.6249886,-46.6933734,sao paulo,SP
04708,-23.6294076,-46.6921296,sao paulo,SP
04709,-23.6294850,-46.6956802,sao paulo,SP
04710,-23.6277543,-46.6957198,sao paulo,SP
04711,-23.6272893,-46.7009490,sao paulo,SP
04713,-23.6296532,-46.7017038,sao paulo,SP
04714,-23.6318348,-46.7003263,sao paulo,SP
04715,-23.6319807,-46.7013512,sao paulo,SP
04716,-23.6318720,-46.7038080,sao paulo,SP
04717,-23.6314316,-46.7054236,sao paulo,SP
04718,-23.6321449,-46.7037718,sao paulo,SP
04719,-23.6329414,-46.7069585,sao paulo,SP
04720,-23.6362507,-46.7030915,sao paulo,SP
04721,-23.6409385,-46.7003824,sao paulo,SP
04722,-23.6407302,-46.7038748,sao paulo,SP
04723,-23.6453126,-46.7132429,sao paulo,SP
04724,-23.6453697,-46.7122028,sao paulo,SP
04725,-23.6435926,-46.7050121,sao paulo,SP
04726,-23.6360273,-46.7130025,sao paulo,SP
04727,-23.6424376,-46.7140690,sao paulo,SP
04728,-23.6394082,-46.7145000,sao paulo,SP
04729,-23.6376768,-46.7172619,sao paulo,SP
04730,-23.6419795,-46.7202656,sao paulo,SP
04733,-23.6355299,-46.6940311,sao paulo,SP
04734,-23.6425577,-46.6982942,sao paulo,SP
04735,-23.6426945,-46.6973895,sao paulo,SP
04736,-23.6429177,-46.6966595,sao paulo,SP
04737,-23.6444398,-46.6956528,sao paulo,SP
04738,-23.6423102,-46.6953826,sao paulo,SP
04739,-23.6456066,-46.6988492,sao paulo,SP
04740,-23.6465982,-46.6929846,sao paulo,SP
04741,-23.6494151,-46.7006984,sao paulo,SP
04742,-23.6509366,-46.7009058,sao paulo,SP
04743,-23.6532524,-46.7036190,sao paulo,SP
04744,-23.6566116,-46.7067276,sao paulo,SP
04745,-23.6565279,-46.7054359,sao paulo,SP
04746,-23.6588718,-46.7079321,sao paulo,SP
04747,-23.6567181,-46.6978088,sao paulo,SP
04748,-23.6497499,-46.6894850,sao paulo,SP
04750,-23.6470903,-46.7048209,sao paulo,SP
04751,-23.6518050,-46.7074938,sao paulo,SP
04752,-23.6532557,-46.7118348,sao paulo,SP
04753,-23.6543496,-46.7137892,sao paulo,SP
04754,-23.6522818,-46.7154823,sao paulo,SP
04755,-23.6471846,-46.7138386,sao paulo,SP
04756,-23.6469838,-46.7187216,sao paulo,SP
04757,-23.6510836,-46.7196263,sao paulo,SP
04760,-23.6636220,-46.7152008,sao paulo,SP
04761,-23.6628434,-46.7180274,sao paulo,SP
04762,-23.6651959,-46.7195490,sao paulo,SP
04763,-23.6695851,-46.7185733,sao paulo,SP
04764,-23.6723916,-46.7146516,sao paulo,SP
04765,-23.6732553,-46.7114002,sao paulo,SP
04766,-23.6718663,-46.7094364,sao paulo,SP
04767,-23.6775864,-46.7065080,sao paulo,SP
04768,-23.6727308,-46.7119332,sao paulo,SP
04770,-23.6809918,-46.7154198,sao paulo,SP
04771,-23.6815869,-46.7120737,sao paulo,SP
04772,-23.6877895,-46.7149564,sao paulo,SP
04773,-23.6822473,-46.7089856,sao paulo,SP
04774,-23.6844297,-46.7070038,sao paulo,SP
04775,-23.6854218,-46.7003945,sao paulo,SP
04776,-23.6870076,-46.7024030,sao paulo,SP
04777,-23.6954915,-46.6982296,sao paulo,SP
04778,-23.6322336,-46.7056466,sao paulo,SP
04779,-23.6602343,-46.7203902,sao paulo,SP
04781,-23.6863031,-46.7045127,sao paulo,SP
04782,-23.6910130,-46.7038101,sao paulo,SP
04783,-23.6947012,-46.7043429,sao paulo,SP
04784,-23.6831381,-46.7075907,sao paulo,SP
04785,-23.6934690,-46.7112850,sao paulo,SP
04786,-23.7023236,-46.7049943,sao paulo,SP
04787,-23.6974328,-46.7101215,sao paulo,SP
04788,-23.7035854,-46.7102841,sao paulo,SP
04789,-23.7066903,-46.7083856,sao paulo,SP
04792,-23.7016824,-46.7038046,sao paulo,SP
04794,-23.6201158,-46.6997875,sao paulo,SP
04795,-23.6630245,-46.7108840,sao paulo,SP
04801,-23.7137132,-46.6992436,sao paulo,SP
04802,-23.7096663,-46.7058640,sao paulo,SP
04803,-23.7161330,-46.7096381,sao paulo,SP
04805,-23.7150155,-46.7034890,sao paulo,SP
04806,-23.7117782,-46.7027293,sao paulo,SP
04807,-23.7138436,-46.6985894,sao paulo,SP
04808,-23.7141037,-46.7046042,são paulo,SP
04809,-23.7169162,-46.6946932,sao paulo,SP
04810,-23.7113583,-46.6979483,sao paulo,SP
04811,-23.7104191,-46.6932544,sao paulo,SP
04812,-23.7131901,-46.6874065,sao paulo,SP
04813,-23.7203259,-46.6870052,sao paulo,SP
04814,-23.7254804,-46.6785272,sao paulo,SP
04815,-23.7038085,-46.6912980,sao paulo,SP
04816,-23.7051575,-46.6863248,sao paulo,SP
04820,-23.7362772,-46.6870713,sao paulo,SP
04821,-23.7257668,-46.6874307,sao paulo,SP
04822,-23.7332657,-46.6903536,sao paulo,SP
04823,-23.7244808,-46.6952500,sao paulo,SP
04824,-23.7300835,-46.6950820,sao paulo,SP
04826,-23.7232903,-46.7101894,sao paulo,SP
04827,-23.7216150,-46.7017825,sao paulo,SP
04828,-23.7256549,-46.7044517,sao paulo,SP
04829,-23.7301422,-46.7095095,sao paulo,SP
04830,-23.7317737,-46.7012648,sao paulo,SP
04831,-23.7345136,-46.7136468,sao paulo,SP
04832,-23.7347698,-46.7156065,sao paulo,SP
04833,-23.7434975,-46.7063287,sao paulo,SP
04835,-23.7376348,-46.7048117,sao paulo,SP
04836,-23.7438212,-46.7102150,sao paulo,SP
04837,-23.7428992,-46.7044154,sao paulo,SP
04840,-23.7554077,-46.6829827,sao paulo,SP
04841,-23.7387089,-46.6893330,sao paulo,SP
04842,-23.7449700,-46.6852869,sao paulo,SP
04843,-23.7428774,-46.6944175,sao paulo,SP
04844,-23.7510695,-46.7017691,sao paulo,SP
04845,-23.7470723,-46.6912952,sao paulo,SP
04846,-23.7447846,-46.6781425,sao paulo,SP
04847,-23.7546830,-46.6963150,sao paulo,SP
04848,-23.7327487,-46.6775280,sao paulo,SP
04849,-23.7193111,-46.6603972,sao paulo,SP
04850,-23.7479474,-46.6818059,sao paulo,SP
04851,-23.7315952,-46.6666169,sao paulo,SP
04852,-23.7609128,-46.6708558,sao paulo,SP
04853,-23.7683030,-46.6738535,sao paulo,SP
04854,-23.7469371,-46.6907951,sao paulo,SP
04855,-23.7582573,-46.6807145,sao paulo,SP
04856,-23.7699100,-46.6860906,sao paulo,SP
04857,-23.7639730,-46.6880815,sao paulo,SP
04858,-23.7716961,-46.7125191,sao paulo,SP
04859,-23.7662969,-46.7045484,sao paulo,SP
04860,-23.7618725,-46.7146395,sao paulo,SP
04862,-23.7619119,-46.6994077,sao paulo,SP
04863,-23.7621677,-46.7063778,sao paulo,SP
04864,-23.7682942,-46.7210480,sao paulo,SP
04865,-23.7832486,-46.7064105,sao paulo,SP
04866,-23.7865058,-46.7177087,sao paulo,SP
04867,-23.6964923,-46.7339437,sao paulo,SP
04870,-23.7576312,-46.7560919,sao paulo,SP
04872,-23.7163716,-46.6393452,sao paulo,SP
04875,-23.8206022,-46.6853599,são paulo,SP
04877,-23.8608621,-46.6445291,sao paulo,SP
04880,-23.7883605,-46.7202504,sao paulo,SP
04881,-23.7943322,-46.7304049,sao paulo,SP
04882,-23.8093105,-46.7571105,sao paulo,SP
04883,-23.8133301,-46.7349744,sao paulo,SP
04884,-23.8019352,-46.7026801,sao paulo,SP
04886,-23.8346620,-46.7579745,sao paulo,SP
04888,-23.8270275,-46.7368387,sao paulo,SP
04890,-23.8286859,-46.7227852,sao paulo,SP
04891,-23.8026908,-46.7315008,sao paulo,SP
04892,-23.8466464,-46.7151460,sao paulo,SP
04893,-23.8080318,-46.6866961,sao paulo,SP
04894,-23.8479758,-46.7521357,sao paulo,SP
04895,-23.8121236,-46.6987883,sao paulo,SP
04896,-23.8412310,-46.7071353,sao paulo,SP
04897,-23.8142014,-46.6890687,sao paulo,SP
04898,-23.7349298,-46.6350930,sao paulo,SP
04902,-23.6719153,-46.7326372,sao paulo,SP
04904,-23.6737941,-46.7374254,sao paulo,SP
04905,-23.6747253,-46.7506021,sao paulo,SP
04906,-23.6755501,-46.7552649,sao paulo,SP
04909,-23.6789400,-46.7362813,sao paulo,SP
04910,-23.6845060,-46.7380670,sao paulo,SP
04911,-23.6803833,-46.7404964,sao paulo,SP
04912,-23.6824052,-46.7446006,sao paulo,SP
04913,-23.6770396,-46.7406947,sao paulo,SP
04914,-23.6764194,-46.7452517,sao paulo,SP
04915,-23.6814255,-46.7482854,sao paulo,SP
04916,-23.6857887,-46.7507108,sao paulo,SP
04917,-23.6863440,-46.7458791,sao paulo,SP
04918,-23.6906360,-46.7446901,sao paulo,SP
04919,-23.6933914,-46.7631878,sao paulo,SP
04920,-23.6917370,-46.7567581,sao paulo,SP
04921,-23.6946722,-46.7520037,sao paulo,SP
04922,-23.6907230,-46.7392880,sao paulo,SP
04923,-23.7044425,-46.7481470,sao paulo,SP
04925,-23.7060927,-46.7456252,sao paulo,SP
04926,-23.7027467,-46.7412524,sao paulo,SP
04928,-23.7070810,-46.7327613,sao paulo,SP
04929,-23.6998867,-46.7652352,sao paulo,SP
04930,-23.6804359,-46.7527267,sao paulo,SP
04931,-23.6804707,-46.7556332,sao paulo,SP
04932,-23.6794183,-46.7562059,sao paulo,SP
04933,-23.6823847,-46.7645452,sao paulo,SP
04935,-23.6844094,-46.7672422,sao paulo,SP
04937,-23.6860273,-46.7612229,sao paulo,SP
04938,-23.6900249,-46.7614090,sao paulo,SP
04939,-23.6902356,-46.7703899,sao paulo,SP
04940,-23.6885629,-46.7661379,sao paulo,SP
04941,-23.7007741,-46.7744696,sao paulo,SP
04942,-23.6977513,-46.7755177,sao paulo,SP
04943,-23.7053002,-46.7882651,sao paulo,SP
04944,-23.7113693,-46.7763940,sao paulo,SP
04945,-23.7133896,-46.7782693,sao paulo,SP
04947,-23.7198009,-46.7591744,sao paulo,SP
04948,-23.7034873,-46.7804812,sao paulo,SP
04949,-23.7203359,-46.7698361,sao paulo,SP
04950,-23.7225741,-46.7591253,sao paulo,SP
04951,-23.7273287,-46.7585347,sao paulo,SP
04952,-23.7207566,-46.7527966,sao paulo,SP
04953,-23.7230303,-46.7555647,sao paulo,SP
04955,-23.7621830,-46.6843127,sao paulo,SP
04960,-23.7239695,-46.7826376,sao paulo,SP
04961,-23.6819932,-46.7559507,sao paulo,SP
04962,-23.7363209,-46.7825822,sao paulo,SP
04963,-23.7492595,-46.7790985,sao paulo,SP
04965,-23.7380877,-46.7779996,sao paulo,SP
04966,-23.7275653,-46.7839573,sao paulo,SP
05001,-23.5274748,-46.6737937,sao paulo,SP
05002,-23.5295077,-46.6735476,sao paulo,SP
05003,-23.5275901,-46.6756928,sao paulo,SP
05004,-23.5326835,-46.6655863,sao paulo,SP
05005,-23.5323448,-46.6712807,sao paulo,SP
05006,-23.5351013,-46.6677916,sao paulo,SP
05007,-23.5347761,-46.6717650,sao paulo,SP
05008,-23.5345734,-46.6751096,sao paulo,SP
05009,-23.5341312,-46.6785910,sao paulo,SP
05010,-23.5351958,-46.6798136,sao paulo,SP
05011,-23.5357833,-46.6817146,sao paulo,SP
05012,-23.5390329,-46.6793327,sao paulo,SP
05013,-23.5376691,-46.6681402,sao paulo,SP
05014,-23.5365919,-46.6701208,sao paulo,SP
05015,-23.5358765,-46.6709389,sao paulo,SP
05016,-23.5381371,-46.6767884,sao paulo,SP
05017,-23.5371137,-46.6796784,sao paulo,SP
05018,-23.5348803,-46.6805692,sao paulo,SP
05019,-23.5345730,-46.6822931,sao paulo,SP
05020,-23.5347695,-46.6841683,sao paulo,SP
05021,-23.5327040,-46.6848503,sao paulo,SP
05022,-23.5348468,-46.6884523,sao paulo,SP
05023,-23.5304003,-46.6848088,sao paulo,SP
05024,-23.5301417,-46.6854094,sao paulo,SP
05025,-23.5338416,-46.6882129,sao paulo,SP
05026,-23.5305716,-46.6894128,sao paulo,SP
05027,-23.5322972,-46.6923778,sao paulo,SP
05028,-23.5370654,-46.6928428,sao paulo,SP
05029,-23.5410460,-46.6938460,sao paulo,SP
05030,-23.5420731,-46.6917577,sao paulo,SP
05033,-23.5231578,-46.6853207,sao paulo,SP
05034,-23.5115176,-46.6838008,sao paulo,SP
05035,-23.5097455,-46.7194986,sao paulo,SP
05036,-23.5156761,-46.6882328,sao paulo,SP
05037,-23.5136227,-46.6890800,sao paulo,SP
05038,-23.5146089,-46.6990445,sao paulo,SP
05040,-23.5130966,-46.7079316,sao paulo,SP
05041,-23.5238599,-46.6958055,sao paulo,SP
05042,-23.5248597,-46.6920101,sao paulo,SP
05043,-23.5257006,-46.6916917,sao paulo,SP
05044,-23.5286079,-46.6947181,sao paulo,SP
05045,-23.5288023,-46.6952972,sao paulo,SP
05046,-23.5304934,-46.6977690,sao paulo,SP
05047,-23.5253525,-46.6994038,sao paulo,SP
05048,-23.5312592,-46.6973545,sao paulo,SP
05049,-23.5270984,-46.7005444,sao paulo,SP
05050,-23.5234946,-46.7014121,sao paulo,SP
05051,-23.5274302,-46.6960284,sao paulo,SP
05052,-23.5332107,-46.7010402,sao paulo,SP
05053,-23.5376132,-46.6995599,sao paulo,SP
05054,-23.5402641,-46.7001126,sao paulo,SP
05055,-23.5326665,-46.7031345,sao paulo,SP
05056,-23.5324148,-46.7051154,sao paulo,SP
05057,-23.5321330,-46.7072110,sao paulo,SP
05058,-23.5320324,-46.7083457,sao paulo,SP
05059,-23.5334934,-46.7113010,sao paulo,SP
05060,-23.5286423,-46.7086178,sao paulo,SP
05061,-23.5395536,-46.7047188,sao paulo,SP
05065,-23.5188450,-46.6955727,sao paulo,SP
05068,-23.5162367,-46.7022548,sao paulo,SP
05069,-23.5145592,-46.7066973,sao paulo,SP
05072,-23.5214222,-46.7034844,sao paulo,SP
05073,-23.5228970,-46.7062788,sao paulo,SP
05074,-23.5198687,-46.7055926,sao paulo,SP
05075,-23.5227582,-46.7087294,sao paulo,SP
05076,-23.5220735,-46.7102224,sao paulo,SP
05077,-23.5204680,-46.7205189,sao paulo,SP
05078,-23.5228846,-46.7171682,sao paulo,SP
05079,-23.5262302,-46.7118442,sao paulo,SP
05080,-23.5273477,-46.7142321,sao paulo,SP
05081,-23.5272307,-46.7145995,sao paulo,SP
05082,-23.5294220,-46.7176336,sao paulo,SP
05083,-23.5329562,-46.7167968,sao paulo,SP
05084,-23.5297418,-46.7217415,sao paulo,SP
05085,-23.5260112,-46.7288876,sao paulo,SP
05086,-23.5240192,-46.7287184,sao paulo,SP
05087,-23.5243082,-46.7258936,sao paulo,SP
05088,-23.5253529,-46.7263616,sao paulo,SP
05089,-23.5204335,-46.7266893,sao paulo,SP
05092,-23.5122313,-46.7151800,sao paulo,SP
05093,-23.5162332,-46.7199633,sao paulo,SP
05094,-23.5114490,-46.7192168,sao paulo,SP
05095,-23.5119749,-46.7178203,sao paulo,SP
05101,-23.5048912,-46.7265880,sao paulo,SP
05102,-23.5176703,-46.7506927,sao paulo,SP
05103,-23.5141916,-46.7527970,sao paulo,SP
05104,-23.5138771,-46.7562177,sao paulo,SP
05105,-23.5120984,-46.7573291,sao paulo,SP
05106,-23.5109340,-46.7363276,sao paulo,SP
05107,-23.5182666,-46.7516851,sao paulo,SP
05108,-23.5093242,-46.7580596,sao paulo,SP
05109,-23.5038416,-46.7605781,sao paulo,SP
05110,-23.4937040,-46.7503508,sao paulo,SP
05112,-23.4755433,-46.7672750,sao paulo,SP
05113,-23.4798558,-46.7583547,sao paulo,SP
05114,-23.5078229,-46.7520617,sao paulo,SP
05115,-23.5102369,-46.7504368,sao paulo,SP
05116,-23.5126555,-46.7465414,sao paulo,SP
05117,-23.5133806,-46.7435577,sao paulo,SP
05118,-23.5161899,-46.7419671,sao paulo,SP
05119,-23.4943819,-46.7360257,sao paulo,SP
05120,-23.5119294,-46.7313837,são paulo,SP
05121,-23.5075951,-46.7299640,sao paulo,SP
05122,-23.5049785,-46.7348960,sao paulo,SP
05123,-23.5055489,-46.7379687,sao paulo,SP
05124,-23.5045086,-46.7363910,sao paulo,SP
05125,-23.5027230,-46.7387279,sao paulo,SP
05126,-23.5021256,-46.7411421,sao paulo,SP
05127,-23.4975447,-46.7389414,sao paulo,SP
05128,-23.4928080,-46.7407017,sao paulo,SP
05131,-23.4987892,-46.7441402,sao paulo,SP
05132,-23.5051894,-46.7446668,sao paulo,SP
05133,-23.4928775,-46.7434987,sao paulo,SP
05134,-23.4877500,-46.7441016,sao paulo,SP
05135,-23.4937360,-46.7483057,sao paulo,SP
05136,-23.5009884,-46.7487625,sao paulo,SP
05138,-23.4847697,-46.7341427,sao paulo,SP
05139,-23.4890067,-46.7315743,sao paulo,SP
05140,-23.4899801,-46.7271204,sao paulo,SP
05141,-23.4920240,-46.7289841,sao paulo,SP
05142,-23.4942174,-46.7269788,sao paulo,SP
05143,-23.4962113,-46.7223877,sao paulo,SP
05144,-23.4998291,-46.7225174,sao paulo,SP
05145,-23.5032574,-46.7203540,sao paulo,SP
05154,-23.4952964,-46.7465803,sao paulo,SP
05157,-23.4856604,-46.7631634,sao paulo,SP
05158,-23.4897997,-46.7589778,sao paulo,SP
05159,-23.4879722,-46.7521278,sao paulo,SP
05160,-23.4858455,-46.7506116,sao paulo,SP
05161,-23.4858165,-46.7563054,sao paulo,SP
05162,-23.4815504,-46.7557641,sao paulo,SP
05163,-23.4815970,-46.7648064,sao paulo,SP
05164,-23.4843907,-46.7191492,sao paulo,SP
05165,-23.4819443,-46.7529533,sao paulo,SP
05170,-23.4835834,-46.7480705,sao paulo,SP
05171,-23.4776384,-46.7492200,sao paulo,SP
05172,-23.4813140,-46.7434496,sao paulo,SP
05173,-23.4795961,-46.7420956,sao paulo,SP
05174,-23.4799349,-46.7421775,sao paulo,SP
05175,-23.4753399,-46.7385488,sao paulo,SP
05176,-23.4770628,-46.7119118,sao paulo,SP
05177,-23.4826405,-46.7456187,sao paulo,SP
05180,-23.4589468,-46.7495371,sao paulo,SP
05181,-23.4558615,-46.7440916,sao paulo,SP
05182,-23.4506654,-46.7462847,sao paulo,SP
05183,-23.4526361,-46.7523993,sao paulo,SP
05184,-23.4568784,-46.7549109,sao paulo,SP
05185,-23.4415135,-46.7479074,sao paulo,SP
05186,-23.4347243,-46.7514480,sao paulo,SP
05187,-23.4446403,-46.7504752,sao paulo,SP
05201,-23.4130455,-46.7236778,sao paulo,SP
05202,-23.4020645,-46.7471440,sao paulo,SP
05203,-23.4075938,-46.7463691,sao paulo,SP
05204,-23.4076191,-46.7552358,sao paulo,SP
05205,-23.4095322,-46.7642834,sao paulo,SP
05206,-23.4045794,-46.7631967,sao paulo,SP
05207,-23.3987751,-46.7528747,sao paulo,SP
05208,-23.4133069,-46.7544795,sao paulo,SP
05209,-23.4315141,-46.7271295,sao paulo,SP
05210,-23.4300762,-46.7472121,sao paulo,SP
05211,-23.4089887,-46.7593887,sao paulo,SP
05212,-23.4153470,-46.7474435,sao paulo,SP
05215,-23.3918088,-46.7349397,sao paulo,SP
05220,-23.4049907,-46.7261379,sao paulo,SP
05223,-23.4096111,-46.7397685,sao paulo,SP
05224,-23.4130602,-46.7436632,sao paulo,SP
05240,-23.4294803,-46.7637907,sao paulo,SP
05263,-23.5126058,-46.5614570,sao paulo,SP
05264,-23.4457766,-46.7851327,sao paulo,SP
05265,-23.4511517,-46.7900926,sao paulo,SP
05266,-23.4462280,-46.7998191,sao paulo,SP
05267,-23.4406080,-46.7923558,sao paulo,SP
05268,-23.4408555,-46.7839863,sao paulo,SP
05269,-23.4335008,-46.7891795,sao paulo,SP
05270,-23.5449158,-46.6483166,sao paulo,SP
05271,-23.4297098,-46.7942297,sao paulo,SP
05272,-23.4772734,-46.7674052,sao paulo,SP
05273,-23.4381424,-46.7957171,sao paulo,SP
05274,-23.4582023,-46.7932623,sao paulo,SP
05275,-23.4258840,-46.8067333,sao paulo,SP
05276,-23.4975114,-46.4914722,sao paulo,SP
05279,-23.5427985,-46.5778620,sao paulo,SP
05280,-23.4379094,-46.7707000,sao paulo,SP
05281,-23.4693662,-46.7585316,sao paulo,SP
05282,-23.4639839,-46.7549567,sao paulo,SP
05283,-23.4415865,-46.7753048,sao paulo,SP
05301,-23.5339514,-46.7223281,sao paulo,SP
05302,-23.5305616,-46.7268871,sao paulo,SP
05303,-23.5276810,-46.7306233,sao paulo,SP
05304,-23.5242078,-46.7351681,sao paulo,SP
05305,-23.5319698,-46.7294959,sao paulo,SP
05307,-23.5225704,-46.7421713,sao paulo,SP
05308,-23.5265281,-46.7427409,sao paulo,SP
05310,-23.5433364,-46.7349220,são paulo,SP
05311,-23.5283838,-46.7399543,sao paulo,SP
05312,-23.5299941,-46.7375067,sao paulo,SP
05313,-23.5305228,-46.7371777,sao paulo,SP
05314,-23.5306466,-46.7364526,sao paulo,SP
05315,-23.5333745,-46.7312813,sao paulo,SP
05316,-23.5349487,-46.7339160,sao paulo,SP
05317,-23.5460402,-46.7327655,sao paulo,SP
05318,-23.5355335,-46.7296372,sao paulo,SP
05319,-23.5418123,-46.7306865,sao paulo,SP
05321,-23.5438752,-46.7415250,sao paulo,SP
05322,-23.5396214,-46.7514623,sao paulo,SP
05323,-23.5434008,-46.7525129,sao paulo,SP
05324,-23.5406916,-46.7565733,sao paulo,SP
05325,-23.5394240,-46.7587144,sao paulo,SP
05326,-23.5433379,-46.7577757,sao paulo,SP
05327,-23.5452930,-46.7576464,sao paulo,SP
05328,-23.5428858,-46.7559675,sao paulo,SP
05329,-23.5734940,-46.7379046,sao paulo,SP
05330,-23.5429373,-46.7481929,sao paulo,SP
05331,-23.5453833,-46.7487831,sao paulo,SP
05332,-23.5461982,-46.7472793,sao paulo,SP
05333,-23.5426215,-46.7437779,sao paulo,SP
05334,-23.5479796,-46.7467101,sao paulo,SP
05335,-23.5461885,-46.7536073,sao paulo,SP
05336,-23.5449248,-46.7533304,sao paulo,SP
05337,-23.5521866,-46.7497208,sao paulo,SP
05338,-23.5531203,-46.7498088,sao paulo,SP
05339,-23.5544742,-46.7554875,sao paulo,SP
05340,-23.5531509,-46.7551766,sao paulo,SP
05343,-23.5540802,-46.7507653,sao paulo,SP
05344,-23.5530250,-46.7452439,sao paulo,SP
05345,-23.5513435,-46.7441821,sao paulo,SP
05346,-23.5560176,-46.7444443,sao paulo,SP
05347,-23.5534623,-46.7383142,sao paulo,SP
05348,-23.5475314,-46.7370526,sao paulo,SP
05350,-23.5675702,-46.7544327,sao paulo,SP
05351,-23.5594901,-46.7547504,sao paulo,SP
05352,-23.5555714,-46.7588271,sao paulo,SP
05353,-23.5603391,-46.7509159,sao paulo,SP
05356,-23.5632399,-46.7536080,sao paulo,SP
05358,-23.5719087,-46.7500441,sao paulo,SP
05359,-23.5700435,-46.7442424,sao paulo,SP
05360,-23.5687292,-46.7383389,sao paulo,SP
05361,-23.5665034,-46.7484688,sao paulo,SP
05362,-23.5726606,-46.7409204,sao paulo,SP
05363,-23.5729931,-46.7471264,sao paulo,SP
05364,-23.5714544,-46.7522002,sao paulo,SP
05365,-23.5761282,-46.7477895,sao paulo,SP
05366,-23.5777767,-46.7560863,sao paulo,SP
05367,-23.5719028,-46.7553014,sao paulo,SP
05368,-23.5786985,-46.7522590,sao paulo,SP
05369,-23.5705539,-46.7446936,sao paulo,SP
05371,-23.5832960,-46.7539972,sao paulo,SP
05372,-23.5798303,-46.7575135,sao paulo,SP
05373,-23.5836016,-46.7585858,sao paulo,SP
05374,-23.5792255,-46.7605403,sao paulo,SP
05376,-23.5809280,-46.7665246,sao paulo,SP
05379,-23.5658173,-46.7526875,sao paulo,SP
05381,-23.5721899,-46.7617567,sao paulo,SP
05382,-23.5746344,-46.7619868,sao paulo,SP
05386,-23.5651231,-46.7597440,sao paulo,SP
05387,-23.5658990,-46.7649983,sao paulo,SP
05388,-23.5691760,-46.7634067,sao paulo,SP
05396,-23.5732832,-46.7698224,sao paulo,SP
05397,-23.5796391,-46.7755880,sao paulo,SP
05398,-23.5741252,-46.7778393,sao paulo,SP
05399,-23.5747178,-46.7791462,sao paulo,SP
05400,-23.5569738,-46.6760364,são paulo,SP
05401,-23.5635262,-46.6771695,sao paulo,SP
05402,-23.5642544,-46.6786843,sao paulo,SP
05403,-23.5576145,-46.6691174,sao paulo,SP
05404,-23.5638381,-46.6837187,sao paulo,SP
05405,-23.5604810,-46.6824982,sao paulo,SP
05406,-23.5582218,-46.6789567,sao paulo,SP
05407,-23.5599832,-46.6850370,sao paulo,SP
05408,-23.5591909,-46.6832582,sao paulo,SP
05409,-23.5574144,-46.6749890,sao paulo,SP
05410,-23.5553689,-46.6772096,sao paulo,SP
05411,-23.5584198,-46.6775439,sao paulo,SP
05412,-23.5567615,-46.6804150,sao paulo,SP
05413,-23.5597659,-46.6800093,sao paulo,SP
05414,-23.5619589,-46.6814570,sao paulo,SP
05415,-23.5626544,-46.6838535,sao paulo,SP
05416,-23.5609486,-46.6884223,sao paulo,SP
05417,-23.5614339,-46.6898460,sao paulo,SP
05418,-23.5640470,-46.6895536,sao paulo,SP
05419,-23.5623203,-46.6944492,sao paulo,SP
05420,-23.5652055,-46.6913733,sao paulo,SP
05421,-23.5649528,-46.6920569,sao paulo,SP
05422,-23.5669221,-46.6874462,sao paulo,SP
05423,-23.5700088,-46.6942563,sao paulo,SP
05424,-23.5687707,-46.6981096,sao paulo,SP
05425,-23.5691856,-46.7001073,sao paulo,SP
05426,-23.5623040,-46.6949521,sao paulo,SP
05427,-23.5633829,-46.6960429,sao paulo,SP
05428,-23.5632181,-46.6982144,sao paulo,SP
05429,-23.5619522,-46.6993246,sao paulo,SP
05432,-23.5571522,-46.6897578,sao paulo,SP
05433,-23.5522914,-46.6911974,sao paulo,SP
05434,-23.5554428,-46.6909642,sao paulo,SP
05435,-23.5516396,-46.6904423,sao paulo,SP
05436,-23.5544611,-46.6853539,sao paulo,SP
05437,-23.5447979,-46.6920571,sao paulo,SP
05438,-23.5452633,-46.6915248,sao paulo,SP
05439,-23.5496016,-46.6894022,sao paulo,SP
05440,-23.5472563,-46.6914252,sao paulo,SP
05441,-23.5458048,-46.6950315,sao paulo,SP
05442,-23.5444284,-46.6973026,sao paulo,SP
05443,-23.5530818,-46.6957490,sao paulo,SP
05444,-23.5574428,-46.6972596,sao paulo,SP
05445,-23.5523181,-46.6981833,sao paulo,SP
05446,-23.5537215,-46.7004292,sao paulo,SP
05447,-23.5485468,-46.7002737,sao paulo,SP
05448,-23.5463989,-46.7005935,sao paulo,SP
05449,-23.5459333,-46.7049562,sao paulo,SP
05450,-23.5480413,-46.7061992,sao paulo,SP
05451,-23.5427114,-46.7024758,sao paulo,SP
05452,-23.5442665,-46.7081080,sao paulo,SP
05453,-23.5423169,-46.7075847,sao paulo,SP
05454,-23.5410018,-46.7104888,sao paulo,SP
05455,-23.5413830,-46.7118545,sao paulo,SP
05458,-23.5418233,-46.7163099,sao paulo,SP
05459,-23.5579217,-46.7029285,sao paulo,SP
05460,-23.5508515,-46.7111209,sao paulo,SP
05461,-23.5478153,-46.7164286,sao paulo,SP
05462,-23.5589646,-46.7044504,sao paulo,SP
05463,-23.5586934,-46.7078857,sao paulo,SP
05464,-23.5506270,-46.7148276,sao paulo,SP
05465,-23.5541491,-46.7160174,sao paulo,SP
05466,-23.5511164,-46.7187766,sao paulo,SP
05467,-23.5435237,-46.7154629,sao paulo,SP
05468,-23.5390502,-46.7157731,sao paulo,SP
05469,-23.5411282,-46.7195575,sao paulo,SP
05470,-23.5408384,-46.7236879,sao paulo,SP
05471,-23.5399673,-46.7260012,sao paulo,SP
05472,-23.5495890,-46.7180190,sao paulo,SP
05477,-23.5519537,-46.7222678,sao paulo,SP
05501,-23.5708078,-46.7049521,sao paulo,SP
05502,-23.5769503,-46.7045131,sao paulo,SP
05503,-23.5702117,-46.7108396,sao paulo,SP
05505,-23.5588378,-46.7120968,sao paulo,SP
05506,-23.5632249,-46.7084841,sao paulo,SP
05507,-23.5668303,-46.7101030,sao paulo,SP
05508,-23.5610221,-46.7277852,sao paulo,SP
05509,-23.5709463,-46.7111722,sao paulo,SP
05510,-23.5729648,-46.7090421,sao paulo,SP
05511,-23.5766119,-46.7086653,sao paulo,SP
05512,-23.5838791,-46.7182552,sao paulo,SP
05513,-23.5815819,-46.7151071,sao paulo,SP
05514,-23.5840068,-46.6878834,sao paulo,SP
05515,-23.5801572,-46.7143064,sao paulo,SP
05516,-23.5817262,-46.7179393,sao paulo,SP
05517,-23.5839834,-46.7221471,sao paulo,SP
05518,-23.5861672,-46.7270021,sao paulo,SP
05519,-23.5890610,-46.7310332,sao paulo,SP
05520,-23.5980583,-46.7407163,sao paulo,SP
05521,-23.5886549,-46.7266543,sao paulo,SP
05522,-23.5922349,-46.7364142,sao paulo,SP
05523,-23.5937103,-46.7402129,sao paulo,SP
05524,-23.5970179,-46.7427654,sao paulo,SP
05525,-23.6017998,-46.7518007,sao paulo,SP
05526,-23.6016589,-46.7468183,sao paulo,SP
05527,-23.5953145,-46.7468041,sao paulo,SP
05528,-23.5946180,-46.7572423,sao paulo,SP
05529,-23.5929673,-46.7360762,sao paulo,SP
05530,-23.5766980,-46.7170518,sao paulo,SP
05531,-23.5794837,-46.7227412,sao paulo,SP
05532,-23.5782081,-46.7237352,sao paulo,SP
05533,-23.5829309,-46.7247107,sao paulo,SP
05534,-23.6013891,-46.7492809,sao paulo,SP
05535,-23.5832709,-46.7314402,sao paulo,SP
05536,-23.5888150,-46.7389463,sao paulo,SP
05537,-23.5859354,-46.7350317,sao paulo,SP
05538,-23.5884826,-46.7379083,sao paulo,SP
05539,-23.5759377,-46.7272156,sao paulo,SP
05540,-23.5761915,-46.7239893,sao paulo,SP
05541,-23.5882875,-46.7417099,sao paulo,SP
05542,-23.5876346,-46.7493357,sao paulo,SP
05543,-23.5887646,-46.7401051,sao paulo,SP
05544,-23.5936208,-46.7661458,sao paulo,SP
05545,-23.5866532,-46.7669011,sao paulo,SP
05546,-23.5865086,-46.7700757,sao paulo,SP
05547,-23.5932893,-46.7725054,sao paulo,SP
05549,-23.5971349,-46.7661582,sao paulo,SP
05550,-23.5782324,-46.7611667,sao paulo,SP
05551,-23.5891379,-46.7612446,sao paulo,SP
05560,-23.5880641,-46.7801628,sao paulo,SP
05563,-23.6017821,-46.7842147,sao paulo,SP
05564,-23.5916812,-46.7703383,sao paulo,SP
05565,-23.5956600,-46.7890835,sao paulo,SP
05566,-23.5929454,-46.7913666,sao paulo,SP
05567,-23.5940273,-46.7861734,sao paulo,SP
05568,-23.5900781,-46.7860738,sao paulo,SP
05569,-23.6003021,-46.7935178,sao paulo,SP
05570,-23.6035738,-46.7951465,sao paulo,SP
05571,-23.5945559,-46.7874887,sao paulo,SP
05572,-23.5967468,-46.7954059,sao paulo,SP
05573,-23.5852637,-46.7405925,sao paulo,SP
05574,-23.5883801,-46.8024267,sao paulo,SP
05576,-23.5871373,-46.7784725,sao paulo,SP
05577,-23.5849887,-46.7672318,sao paulo,SP
05578,-23.5765776,-46.7124093,sao paulo,SP
05579,-23.5713952,-46.7131307,sao paulo,SP
05580,-23.5729956,-46.7175139,sao paulo,SP
05581,-23.5717689,-46.7223077,sao paulo,SP
05582,-23.5737498,-46.7288459,sao paulo,SP
05583,-23.5832754,-46.7871158,sao paulo,SP
05584,-23.5804277,-46.7910633,sao paulo,SP
05585,-23.5711160,-46.7253261,sao paulo,SP
05586,-23.5707223,-46.7285708,sao paulo,SP
05587,-23.5719391,-46.7255351,sao paulo,SP
05588,-23.5760166,-46.7411864,sao paulo,SP
05589,-23.5757691,-46.7381109,sao paulo,SP
05590,-23.5756369,-46.7327365,sao paulo,SP
05591,-23.5788268,-46.7324638,sao paulo,SP
05592,-23.5792374,-46.7371799,sao paulo,SP
05593,-23.5812049,-46.7367486,sao paulo,SP
05594,-23.5825411,-46.7399369,sao paulo,SP
05595,-23.5804106,-46.7427623,sao paulo,SP
05596,-23.5810076,-46.7462060,sao paulo,SP
05601,-23.5819530,-46.7004684,sao paulo,SP
05602,-23.5772147,-46.7047088,sao paulo,SP
05603,-23.5830087,-46.7016596,sao paulo,SP
05604,-23.5872870,-46.7002175,sao paulo,SP
05605,-23.5904718,-46.7040801,sao paulo,SP
05606,-23.5802077,-46.7058473,são paulo,SP
05608,-23.5820632,-46.7067638,sao paulo,SP
05609,-23.5808632,-46.7088265,sao paulo,SP
05610,-23.5851493,-46.7098808,sao paulo,SP
05611,-23.5853079,-46.7126296,sao paulo,SP
05612,-23.5915200,-46.7089710,sao paulo,SP
05613,-23.5899081,-46.7126102,sao paulo,SP
05614,-23.5952152,-46.7113676,sao paulo,SP
05615,-23.5873058,-46.7174071,sao paulo,SP
05616,-23.5884566,-46.7193384,sao paulo,SP
05617,-23.5912820,-46.7200305,sao paulo,SP
05618,-23.5903102,-46.7235725,sao paulo,SP
05619,-23.5911962,-46.7270958,sao paulo,SP
05620,-23.5939912,-46.7240597,sao paulo,SP
05621,-23.5977452,-46.7230306,sao paulo,SP
05622,-23.5991109,-46.7248550,sao paulo,SP
05623,-23.6009059,-46.7267132,sao paulo,SP
05624,-23.5952849,-46.7281985,sao paulo,SP
05625,-23.5962335,-46.7304521,sao paulo,SP
05626,-23.5945489,-46.7334832,sao paulo,SP
05627,-23.5953592,-46.7322989,sao paulo,SP
05628,-23.5996147,-46.7307143,sao paulo,SP
05629,-23.6038267,-46.7292745,sao paulo,SP
05630,-23.6115307,-46.7363666,sao paulo,SP
05632,-23.5995356,-46.7354364,sao paulo,SP
05633,-23.6000148,-46.7396866,sao paulo,SP
05634,-23.6063754,-46.7374914,sao paulo,SP
05635,-23.6028361,-46.7360043,sao paulo,SP
05638,-23.6074762,-46.7403579,sao paulo,SP
05639,-23.6092493,-46.7402897,sao paulo,SP
05640,-23.6163940,-46.7398470,sao paulo,SP
05641,-23.6180888,-46.7368805,sao paulo,SP
05642,-23.6216953,-46.7360229,sao paulo,SP
05650,-23.6108617,-46.6992791,sao paulo,SP
05651,-23.6024262,-46.7236247,sao paulo,SP
05652,-23.5980849,-46.7169078,sao paulo,SP
05653,-23.6014295,-46.7174104,sao paulo,SP
05654,-23.6062141,-46.7163432,sao paulo,SP
05655,-23.6087773,-46.7162541,sao paulo,SP
05656,-23.6129215,-46.7205693,sao paulo,SP
05657,-23.6204542,-46.7170002,sao paulo,SP
05658,-23.6034077,-46.7226868,sao paulo,SP
05659,-23.6094206,-46.7239060,sao paulo,SP
05660,-23.6125440,-46.7271351,sao paulo,SP
05661,-23.6106693,-46.7261604,sao paulo,SP
05662,-23.6120926,-46.7249324,sao paulo,SP
05663,-23.6140120,-46.7268386,sao paulo,SP
05664,-23.6176120,-46.7237956,sao paulo,SP
05665,-23.6188584,-46.7285900,sao paulo,SP
05670,-23.5860193,-46.6969690,sao paulo,SP
05671,-23.5877992,-46.6948455,sao paulo,SP
05672,-23.5905050,-46.6964598,sao paulo,SP
05673,-23.5909295,-46.7012937,sao paulo,SP
05674,-23.5919099,-46.6992473,sao paulo,SP
05675,-23.5949980,-46.7007123,sao paulo,SP
05676,-23.5969649,-46.6986184,sao paulo,SP
05678,-23.5981111,-46.7046723,sao paulo,SP
05679,-23.6014653,-46.7012923,sao paulo,SP
05683,-23.6047738,-46.7080790,sao paulo,SP
05684,-23.6070660,-46.7045844,sao paulo,SP
05685,-23.6070239,-46.7049331,sao paulo,SP
05686,-23.6116644,-46.7028890,sao paulo,SP
05687,-23.6105962,-46.7072833,sao paulo,SP
05688,-23.6112280,-46.7073860,sao paulo,SP
05690,-23.6153097,-46.7046304,sao paulo,SP
05691,-23.6155951,-46.7085954,sao paulo,SP
05692,-23.6191446,-46.7058903,sao paulo,SP
05693,-23.6201818,-46.7028158,sao paulo,SP
05704,-23.6289258,-46.7201750,sao paulo,SP
05705,-23.6258455,-46.7211593,sao paulo,SP
05706,-23.6283639,-46.7247838,sao paulo,SP
05707,-23.6408889,-46.7298381,sao paulo,SP
05709,-23.6178639,-46.7417722,sao paulo,SP
05710,-23.6091104,-46.7450362,sao paulo,SP
05711,-23.6132328,-46.7437239,sao paulo,SP
05712,-23.6213235,-46.7301914,sao paulo,SP
05713,-23.6263727,-46.7303340,sao paulo,SP
05715,-23.6291122,-46.7320708,sao paulo,SP
05716,-23.6304532,-46.7338866,sao paulo,SP
05717,-23.6346177,-46.7323347,sao paulo,SP
05718,-23.6351431,-46.7378201,sao paulo,SP
05723,-23.6419446,-46.7323467,sao paulo,SP
05724,-23.6328096,-46.7357136,sao paulo,SP
05725,-23.6248256,-46.7361222,sao paulo,SP
05726,-23.6254689,-46.7413502,sao paulo,SP
05727,-23.6266482,-46.7395089,sao paulo,SP
05728,-23.6322123,-46.7391926,sao paulo,SP
05729,-23.6346070,-46.7358818,sao paulo,SP
05730,-23.6349709,-46.7414301,sao paulo,SP
05731,-23.6403748,-46.7428219,sao paulo,SP
05734,-23.6256990,-46.7434681,sao paulo,SP
05735,-23.6288850,-46.7489944,sao paulo,SP
05736,-23.6336747,-46.7463948,sao paulo,SP
05741,-23.6106413,-46.7478540,sao paulo,SP
05742,-23.6103788,-46.7499776,sao paulo,SP
05743,-23.6122081,-46.7535947,sao paulo,SP
05745,-23.6145331,-46.7519723,sao paulo,SP
05749,-23.6199064,-46.7466731,sao paulo,SP
05750,-23.6156201,-46.7465758,sao paulo,SP
05752,-23.6185746,-46.7520210,sao paulo,SP
05754,-23.6197601,-46.7540302,sao paulo,SP
05755,-23.6207424,-46.7563257,sao paulo,SP
05756,-23.6244387,-46.7550167,sao paulo,SP
05757,-23.6245433,-46.7599747,sao paulo,SP
05758,-23.6288989,-46.7637949,sao paulo,SP
05759,-23.6302198,-46.7662610,sao paulo,SP
05760,-23.6324676,-46.7665693,sao paulo,SP
05761,-23.6354891,-46.7665933,sao paulo,SP
05762,-23.6409374,-46.7633744,sao paulo,SP
05763,-23.6436482,-46.7590194,sao paulo,SP
05765,-23.6292638,-46.7567614,sao paulo,SP
05766,-23.6309174,-46.7548083,sao paulo,SP
05767,-23.6321143,-46.7607704,sao paulo,SP
05770,-23.6485365,-46.7589500,sao paulo,SP
05772,-23.6395603,-46.7554958,sao paulo,SP
05773,-23.6350250,-46.7550117,sao paulo,SP
05774,-23.6337194,-46.7500923,sao paulo,SP
05775,-23.6354499,-46.7533574,sao paulo,SP
05776,-23.6367314,-46.7465840,sao paulo,SP
05777,-23.6457222,-46.7530386,sao paulo,SP
05778,-23.6417778,-46.7522449,sao paulo,SP
05780,-23.6471236,-46.7526404,sao paulo,SP
05781,-23.6519998,-46.7603352,sao paulo,SP
05782,-23.6512939,-46.7668535,sao paulo,SP
05783,-23.6451369,-46.7691812,sao paulo,SP
05784,-23.6201614,-46.7616532,sao paulo,SP
05785,-23.6248066,-46.7664865,sao paulo,SP
05786,-23.6351917,-46.7724960,sao paulo,SP
05787,-23.6197950,-46.7594858,sao paulo,SP
05788,-23.6317081,-46.7736612,sao paulo,SP
05789,-23.6477002,-46.7777061,sao paulo,SP
05790,-23.6418631,-46.7854422,sao paulo,SP
05791,-23.6463610,-46.7845133,sao paulo,SP
05792,-23.6387989,-46.7730500,sao paulo,SP
05793,-23.6392206,-46.7752460,sao paulo,SP
05794,-23.6414560,-46.7710715,sao paulo,SP
05795,-23.6465608,-46.7758796,sao paulo,SP
05796,-23.6503109,-46.7744322,sao paulo,SP
05797,-23.6547792,-46.7723916,sao paulo,SP
05798,-23.6574015,-46.7680659,sao paulo,SP
05801,-23.6471688,-46.7344909,sao paulo,SP
05802,-23.6585997,-46.7255074,sao paulo,SP
05804,-23.6483173,-46.7317455,sao paulo,SP
05805,-23.6533225,-46.7345112,sao paulo,SP
05812,-23.6558339,-46.7341154,sao paulo,SP
05813,-23.6549091,-46.7316988,sao paulo,SP
05814,-23.6597205,-46.7322508,sao paulo,SP
05815,-23.6619608,-46.7357843,sao paulo,SP
05816,-23.6669380,-46.7390759,sao paulo,SP
05818,-23.6650246,-46.7317206,sao paulo,SP
05819,-23.6658422,-46.7365657,sao paulo,SP
05820,-23.6653449,-46.7400420,sao paulo,SP
05821,-23.6673792,-46.7511663,sao paulo,SP
05822,-23.6630765,-46.7520585,sao paulo,SP
05823,-23.6640567,-46.7498961,sao paulo,SP
05828,-23.6684979,-46.7416574,sao paulo,SP
05830,-23.6694134,-46.7450237,sao paulo,SP
05831,-23.6722955,-46.7478684,sao paulo,SP
05832,-23.6730647,-46.7514013,sao paulo,SP
05833,-23.6709124,-46.7591705,sao paulo,SP
05834,-23.6700751,-46.7551472,sao paulo,SP
05835,-23.6502558,-46.7537247,sao paulo,SP
05836,-23.6462384,-46.7375652,sao paulo,SP
05840,-23.6457638,-46.7406279,sao paulo,SP
05841,-23.6459441,-46.7428423,sao paulo,SP
05842,-23.6502783,-46.7442045,sao paulo,SP
05843,-23.6512188,-46.7369241,sao paulo,SP
05844,-23.6570862,-46.7406186,sao paulo,SP
05845,-23.6541669,-46.7425816,sao paulo,SP
05846,-23.6555013,-46.7424018,sao paulo,SP
05847,-23.6542703,-46.7486195,sao paulo,SP
05848,-23.6581952,-46.7599235,sao paulo,SP
05849,-23.6523662,-46.7557534,sao paulo,SP
05850,-23.6583832,-46.7538039,sao paulo,SP
05851,-23.6635990,-46.7563776,sao paulo,SP
05852,-23.6661249,-46.7574527,sao paulo,SP
05853,-23.6595569,-46.7517727,sao paulo,SP
05854,-23.6608856,-46.7621074,sao paulo,SP
05855,-23.6625588,-46.7643374,sao paulo,SP
05856,-23.6516635,-46.7842870,sao paulo,SP
05857,-23.6567894,-46.7805331,sao paulo,SP
05858,-23.6674888,-46.7823062,sao paulo,SP
05859,-23.6672120,-46.7704328,sao paulo,SP
05860,-23.6647674,-46.7665717,sao paulo,SP
05861,-23.6716249,-46.7646569,sao paulo,SP
05862,-23.6679166,-46.7644434,sao paulo,SP
05863,-23.6769181,-46.7661860,sao paulo,SP
05864,-23.6752740,-46.7613109,sao paulo,SP
05866,-23.6776435,-46.7696859,sao paulo,SP
05867,-23.6730094,-46.7700917,sao paulo,SP
05868,-23.6661062,-46.7793400,sao paulo,SP
05869,-23.6773353,-46.7713809,sao paulo,SP
05870,-23.6806120,-46.7725658,sao paulo,SP
05871,-23.6849290,-46.7728124,sao paulo,SP
05872,-23.6856317,-46.7760697,sao paulo,SP
05873,-23.6899632,-46.7785476,sao paulo,SP
05874,-23.6795849,-46.7728849,sao paulo,SP
05875,-23.6908462,-46.7781474,sao paulo,SP
05876,-23.6972823,-46.7937112,sao paulo,SP
05877,-23.6918863,-46.7906823,sao paulo,SP
05878,-23.6898030,-46.7848099,sao paulo,SP
05879,-23.6887134,-46.7926114,sao paulo,SP
05880,-23.6866889,-46.7882955,sao paulo,SP
05881,-23.6814305,-46.7781462,sao paulo,SP
05882,-23.6807426,-46.7842243,sao paulo,SP
05883,-23.6765878,-46.7794150,sao paulo,SP
05884,-23.6715533,-46.7759833,sao paulo,SP
05885,-23.6750281,-46.7856557,sao paulo,SP
05886,-23.6805769,-46.7924371,sao paulo,SP
05887,-23.6783778,-46.7975687,sao paulo,SP
05888,-23.6731381,-46.7922308,sao paulo,SP
05889,-23.6676179,-46.7836494,sao paulo,SP
05890,-23.6656430,-46.7886177,sao paulo,SP
05891,-23.6630089,-46.7917411,sao paulo,SP
05892,-23.6612581,-46.7863967,sao paulo,SP
05893,-23.6580272,-46.7903321,sao paulo,SP
05894,-23.6524714,-46.7885830,sao paulo,SP
05895,-23.6522652,-46.7857996,sao paulo,SP
06010,-23.5354639,-46.7680626,osasco,SP
06013,-23.5318761,-46.7771633,osasco,SP
06016,-23.5324634,-46.7795431,osasco,SP
06018,-23.5409000,-46.7761130,osasco,SP
06020,-23.5384782,-46.7616217,osasco,SP
06023,-23.5434392,-46.7703163,osasco,SP
06026,-23.5515798,-46.7638750,osasco,SP
06028,-23.5461356,-46.7672638,osasco,SP
06029,-23.5484539,-46.7698181,osasco,SP
06030,-23.5570786,-46.7675788,osasco,SP
06033,-23.5604207,-46.7778998,osasco,SP
06036,-23.5580759,-46.7760210,osasco,SP
06037,-23.5550370,-46.7732626,osasco,SP
06038,-23.5655303,-46.7783672,osasco,SP
06040,-23.5692988,-46.7831081,osasco,SP
06045,-23.5728859,-46.7928779,osasco,SP
06050,-23.5601718,-46.7870900,osasco,SP
06053,-23.5591148,-46.7876256,osasco,SP
06056,-23.5662930,-46.7878214,osasco,SP
06060,-23.5530545,-46.7819810,osasco,SP
06065,-23.5550065,-46.7903447,osasco,SP
06070,-23.5481467,-46.7805288,osasco,SP
06075,-23.5494903,-46.7878309,osasco,SP
06080,-23.5435329,-46.7849216,osasco,SP
06083,-23.5421053,-46.7787284,osasco,SP
06086,-23.5346530,-46.7850642,osasco,SP
06090,-23.5333212,-46.7822554,osasco,SP
06093,-23.5300205,-46.7827681,osasco,SP
06097,-23.5285491,-46.7797883,osasco,SP
06102,-23.5494679,-46.8129782,osasco,SP
06110,-23.5315878,-46.7914251,osasco,SP
06112,-23.5364018,-46.7959957,osasco,SP
06114,-23.5335601,-46.7978046,osasco,SP
06120,-23.5418948,-46.7917887,osasco,SP
06122,-23.5423136,-46.7988168,osasco,SP
06124,-23.5466876,-46.7981098,osasco,SP
06126,-23.5515997,-46.7945234,osasco,SP
06130,-23.5575512,-46.7967872,osasco,SP
06132,-23.5565597,-46.7983884,osasco,SP
06140,-23.5765256,-46.8008743,osasco,SP
06142,-23.5695481,-46.7978643,osasco,SP
06144,-23.5669326,-46.8009356,osasco,SP
06145,-23.5700696,-46.8029594,osasco,SP
06147,-23.5786965,-46.8077303,osasco,SP
06149,-23.5818111,-46.8134160,osasco,SP
06150,-23.5702559,-46.8113080,osasco,SP
06152,-23.5636138,-46.8036090,osasco,SP
06154,-23.5600559,-46.8044684,osasco,SP
06160,-23.5574194,-46.8121289,osasco,SP
06162,-23.5535570,-46.8091396,osasco,SP
06170,-23.5454874,-46.8048655,osasco,SP
06172,-23.5424514,-46.8128489,osasco,SP
06180,-23.5365248,-46.8034106,osasco,SP
06182,-23.5291070,-46.8124181,osasco,SP
06184,-23.5384138,-46.8079965,osasco,SP
06186,-23.5332576,-46.8130922,osasco,SP
06187,-23.5451582,-46.8136661,osasco,SP
06190,-23.5300372,-46.7988822,osasco,SP
06192,-23.5276928,-46.8013498,osasco,SP
06194,-23.5253588,-46.8019023,osasco,SP
06210,-23.5284151,-46.7662710,osasco,SP
06213,-23.5301802,-46.7682227,osasco,SP
06216,-23.5256954,-46.7715912,osasco,SP
06220,-23.5164950,-46.7823581,osasco,SP
06223,-23.5157457,-46.7776406,osasco,SP
06226,-23.5082871,-46.7780962,osasco,SP
06230,-23.5164047,-46.7998400,osasco,SP
06233,-23.5166003,-46.7869737,osasco,SP
06236,-23.5101079,-46.7873548,osasco,SP
06240,-23.5039845,-46.8055531,osasco,SP
06243,-23.5035532,-46.7982543,osasco,SP
06246,-23.4988586,-46.8070658,osasco,SP
06250,-23.5006565,-46.7960034,osasco,SP
06253,-23.4970639,-46.7974493,osasco,SP
06260,-23.4993915,-46.7910430,osasco,SP
06263,-23.4937969,-46.7965163,osasco,SP
06266,-23.4932053,-46.7878892,osasco,SP
06268,-23.5000497,-46.7782273,osasco,SP
06270,-23.4962012,-46.7713798,osasco,SP
06273,-23.4990627,-46.7679386,osasco,SP
06276,-23.4844564,-46.7750680,osasco,SP
06278,-23.4788389,-46.7787544,osasco,SP
06280,-23.5097886,-46.7668485,osasco,SP
06283,-23.5144455,-46.7681610,osasco,SP
06286,-23.5065563,-46.7720587,osasco,SP
06288,-23.5023634,-46.7655598,osasco,SP
06290,-23.5202804,-46.7712885,osasco,SP
06293,-23.5162951,-46.7628805,osasco,SP
06296,-23.5181822,-46.7572959,osasco,SP
06298,-23.5211470,-46.7540356,osasco,SP
06310,-23.5154540,-46.8390895,carapicuiba,SP
06311,-23.5208923,-46.8457828,carapicuiba,SP
06315,-23.5251732,-46.8415477,carapicuiba,SP
06317,-23.5263064,-46.8456941,carapicuiba,SP
06320,-23.5245564,-46.8362748,carapicuiba,SP
06321,-23.5384979,-46.8305585,carapicuiba,SP
06322,-23.5300758,-46.8333960,carapicuiba,SP
06325,-23.5301623,-46.8293446,carapicuiba,SP
06326,-23.5292813,-46.8284804,carapicuiba,SP
06327,-23.5331230,-46.8239540,carapicuiba,SP
06328,-23.5290825,-46.8259560,carapicuiba,SP
06329,-23.5389354,-46.8217920,carapicuiba,SP
06330,-23.5555185,-46.8283386,carapicuiba,SP
06331,-23.5436674,-46.8286835,carapicuiba,SP
06332,-23.5488060,-46.8302405,carapicuiba,SP
06333,-23.5597247,-46.8315412,carapicuiba,SP
06334,-23.5444790,-46.8320789,carapicuiba,SP
06335,-23.5548223,-46.8337587,carapicuiba,SP
06340,-23.5673865,-46.8242503,carapicuiba,SP
06341,-23.5725180,-46.8199528,carapicuiba,SP
06342,-23.5797566,-46.8253585,carapicuiba,SP
06343,-23.5685298,-46.8331525,carapicuiba,SP
06345,-23.5744999,-46.8417883,carapicuiba,SP
06350,-23.5747424,-46.8559436,carapicuiba,SP
06351,-23.5690940,-46.8636300,carapicuiba,SP
06352,-23.5639839,-46.8698165,carapicuiba,SP
06355,-23.5597947,-46.8602295,carapicuiba,SP
06360,-23.5588864,-46.8391293,carapicuiba,SP
06361,-23.5568019,-46.8462247,carapicuiba,SP
06362,-23.5542760,-46.8414455,carapicuiba,SP
06363,-23.5678315,-46.8386144,carapicuiba,SP
06364,-23.5656304,-46.8422982,carapicuiba,SP
06365,-23.5529461,-46.8508234,carapicuiba,SP
06379,-23.5348420,-46.8597227,carapicuíba,SP
06380,-23.5419121,-46.8372101,carapicuiba,SP
06381,-23.5458044,-46.8388232,carapicuiba,SP
06382,-23.5497848,-46.8391571,carapicuiba,SP
06384,-23.5426811,-46.8462759,carapicuiba,SP
06385,-23.5420579,-46.8431239,carapicuiba,SP
06386,-23.5325718,-46.8428229,carapicuiba,SP
06387,-23.5513499,-46.8351419,carapicuiba,SP
06390,-23.5402950,-46.8529899,carapicuiba,SP
06394,-23.5250455,-46.8569542,carapicuiba,SP
06395,-23.5323261,-46.8502245,carapicuiba,SP
06396,-23.5294710,-46.8539799,carapicuiba,SP
06397,-23.5309300,-46.8583290,carapicuiba,SP
06401,-23.5094586,-46.8810806,barueri,SP
06402,-23.5083943,-46.8792379,barueri,SP
06404,-23.5064492,-46.8686082,barueri,SP
06405,-23.4969524,-46.8836439,barueri,SP
06406,-23.5017456,-46.8870324,barueri,SP
06407,-23.5000642,-46.8905595,barueri,SP
06408,-23.4955565,-46.8853870,barueri,SP
06409,-23.4941577,-46.8961061,barueri,SP
06410,-23.5016211,-46.8672342,barueri,SP
06411,-23.5014371,-46.8744182,barueri,SP
06412,-23.4972010,-46.8809925,barueri,SP
06413,-23.4871257,-46.8787439,barueri,SP
06414,-23.4935518,-46.8717040,barueri,SP
06415,-23.4904780,-46.8889592,barueri,SP
06416,-23.4869263,-46.8928357,barueri,SP
06417,-23.4861494,-46.8839406,barueri,SP
06418,-23.4828873,-46.8857871,barueri,SP
06419,-23.4769337,-46.8853004,barueri,SP
06420,-23.5122186,-46.8959580,barueri,SP
06421,-23.5086523,-46.9012551,barueri,SP
06422,-23.5167294,-46.8999874,barueri,SP
06423,-23.4973857,-46.9060978,barueri,SP
06424,-23.4959015,-46.8746867,barueri,SP
06428,-23.4965304,-46.9577289,barueri,SP
06429,-23.4896879,-46.9529152,barueri,SP
06433,-23.5261075,-46.8880078,barueri,SP
06434,-23.5299169,-46.8892605,barueri,SP
06435,-23.5316561,-46.8842021,barueri,SP
06436,-23.5377003,-46.8888839,barueri,SP
06437,-23.5443355,-46.8887470,barueri,SP
06440,-23.5109217,-46.8599235,barueri,SP
06442,-23.5158458,-46.8734453,barueri,SP
06443,-23.5394545,-46.8643619,barueri,SP
06444,-23.5426608,-46.8837959,barueri,SP
06445,-23.5291543,-46.8647692,barueri,SP
06447,-23.5414516,-46.8771568,barueri,SP
06448,-23.5480112,-46.8756940,barueri,SP
06449,-23.5421215,-46.8686738,barueri,SP
06453,-23.4970780,-46.8510584,barueri,SP
06454,-23.4957865,-46.8474835,barueri,SP
06455,-23.5011239,-46.8497016,barueri,SP
06458,-23.4912768,-46.8259054,barueri,SP
06460,-23.4987961,-46.8330582,barueri,SP
06462,-23.4853971,-46.8097938,barueri,SP
06463,-23.5024035,-46.8134634,barueri,SP
06465,-23.4985207,-46.8505371,barueri,SP
06470,-23.4947604,-46.8586548,barueri,SP
06471,-23.4864772,-46.8533763,barueri,SP
06472,-23.4852615,-46.8526213,barueri,SP
06473,-23.4836741,-46.8634770,barueri,SP
06474,-23.4877585,-46.8462219,barueri,SP
06475,-23.4871152,-46.8372006,barueri,SP
06480,-23.4880183,-46.8555105,barueri,SP
06485,-23.4833015,-46.8477611,barueri,SP
06501,-23.4440287,-46.9155091,santana de parnaiba,SP
06502,-23.4453559,-46.9249827,santana de parnaiba,SP
06503,-23.4562769,-46.9371937,santana de parnaiba,SP
06504,-23.4396466,-46.9365531,santana de parnaiba,SP
06505,-23.4121327,-46.9412448,santana de parnaiba,SP
06506,-23.4186139,-46.9588763,santana de parnaiba,SP
06509,-23.4518579,-46.9468974,santana de parnaiba,SP
06513,-23.4615734,-46.9152951,santana de parnaiba,SP
06514,-23.4732468,-46.9122150,santana de parnaiba,SP
06515,-23.4737027,-46.8965127,santana de parnaiba,SP
06516,-23.4810483,-46.8935367,santana de parnaiba,SP
06517,-23.4761102,-46.9339743,santana de parnaiba,SP
06519,-23.4913321,-46.9637813,santana de parnaiba,SP
06520,-23.4779764,-46.9750882,santana de parnaiba,SP
06523,-23.4934960,-47.0006339,santana de parnaiba,SP
06524,-23.4757317,-47.0040941,santana de parnaiba,SP
06525,-23.4165503,-46.8933784,santana de parnaiba,SP
06526,-23.4294839,-46.9219823,santana de parnaiba,SP
06528,-23.4082921,-46.8972321,santana de parnaiba,SP
06529,-23.4042579,-46.8834522,santana de parnaiba,SP
06530,-23.4106489,-46.8847941,santana de parnaiba,SP
06531,-23.4205720,-46.8751874,santana de parnaiba,SP
06532,-23.4421302,-46.8879248,santana de parnaiba,SP
06533,-23.4221362,-46.8736141,santana de parnaiba,SP
06534,-23.4146616,-46.8688435,santana de parnaiba,SP
06535,-23.4254983,-46.8557306,santana de parnaiba,SP
06537,-23.4290463,-46.8268465,santana de parnaiba,SP
06539,-23.4650395,-46.8849967,santana de parnaiba,SP
06540,-23.4539183,-46.8825878,santana de parnaiba,SP
06541,-23.4629859,-46.8726411,santana de parnaiba,SP
06542,-23.4736057,-46.8685002,santana de parnaiba,SP
06543,-23.4699443,-46.8480674,santana de parnaiba,SP
06544,-23.4637032,-46.8524729,santana de parnaiba,SP
06550,-23.4030477,-46.9951163,pirapora do bom jesus,SP
06600,-23.5323538,-46.9013523,jandira,SP
06602,-23.5342575,-46.8974844,jandira,SP
06604,-23.5392795,-46.9040208,jandira,SP
06606,-23.5329494,-46.9073312,jandira,SP
06608,-23.5338068,-46.9148996,jandira,SP
06609,-23.5351359,-46.9108108,jandira,SP
06610,-23.5241861,-46.9208810,jandira,SP
06612,-23.5209782,-46.9190628,jandira,SP
06616,-23.5246641,-46.9111960,jandira,SP
06618,-23.5249658,-46.8987320,jandira,SP
06620,-23.5472985,-46.8925049,jandira,SP
06622,-23.5467034,-46.8998362,jandira,SP
06624,-23.5481804,-46.9103600,jandira,SP
06626,-23.5415921,-46.9116044,jandira,SP
06630,-23.5553004,-46.8903468,jandira,SP
06631,-23.5449983,-46.9043034,jandira,SP
06633,-23.5305532,-46.8862398,jandira,SP
06634,-23.5593365,-46.9046537,jandira,SP
06636,-23.5566199,-46.8990406,jandira,SP
06642,-23.5574495,-46.8772897,jandira,SP
06648,-23.5485219,-46.8670865,jandira,SP
06650,-23.5445890,-46.9351587,itapevi,SP
06652,-23.5496037,-46.9263269,itapevi,SP
06653,-23.5470535,-46.9297209,itapevi,SP
06654,-23.5389058,-46.9241013,itapevi,SP
06655,-23.5649643,-46.9755131,itapevi,SP
06656,-23.5546251,-46.9234372,itapevi,SP
06657,-23.5572978,-46.9291282,itapevi,SP
06660,-23.5485446,-46.9557886,itapevi,SP
06663,-23.5576475,-46.9397826,itapevi,SP
06665,-23.5641705,-46.9730561,itapevi,SP
06670,-23.5861129,-46.9653671,itapevi,SP
06673,-23.5549440,-46.9119465,itapevi,SP
06675,-23.5474274,-46.9712928,itapevi,SP
06680,-23.5351868,-46.9766083,itapevi,SP
06683,-23.5395752,-46.9689037,itapevi,SP
06684,-23.5389366,-46.9422468,itapevi,SP
06685,-23.5413725,-47.0000039,itapevi,SP
06690,-23.5282527,-46.9481968,itapevi,SP
06693,-23.5381405,-46.9460934,itapevi,SP
06694,-23.5427908,-46.9386624,itapevi,SP
06695,-23.5374952,-46.9544925,itapevi,SP
06696,-23.5239460,-46.9414676,itapevi,SP
06700,-23.6094999,-46.9328076,cotia,SP
06701,-23.6084650,-46.9716705,cotia,SP
06702,-23.5816054,-46.9294042,cotia,SP
06703,-23.5967323,-46.9119937,cotia,SP
06704,-23.5777665,-46.9170263,cotia,SP
06705,-23.5894808,-46.8960971,cotia,SP
06706,-23.5785316,-46.8742630,cotia,SP
06707,-23.5900119,-46.8703652,cotia,SP
06708,-23.5925450,-46.8470837,cotia,SP
06709,-23.5943359,-46.8342570,cotia,SP
06710,-23.5984807,-46.8322419,cotia,SP
06711,-23.6060183,-46.8391941,cotia,SP
06712,-23.6105312,-46.8474942,cotia,SP
06713,-23.6284274,-46.8705860,cotia,SP
06714,-23.5994749,-46.8725880,cotia,SP
06715,-23.6101413,-46.8766338,cotia,SP
06716,-23.6077182,-46.8999751,cotia,SP
06717,-23.6094519,-46.9175333,cotia,SP
06719,-23.6234514,-46.9370382,cotia,SP
06720,-23.6222038,-46.9647845,cotia,SP
06721,-23.6425306,-46.9768143,cotia,SP
06722,-23.6379719,-46.9511896,cotia,SP
06723,-23.6633270,-46.9807223,cotia,SP
06724,-23.6854858,-46.9098296,cotia,SP
06725,-23.6862899,-47.0292205,cotia,SP
06726,-23.6589913,-47.0532845,cotia,SP
06727,-23.6735411,-47.0234183,cotia,SP
06728,-23.6723995,-46.9887230,cotia,SP
06729,-23.7212299,-47.0253469,cotia,SP
06730,-23.6225788,-47.0127272,vargem grande paulista,SP
06738,-23.6461521,-47.0027957,vargem grande paulista,SP
06753,-23.6023042,-46.7559982,taboao da serra,SP
06754,-23.6061347,-46.7574857,taboao da serra,SP
06755,-23.6009498,-46.7655907,taboao da serra,SP
06756,-23.6063563,-46.7736001,taboao da serra,SP
06757,-23.6083771,-46.7789107,taboao da serra,SP
06760,-23.6134745,-46.7731410,taboao da serra,SP
06763,-23.6113371,-46.7607487,taboao da serra,SP
06764,-23.6158302,-46.7685328,taboao da serra,SP
06765,-23.6192221,-46.7740466,taboao da serra,SP
06766,-23.6276856,-46.7782503,taboao da serra,SP
06767,-23.6215441,-46.7850402,taboao da serra,SP
06768,-23.6076898,-46.7528148,taboao da serra,SP
06770,-23.6368938,-46.7850050,taboao da serra,SP
06773,-23.6422299,-46.7917800,taboao da serra,SP
06774,-23.6421795,-46.8003093,taboao da serra,SP
06775,-23.6367038,-46.7941224,taboao da serra,SP
06780,-23.6231923,-46.7914870,taboao da serra,SP
06783,-23.6306864,-46.7892237,taboao da serra,SP
06784,-23.6320407,-46.7908058,taboao da serra,SP
06785,-23.6364657,-46.8060992,taboao da serra,SP
06786,-23.6255562,-46.8078817,taboao da serra,SP
06787,-23.6237001,-46.8003955,taboao da serra,SP
06790,-23.6111757,-46.7867276,taboao da serra,SP
06793,-23.6106879,-46.7670335,taboao da serra,SP
06794,-23.6163074,-46.8072186,taboao da serra,SP
06795,-23.6130296,-46.7974296,taboao da serra,SP
06803,-23.6487807,-46.8490242,embu das artes,SP
06804,-23.6442630,-46.8508026,embu das artes,SP
06805,-23.6341889,-46.8505342,embu das artes,SP
06806,-23.6358167,-46.8386468,embu das artes,SP
06807,-23.6270049,-46.8231845,embu das artes,SP
06810,-23.6471069,-46.8012687,embu das artes,SP
06813,-23.6513455,-46.8051661,embu das artes,SP
06814,-23.6600891,-46.8144813,embu das artes,SP
06815,-23.6528004,-46.8151010,embu das artes,SP
06816,-23.6447497,-46.8202383,embu das artes,SP
06817,-23.6342434,-46.8204051,embu das artes,SP
06818,-23.6420480,-46.8375262,embu das artes,SP
06820,-23.6594193,-46.7966693,embu das artes,SP
06823,-23.6698735,-46.8020432,embu das artes,SP
06824,-23.6763602,-46.8048880,embu das artes,SP
06825,-23.6672989,-46.8114562,embu das artes,SP
06826,-23.6586334,-46.8011507,embu das artes,SP
06830,-23.6470088,-46.8424336,embu das artes,SP
06833,-23.6568329,-46.8448388,embu das artes,SP
06835,-23.6767036,-46.8511522,embu das artes,SP
06840,-23.6495705,-46.8603968,embu das artes,SP
06843,-23.6669989,-46.8623258,embu das artes,SP
06844,-23.6618275,-46.8808388,embu das artes,SP
06845,-23.6418328,-46.8943073,embu das artes,SP
06846,-23.6355405,-46.8725239,embu das artes,SP
06850,-23.7098260,-46.8514790,itapecerica da serra,SP
06851,-23.7180091,-46.8591810,itapecerica da serra,SP
06852,-23.7064892,-46.8589417,itapecerica da serra,SP
06853,-23.6908270,-46.8554901,itapecerica da serra,SP
06854,-23.6997204,-46.8482076,itapecerica da serra,SP
06855,-23.6951229,-46.8282700,itapecerica da serra,SP
06856,-23.6931127,-46.8060410,itapecerica da serra,SP
06857,-23.7047272,-46.7991297,itapecerica da serra,SP
06858,-23.7072697,-46.8254846,itapecerica da serra,SP
06859,-23.7097192,-46.8339686,itapecerica da serra,SP
06860,-23.7234587,-46.8405501,itapecerica da serra,SP
06861,-23.7307782,-46.8119023,itapecerica da serra,SP
06863,-23.7257551,-46.8177868,itapecerica da serra,SP
06864,-23.7442015,-46.8010003,itapecerica da serra,SP
06865,-23.7466736,-46.7941491,itapecerica da serra,SP
06866,-23.7550676,-46.8008833,itapecerica da serra,SP
06867,-23.7564066,-46.8098722,itapecerica da serra,SP
06868,-23.7597279,-46.8251828,itapecerica da serra,SP
06869,-23.7445075,-46.8467424,itapecerica da serra,SP
06870,-23.7307722,-46.8777570,itapecerica da serra,SP
06871,-23.7240555,-46.8566573,itapecerica da serra,SP
06872,-23.7333983,-46.8511685,itapecerica da serra,SP
06873,-23.7546612,-46.8568099,itapecerica da serra,SP
06874,-23.7625462,-46.8441818,itapecerica da serra,SP
06876,-23.7594558,-46.8790935,itapecerica da serra,SP
06877,-23.7764564,-46.9162475,itapecerica da serra,SP
06880,-23.7781661,-46.9187287,itapecerica da serra,SP
06881,-23.7443115,-46.9180995,itapecerica da serra,SP
06882,-23.7403238,-46.8978747,itapecerica da serra,SP
06885,-23.7083433,-46.8771998,itapecerica da serra,SP
06886,-23.7155284,-46.8884842,itapecerica da serra,SP
06887,-23.6918416,-46.8859296,itapecerica da serra,SP
06888,-23.6870122,-46.8635188,itapecerica da serra,SP
06890,-23.8557216,-46.9488971,sao lourenco da serra,SP
06900,-23.8351268,-46.8140863,embu-guacu,SP
06950,-23.9418731,-47.0732001,juquitiba,SP
07010,-23.4676680,-46.5295285,guarulhos,SP
07011,-23.4684547,-46.5308693,guarulhos,SP
07012,-23.4718345,-46.5302594,guarulhos,SP
07013,-23.4719884,-46.5253016,guarulhos,SP
07020,-23.4696129,-46.5373826,guarulhos,SP
07021,-23.4730031,-46.5397319,guarulhos,SP
07022,-23.4745570,-46.5376233,guarulhos,SP
07023,-23.4775782,-46.5410431,guarulhos,SP
07024,-23.4789100,-46.5382415,guarulhos,SP
07025,-23.4828414,-46.5434537,guarulhos,SP
07030,-23.4957014,-46.5496027,guarulhos,SP
07031,-23.4937189,-46.5461886,guarulhos,SP
07032,-23.5038967,-46.5545242,guarulhos,SP
07033,-23.4992252,-46.5549314,guarulhos,SP
07034,-23.4771440,-46.5229138,guarulhos,SP
07040,-23.4753894,-46.5442507,guarulhos,SP
07041,-23.4832995,-46.5500483,guarulhos,SP
07042,-23.4827504,-46.5503801,guarulhos,SP
07043,-23.4849765,-46.5517350,guarulhos,SP
07044,-23.4816091,-46.5532825,guarulhos,SP
07050,-23.4627245,-46.5521791,guarulhos,SP
07051,-23.4679229,-46.5507631,guarulhos,SP
07052,-23.4726413,-46.5540516,guarulhos,SP
07053,-23.4760496,-46.5559600,guarulhos,SP
07054,-23.4661053,-46.5578369,guarulhos,SP
07055,-23.4674371,-46.5611264,guarulhos,SP
07056,-23.4602974,-46.5658266,guarulhos,SP
07060,-23.4553158,-46.5468377,guarulhos,SP
07061,-23.4546385,-46.5531990,guarulhos,SP
07062,-23.4599600,-46.5524359,guarulhos,SP
07063,-23.4571635,-46.5571354,guarulhos,SP
07064,-23.4513192,-46.5551981,guarulhos,SP
07070,-23.4519732,-46.5571717,guarulhos,SP
07071,-23.4535053,-46.5624308,guarulhos,SP
07072,-23.4467784,-46.5554305,guarulhos,SP
07073,-23.4471718,-46.5631569,guarulhos,SP
07074,-23.4499073,-46.5629492,guarulhos,SP
07075,-23.4254771,-46.5506359,guarulhos,SP
07076,-23.4318704,-46.5631433,guarulhos,SP
07077,-23.4361538,-46.5523320,guarulhos,SP
07080,-23.4449398,-46.5465812,guarulhos,SP
07081,-23.4434669,-46.5532207,guarulhos,SP
07082,-23.4365371,-46.5441809,guarulhos,SP
07083,-23.4376145,-46.5502238,guarulhos,SP
07084,-23.4294636,-46.5495901,guarulhos,SP
07085,-23.4277212,-46.5480940,guarulhos,SP
07087,-23.4189329,-46.5233876,guarulhos,SP
07090,-23.4680653,-46.5349152,guarulhos,SP
07091,-23.4641784,-46.5393353,guarulhos,SP
07092,-23.4634829,-46.5453497,guarulhos,SP
07093,-23.4578963,-46.5406634,guarulhos,SP
07094,-23.4533240,-46.5399340,guarulhos,SP
07095,-23.4610659,-46.5348261,guarulhos,SP
07096,-23.4512925,-46.5387105,guarulhos,SP
07097,-23.4456554,-46.5415249,guarulhos,SP
07110,-23.4672200,-46.5263945,guarulhos,SP
07111,-23.4648896,-46.5223378,guarulhos,SP
07112,-23.4687043,-46.5161419,guarulhos,SP
07113,-23.4636113,-46.5176766,guarulhos,SP
07114,-23.4544338,-46.5287250,guarulhos,SP
07115,-23.4507640,-46.5329045,guarulhos,SP
07120,-23.4549084,-46.5257715,guarulhos,SP
07121,-23.4511121,-46.5229411,guarulhos,SP
07122,-23.4487459,-46.5179884,guarulhos,SP
07123,-23.4448820,-46.5256080,guarulhos,SP
07124,-23.4336374,-46.5337728,guarulhos,SP
07130,-23.4424930,-46.5206404,guarulhos,SP
07131,-23.4336188,-46.5252503,guarulhos,SP
07132,-23.4348014,-46.5170254,guarulhos,SP
07133,-23.4367111,-46.5113403,guarulhos,SP
07134,-23.4282915,-46.5131894,guarulhos,SP
07135,-23.4255557,-46.5252916,guarulhos,SP
07140,-23.4299635,-46.4979697,guarulhos,SP
07141,-23.4287401,-46.5075422,guarulhos,SP
07142,-23.4145316,-46.4905588,guarulhos,SP
07143,-23.4224423,-46.5011563,guarulhos,SP
07144,-23.4091976,-46.5149323,guarulhos,SP
07145,-23.4146202,-46.4950927,guarulhos,SP
07150,-23.4178092,-46.4629664,guarulhos,SP
07151,-23.4094441,-46.4554883,guarulhos,SP
07152,-23.4050714,-46.4709001,guarulhos,SP
07153,-23.3781219,-46.4483056,guarulhos,SP
07154,-23.3743351,-46.4487901,guarulhos,SP
07155,-23.4162304,-46.4675854,guarulhos,SP
07156,-23.3945310,-46.4512903,guarulhos,SP
07159,-23.3824685,-46.4030706,guarulhos,SP
07160,-23.4106334,-46.4451636,guarulhos,SP
07161,-23.3982499,-46.4383384,guarulhos,SP
07162,-23.4052161,-46.4454827,guarulhos,SP
07170,-23.4318675,-46.4349231,guarulhos,SP
07171,-23.4218737,-46.4368902,guarulhos,SP
07172,-23.4213210,-46.4307690,guarulhos,SP
07173,-23.4308014,-46.4295068,guarulhos,SP
07174,-23.4249441,-46.4226574,guarulhos,SP
07175,-23.4091870,-46.4021112,guarulhos,SP
07176,-23.4096204,-46.3864262,guarulhos,SP
07177,-23.4198263,-46.3983347,guarulhos,SP
07178,-23.4006975,-46.3981650,guarulhos,SP
07179,-23.4040460,-46.4187743,guarulhos,SP
07180,-23.4522645,-46.4764407,guarulhos,SP
07181,-23.4441258,-46.4675405,guarulhos,SP
07182,-23.4426699,-46.4636817,guarulhos,SP
07183,-23.4405340,-46.4628146,guarulhos,SP
07184,-23.4176957,-46.3936663,guarulhos,SP
07190,-23.4573262,-46.4971501,guarulhos,SP
07191,-23.4571875,-46.5079553,guarulhos,SP
07192,-23.4522027,-46.5064355,guarulhos,SP
07193,-23.4472851,-46.5024783,guarulhos,SP
07194,-23.4428908,-46.5067390,guarulhos,SP
07195,-23.4477991,-46.5110506,guarulhos,SP
07196,-23.4541063,-46.5115035,guarulhos,SP
07197,-23.4602661,-46.5155052,guarulhos,SP
07210,-23.4554285,-46.4375149,guarulhos,SP
07215,-23.4597157,-46.4451987,guarulhos,SP
07220,-23.4699688,-46.4663962,guarulhos,SP
07221,-23.4712053,-46.4727097,guarulhos,SP
07222,-23.4645326,-46.4725577,guarulhos,SP
07223,-23.4624096,-46.4784470,guarulhos,SP
07224,-23.4658637,-46.4834522,guarulhos,SP
07230,-23.4548024,-46.4563720,guarulhos,SP
07231,-23.4557352,-46.4641352,guarulhos,SP
07232,-23.4665032,-46.4634732,guarulhos,SP
07240,-23.4479635,-46.4387876,guarulhos,SP
07241,-23.4469774,-46.4266833,guarulhos,SP
07242,-23.4387367,-46.4226187,guarulhos,SP
07243,-23.4386174,-46.4128755,guarulhos,SP
07244,-23.4468983,-46.4135262,guarulhos,SP
07250,-23.4203950,-46.3749653,guarulhos,SP
07251,-23.4355800,-46.4022602,guarulhos,SP
07252,-23.4415316,-46.4300151,guarulhos,SP
07260,-23.4540831,-46.4275298,guarulhos,SP
07261,-23.4464920,-46.4086265,guarulhos,SP
07262,-23.4756441,-46.3931958,guarulhos,SP
07263,-23.4580851,-46.4146510,guarulhos,SP
07270,-23.4620492,-46.4289881,guarulhos,SP
07271,-23.4119747,-46.4596057,guarulhos,SP
07272,-23.4598651,-46.4407863,guarulhos,SP
07273,-23.4578437,-46.4210262,guarulhos,SP
07283,-23.4393159,-46.4609000,guarulhos,SP
07400,-23.3962254,-46.3240756,aruja,SP
07401,-23.3891304,-46.3215222,aruja,SP
07402,-23.3963348,-46.3147057,aruja,SP
07403,-23.3925608,-46.3109386,aruja,SP
07404,-23.3895743,-46.2997100,aruja,SP
07405,-23.3887650,-46.3014642,aruja,SP
07407,-23.3778431,-46.3106100,aruja,SP
07411,-23.4051558,-46.3429670,aruja,SP
07413,-23.4080412,-46.3615851,aruja,SP
07414,-23.4063065,-46.3648379,aruja,SP
07417,-23.3838024,-46.3234434,aruja,SP
07422,-23.3886244,-46.3546772,arujá,SP
07424,-23.3306288,-46.3083943,aruja,SP
07428,-23.4070266,-46.3232774,aruja,SP
07429,-23.4139787,-46.3293931,aruja,SP
07431,-23.4194185,-46.3550901,aruja,SP
07432,-23.4201058,-46.3640469,aruja,SP
07434,-23.4158850,-46.3212475,aruja,SP
07435,-23.4159837,-46.3158637,aruja,SP
07436,-23.4148004,-46.3024820,aruja,SP
07437,-23.4252442,-46.2942283,aruja,SP
07438,-23.4066094,-46.2930512,aruja,SP
07439,-23.4000443,-46.2825382,aruja,SP
07440,-23.4159461,-46.2832539,aruja,SP
07443,-23.4184096,-46.3050881,aruja,SP
07500,-23.3183228,-46.2261070,santa isabel,SP
07600,-23.3297217,-46.5971222,mairipora,SP
07700,-23.3629451,-46.7409669,caieiras,SP
07703,-23.3722326,-46.7528244,caieiras,SP
07704,-23.3763053,-46.7506963,caieiras,SP
07705,-23.6596141,-46.4757847,mauá,SP
07712,-23.3555368,-46.7457470,caieiras,SP
07713,-23.3528728,-46.7482021,caieiras,SP
07714,-23.3479972,-46.7584689,caieiras,SP
07715,-23.3461469,-46.7519015,caieiras,SP
07716,-23.3430649,-46.7464371,caieiras,SP
07717,-23.3348031,-46.7525796,caieiras,SP
07718,-23.3375349,-46.7562922,caieiras,SP
07724,-23.3577161,-46.7332370,caieiras,SP
07726,-23.3742327,-46.7023687,caieiras,SP
07727,-23.3736571,-46.6771831,caieiras,SP
07733,-23.4098138,-46.6737824,caieiras,SP
07734,-23.4036235,-46.6921063,caieiras,SP
07739,-23.3927412,-46.7136157,caieiras,SP
07740,-23.3912679,-46.7128681,caieiras,SP
07741,-23.3930916,-46.7089506,caieiras,SP
07743,-23.3773670,-46.7097695,caieiras,SP
07744,-23.3911694,-46.7161448,caieiras,SP
07745,-23.3813268,-46.7190142,caieiras,SP
07747,-23.3908648,-46.7185065,caieiras,SP
07748,-23.3914736,-46.7306867,caieiras,SP
07749,-23.3854767,-46.7386595,caieiras,SP
07750,-23.3739321,-46.8636541,cajamar,SP
07752,-23.3633432,-46.8551097,cajamar,SP
07753,-23.3297877,-46.9202464,cajamar,SP
07756,-23.3899375,-46.8631406,cajamar,SP
07760,-23.3593439,-46.8025743,jordanesia,SP
07764,-23.3766814,-46.9268049,cajamar,SP
07767,-23.3355860,-46.9262224,cajamar,SP
07768,-23.3353120,-46.9145859,cajamar,SP
07770,-23.4121957,-46.8434235,polvilho,SP
07776,-23.3403949,-46.8440192,cajamar,SP
07778,-23.3615808,-46.8723391,cajamar,SP
07781,-23.2855299,-46.8736706,cajamar,SP
07785,-23.3323179,-46.8291919,cajamar,SP
07786,-23.3349611,-46.8311909,cajamar,SP
07787,-23.3402346,-46.8301395,cajamar,SP
07788,-23.3522157,-46.8256991,cajamar,SP
07789,-23.3612742,-46.8478010,cajamar,SP
07790,-23.3708791,-46.8479683,cajamar,SP
07791,-23.4068580,-46.8611543,cajamar,SP
07792,-23.4121842,-46.8451353,cajamar,SP
07793,-23.4137640,-46.8299227,cajamar,SP
07794,-23.4173679,-46.8255016,cajamar,SP
07801,-23.3219316,-46.7257844,franco da rocha,SP
07802,-23.3263940,-46.7286707,franco da rocha,SP
07803,-23.3311048,-46.7322464,franco da rocha,SP
07804,-23.3252016,-46.7341233,franco da rocha,SP
07807,-23.3208031,-46.7330529,franco da rocha,SP
07808,-23.3200971,-46.7389779,franco da rocha,SP
07809,-23.3244543,-46.7472336,franco da rocha,SP
07810,-23.3229907,-46.7635813,franco da rocha,SP
07811,-23.3153862,-46.7782887,franco da rocha,SP
07812,-22.9068285,-47.0122316,franco da rocha,SP
07813,-23.3191589,-46.7242904,franco da rocha,SP
07830,-23.3026309,-46.7568913,franco da rocha,SP
07832,-23.0002421,-46.8348875,franco da rocha,SP
07835,-23.3084688,-46.7435734,franco da rocha,SP
07836,-23.3039173,-46.7412579,franco da rocha,SP
07840,-23.3157731,-46.7314059,franco da rocha,SP
07841,-23.3156245,-46.7374766,franco da rocha,SP
07842,-23.3206338,-46.7206879,franco da rocha,SP
07844,-23.3050509,-46.7339045,franco da rocha,SP
07845,-23.3077729,-46.7300700,franco da rocha,SP
07846,-23.3105965,-46.7286471,franco da rocha,SP
07847,-23.3133363,-46.7248992,franco da rocha,SP
07849,-23.3180022,-46.7262920,franco da rocha,SP
07850,-23.3317771,-46.7246972,franco da rocha,SP
07851,-23.3284939,-46.7223160,franco da rocha,SP
07852,-23.3253125,-46.7196838,franco da rocha,SP
07853,-23.3228330,-46.7135968,franco da rocha,SP
07854,-23.3235857,-46.7076200,franco da rocha,SP
07855,-23.3253630,-46.7040146,franco da rocha,SP
07856,-23.3233756,-46.7007896,franco da rocha,SP
07857,-23.3297889,-46.7117782,franco da rocha,SP
07858,-23.3285762,-46.7104734,franco da rocha,SP
07859,-23.3291276,-46.7159373,franco da rocha,SP
07860,-23.3196863,-46.7185792,franco da rocha,SP
07861,-23.3160473,-46.7144566,franco da rocha,SP
07862,-23.3189943,-46.7102429,franco da rocha,SP
07863,-23.3136808,-46.6942359,franco da rocha,SP
07865,-23.3058073,-46.7223936,franco da rocha,SP
07866,-23.3000366,-46.7095377,franco da rocha,SP
07867,-23.3147387,-46.7765587,franco da rocha,SP
07868,-23.3031330,-46.7433990,franco da rocha,SP
07901,-23.2828434,-46.7461501,francisco morato,SP
07902,-23.2907371,-46.7426078,francisco morato,SP
07903,-23.2950355,-46.7402594,francisco morato,SP
07904,-23.2967250,-46.7369207,francisco morato,SP
07905,-23.2895548,-46.7628936,francisco morato,SP
07906,-23.2983035,-46.7452473,francisco morato,SP
07907,-23.2969237,-46.7482980,francisco morato,SP
07908,-23.2903188,-46.7500138,francisco morato,SP
07909,-23.2896240,-46.7446958,francisco morato,SP
07910,-23.2788271,-46.7458889,francisco morato,SP
07911,-23.2840317,-46.7517778,francisco morato,SP
07912,-23.2903240,-46.7556449,francisco morato,SP
07913,-23.2885539,-46.7618575,francisco morato,SP
07914,-23.2813683,-46.7529802,francisco morato,SP
07915,-23.2765333,-46.7414836,francisco morato,SP
07916,-23.2773558,-46.7579675,francisco morato,SP
07917,-23.2763260,-46.7508707,francisco morato,SP
07919,-23.2643445,-46.7331455,francisco morato,SP
07920,-23.2715518,-46.7483136,francisco morato,SP
07921,-23.2725738,-46.7607731,francisco morato,SP
07929,-23.2631157,-46.7550130,francisco morato,SP
07930,-23.2591257,-46.7502559,francisco morato,SP
07934,-23.2844463,-46.7507248,francisco morato,SP
07935,-23.2595737,-46.7408314,francisco morato,SP
07936,-23.2618012,-46.7429480,francisco morato,SP
07940,-23.2699656,-46.7476155,francisco morato,SP
07941,-23.2687559,-46.7445408,francisco morato,SP
07942,-23.2756324,-46.7383381,francisco morato,SP
07943,-23.2664686,-46.7398952,francisco morato,SP
07944,-23.2655655,-46.7317458,francisco morato,SP
07945,-23.2638676,-46.7312353,francisco morato,SP
07946,-23.2775889,-46.7378817,francisco morato,SP
07950,-23.2730159,-46.7460593,francisco morato,SP
07951,-23.2726925,-46.7325497,francisco morato,SP
07952,-23.2731984,-46.7280976,francisco morato,SP
07953,-23.2651942,-46.7260091,francisco morato,SP
07955,-23.2642304,-46.7208569,francisco morato,SP
07956,-23.2780561,-46.7317007,francisco morato,SP
07957,-23.2697470,-46.7324928,francisco morato,SP
07980,-23.2771003,-46.7464474,francisco morato,SP
07985,-23.2848840,-46.7041398,francisco morato,SP
07986,-23.2892765,-46.7000788,francisco morato,SP
07987,-23.2886722,-46.7071771,francisco morato,SP
07988,-23.2793150,-46.7418583,francisco morato,SP
07989,-23.2975320,-46.7147233,francisco morato,SP
07990,-23.2792304,-46.7401739,francisco morato,SP
07991,-23.2837195,-46.7394352,francisco morato,SP
07992,-23.2866877,-46.7344776,francisco morato,SP
07995,-23.2955550,-46.7295184,francisco morato,SP
07996,-23.2984259,-46.7253610,francisco morato,SP
07997,-23.2716351,-46.7356500,francisco morato,SP
07998,-23.2932590,-46.7333594,francisco morato,SP
08010,-23.4942226,-46.4382624,sao paulo,SP
08011,-23.4953620,-46.4467282,sao paulo,SP
08020,-23.5047385,-46.4415120,sao paulo,SP
08021,-23.5001424,-46.4345855,sao paulo,SP
08022,-23.4937406,-46.4252290,sao paulo,SP
08030,-23.5032058,-46.4222842,sao paulo,SP
08031,-23.5113531,-46.4239485,sao paulo,SP
08032,-23.5174868,-46.4267874,sao paulo,SP
08040,-23.5081190,-46.4488965,sao paulo,SP
08041,-23.5152827,-46.4407560,sao paulo,SP
08042,-23.5081362,-46.4340328,sao paulo,SP
08050,-23.5112132,-46.4588447,sao paulo,SP
08051,-23.5130775,-46.4679890,sao paulo,SP
08060,-23.5022987,-46.4524116,sao paulo,SP
08061,-23.5027573,-46.4646983,sao paulo,SP
08062,-23.5103174,-46.4731924,sao paulo,SP
08070,-23.4960352,-46.4616683,sao paulo,SP
08071,-23.4905294,-46.4499161,sao paulo,SP
08072,-23.5115116,-46.4842937,sao paulo,SP
08080,-23.4874221,-46.4300279,sao paulo,SP
08081,-23.4858899,-46.4193466,sao paulo,SP
08090,-23.4796594,-46.4333464,sao paulo,SP
08110,-23.4983180,-46.3995276,sao paulo,SP
08111,-23.4919547,-46.3800640,sao paulo,SP
08115,-23.4904562,-46.3898088,sao paulo,SP
08120,-23.5032196,-46.3961413,sao paulo,SP
08121,-23.5021338,-46.3841289,sao paulo,SP
08122,-23.4963469,-46.3794332,sao paulo,SP
08130,-23.5068833,-46.3739825,sao paulo,SP
08131,-23.5031442,-46.3762397,sao paulo,SP
08132,-23.5099291,-46.3758715,sao paulo,SP
08140,-23.5112039,-46.3993334,sao paulo,SP
08141,-23.5144866,-46.3921802,sao paulo,SP
08142,-23.5187448,-46.3913466,sao paulo,SP
08143,-23.5169336,-46.4649114,sao paulo,SP
08150,-23.5186353,-46.4138066,sao paulo,SP
08151,-23.5183318,-46.4036738,sao paulo,SP
08152,-23.5127844,-46.4068813,sao paulo,SP
08160,-23.5044043,-46.4101465,sao paulo,SP
08161,-23.5033556,-46.4138466,sao paulo,SP
08180,-23.4926997,-46.4210261,sao paulo,SP
08190,-23.4877758,-46.3939845,sao paulo,SP
08191,-23.4808530,-46.3830583,sao paulo,SP
08210,-23.5369992,-46.4495941,sao paulo,SP
08215,-23.5398323,-46.4447987,sao paulo,SP
08220,-23.5374103,-46.4665831,sao paulo,SP
08223,-23.5268592,-46.4710721,sao paulo,SP
08225,-23.5298191,-46.4617830,sao paulo,SP
08226,-23.5522567,-46.5348617,sao paulo,SP
08230,-23.5231447,-46.4529499,sao paulo,SP
08233,-23.5258161,-46.4727228,sao paulo,SP
08235,-23.5215446,-46.4665469,sao paulo,SP
08240,-23.5235906,-46.4435274,sao paulo,SP
08241,-23.5192799,-46.4365393,sao paulo,SP
08245,-23.5189357,-46.4460729,sao paulo,SP
08246,-23.5311856,-46.4380072,sao paulo,SP
08247,-23.5348018,-46.4338917,sao paulo,SP
08248,-23.5294707,-46.4336219,sao paulo,SP
08250,-23.5399444,-46.4398162,sao paulo,SP
08253,-23.5491361,-46.4394260,sao paulo,SP
08255,-23.5505856,-46.4358499,sao paulo,SP
08257,-23.5534665,-46.4283223,sao paulo,SP
08260,-23.5658551,-46.4349384,sao paulo,SP
08265,-23.5803367,-46.4528405,sao paulo,SP
08270,-23.5611859,-46.4613008,sao paulo,SP
08275,-23.5712759,-46.4793967,sao paulo,SP
08280,-23.5611897,-46.4744858,sao paulo,SP
08285,-23.5532564,-46.4726584,sao paulo,SP
08290,-23.5536418,-46.4526613,sao paulo,SP
08295,-23.5480352,-46.4592981,sao paulo,SP
08310,-23.6289421,-46.4672168,sao paulo,SP
08311,-23.6311639,-46.4658225,sao paulo,SP
08320,-23.6270522,-46.4731624,sao paulo,SP
08321,-23.6051791,-46.4889695,sao paulo,SP
08330,-23.6138438,-46.4672752,sao paulo,SP
08331,-23.6097220,-46.4691675,sao paulo,SP
08340,-23.6101074,-46.4600948,sao paulo,SP
08341,-23.6010709,-46.4535844,sao paulo,SP
08343,-23.6061274,-46.4468471,sao paulo,SP
08344,-23.6098713,-46.4491684,sao paulo,SP
08345,-23.6101425,-46.4441274,sao paulo,SP
08346,-23.5565414,-46.6783239,sao paulo,SP
08347,-23.5203361,-46.5778906,sao paulo,SP
08370,-23.6085671,-46.4634770,sao paulo,SP
08371,-23.5966832,-46.4312680,sao paulo,SP
08372,-23.6021225,-46.4366716,sao paulo,SP
08373,-23.4824439,-46.6468512,sao paulo,SP
08375,-23.6006097,-46.4632321,sao paulo,SP
08380,-23.5988611,-46.4403822,sao paulo,SP
08381,-23.6079917,-46.4307496,sao paulo,SP
08382,-23.6146918,-46.4331224,sao paulo,SP
08383,-23.5611479,-46.5148053,sao paulo,SP
08390,-23.6271105,-46.4669488,sao paulo,SP
08391,-23.5931408,-46.5562466,sao paulo,SP
08395,-23.6224662,-46.4561532,sao paulo,SP
08404,-23.5296774,-46.4094597,sao paulo,SP
08410,-23.5489100,-46.4229250,sao paulo,SP
08411,-23.5538425,-46.4123084,sao paulo,SP
08412,-23.5523451,-46.4079408,sao paulo,SP
08420,-23.5449326,-46.4288577,sao paulo,SP
08421,-23.5592258,-46.4286353,sao paulo,SP
08430,-23.5268951,-46.4239112,sao paulo,SP
08431,-23.5333934,-46.4175161,sao paulo,SP
08440,-23.5335430,-46.4104178,sao paulo,SP
08441,-23.5348971,-46.4122214,sao paulo,SP
08450,-23.5439991,-46.4001867,sao paulo,SP
08451,-23.5393118,-46.4004699,sao paulo,SP
08452,-23.5320681,-46.3973753,sao paulo,SP
08460,-23.5528192,-46.4019117,sao paulo,SP
08461,-23.5598372,-46.4042299,sao paulo,SP
08465,-23.5659929,-46.3982278,sao paulo,SP
08466,-23.5413979,-46.5153448,sao paulo,SP
08470,-23.5906368,-46.4054455,sao paulo,SP
08471,-23.6028892,-46.4000293,sao paulo,SP
08472,-23.5711145,-46.4036479,sao paulo,SP
08473,-23.5836409,-46.4156471,sao paulo,SP
08474,-23.5948295,-46.4126615,sao paulo,SP
08475,-23.5885481,-46.3995787,sao paulo,SP
08485,-23.5899551,-46.4122059,sao paulo,SP
08490,-23.5731009,-46.4153959,sao paulo,SP
08500,-23.5448149,-46.3658565,ferraz de vasconcelos,SP
08501,-23.5416475,-46.3609715,ferraz de vasconcelos,SP
08502,-23.5394768,-46.3584676,ferraz de vasconcelos,SP
08503,-23.5485385,-46.3605090,ferraz de vasconcelos,SP
08504,-23.5556633,-46.3604864,ferraz de vasconcelos,SP
08505,-23.5524323,-46.3666596,ferraz de vasconcelos,SP
08506,-23.5590350,-46.3703963,ferraz de vasconcelos,SP
08507,-23.5611413,-46.3675146,ferraz de vasconcelos,SP
08508,-23.5638684,-46.3694360,ferraz de vasconcelos,SP
08509,-23.5680123,-46.3597583,ferraz de vasconcelos,SP
08510,-23.5600293,-46.3598334,ferraz de vasconcelos,SP
08513,-23.5765796,-46.3652772,ferraz de vasconcelos,SP
08514,-23.5680804,-46.3672293,ferraz de vasconcelos,SP
08515,-23.5772993,-46.3741102,ferraz de vasconcelos,SP
08517,-23.5689259,-46.3724283,ferraz de vasconcelos,SP
08525,-23.5583264,-46.3884777,ferraz de vasconcelos,SP
08526,-23.5565122,-46.3830085,ferraz de vasconcelos,SP
08527,-23.5536941,-46.3789277,ferraz de vasconcelos,SP
08528,-23.5540801,-46.3743978,ferraz de vasconcelos,SP
08529,-23.5475913,-46.3728745,ferraz de vasconcelos,SP
08530,-23.5352500,-46.3710603,ferraz de vasconcelos,SP
08531,-23.5398956,-46.3724338,ferraz de vasconcelos,SP
08532,-23.5388976,-46.3779521,ferraz de vasconcelos,SP
08533,-23.5457043,-46.3791321,ferraz de vasconcelos,SP
08534,-23.5502827,-46.3861270,ferraz de vasconcelos,SP
08535,-23.5526586,-46.3893444,ferraz de vasconcelos,SP
08536,-23.5412868,-46.3854254,ferraz de vasconcelos,SP
08537,-23.5329793,-46.3919773,ferraz de vasconcelos,SP
08538,-23.5309911,-46.3899214,ferraz de vasconcelos,SP
08539,-23.5362237,-46.3757579,ferraz de vasconcelos,SP
08540,-23.5213331,-46.3814925,ferraz de vasconcelos,SP
08541,-23.5203919,-46.3740509,ferraz de vasconcelos,SP
08542,-23.5168479,-46.3709629,ferraz de vasconcelos,SP
08543,-23.5247776,-46.3737830,ferraz de vasconcelos,SP
08544,-23.5317439,-46.3631504,ferraz de vasconcelos,SP
08545,-23.5320827,-46.3703966,ferraz de vasconcelos,SP
08550,-23.5219442,-46.3408749,poa,SP
08551,-23.5223197,-46.3486166,poa,SP
08552,-23.5283822,-46.3537887,poa,SP
08553,-23.5224668,-46.3635550,poa,SP
08554,-23.5148171,-46.3608396,poa,SP
08555,-23.5104910,-46.3534729,poa,SP
08556,-23.5147757,-46.3480388,poa,SP
08557,-23.5127373,-46.3423154,poa,SP
08558,-23.5088334,-46.3353228,poa,SP
08559,-23.5174852,-46.3357958,poa,SP
08560,-23.5308007,-46.3353564,poa,SP
08561,-23.5282000,-46.3403541,poa,SP
08562,-23.5318254,-46.3449331,poa,SP
08563,-23.5334436,-46.3500240,poa,SP
08564,-23.5387785,-46.3519472,poa,SP
08565,-23.5405548,-46.3420870,poa,SP
08566,-23.5452222,-46.3471410,poa,SP
08567,-23.5491904,-46.3522298,poa,SP
08568,-23.5550999,-46.3468880,poa,SP
08570,-23.4755602,-46.3549671,itaquaquecetuba,SP
08571,-23.4842456,-46.3371862,itaquaquecetuba,SP
08572,-23.4968278,-46.3418152,itaquaquecetuba,SP
08573,-23.4920820,-46.3499369,itaquaquecetuba,SP
08574,-23.5024305,-46.3535887,itaquaquecetuba,SP
08575,-23.4988964,-46.3583417,itaquaquecetuba,SP
08576,-23.4889840,-46.3573812,itaquaquecetuba,SP
08577,-23.4861115,-46.3667208,itaquaquecetuba,SP
08578,-23.4692050,-46.3825447,itaquaquecetuba,SP
08579,-23.4617135,-46.3758347,itaquaquecetuba,SP
08580,-23.4513838,-46.3434782,itaquaquecetuba,SP
08581,-23.4576430,-46.3542011,itaquaquecetuba,SP
08582,-23.4499621,-46.3591379,itaquaquecetuba,SP
08583,-23.4451044,-46.3744697,itaquaquecetuba,SP
08584,-23.4275801,-46.3465624,itaquaquecetuba,SP
08585,-23.4888583,-46.3545137,itaquaquecetuba,SP
08586,-23.4404297,-46.3359361,itaquaquecetuba,SP
08587,-23.4310307,-46.3162384,itaquaquecetuba,SP
08588,-23.4389578,-46.3192814,itaquaquecetuba,SP
08589,-23.4391687,-46.3021619,itaquaquecetuba,SP
08590,-23.4391042,-46.2767500,itaquaquecetuba,SP
08591,-23.4528745,-46.3070568,itaquaquecetuba,SP
08592,-23.4688738,-46.2914824,itaquaquecetuba,SP
08593,-23.4744799,-46.3064708,itaquaquecetuba,SP
08594,-23.4873694,-46.3016221,itaquaquecetuba,SP
08595,-23.4678519,-46.3034863,itaquaquecetuba,SP
08596,-23.4812377,-46.3157419,itaquaquecetuba,SP
08597,-23.4600857,-46.3206699,itaquaquecetuba,SP
08598,-23.4669885,-46.3252875,itaquaquecetuba,SP
08599,-23.4653511,-46.3395971,itaquaquecetuba,SP
08610,-23.5415645,-46.3001459,suzano,SP
08613,-23.5409613,-46.2867599,suzano,SP
08615,-23.5478173,-46.2956237,suzano,SP
08616,-23.5571671,-46.2927388,suzano,SP
08620,-23.6340491,-46.2949012,suzano,SP
08621,-23.5333895,-46.2981932,suzano,SP
08625,-23.6435430,-46.3130990,suzano,SP
08630,-23.6466886,-46.3268940,suzano,SP
08633,-23.6435931,-46.3119939,suzano,SP
08635,-23.6690221,-46.3332176,suzano,SP
08640,-23.6225258,-46.3259562,suzano,SP
08650,-23.5746205,-46.3236267,suzano,SP
08653,-23.6151746,-46.3186944,suzano,SP
08655,-23.5938127,-46.3056857,suzano,SP
08656,-23.5931341,-46.3055031,suzano,SP
08660,-23.5592188,-46.3363215,suzano,SP
08663,-23.5683788,-46.3335438,suzano,SP
08664,-23.5578769,-46.3263682,suzano,SP
08665,-23.5591391,-46.3133953,suzano,SP
08666,-23.5748164,-46.3077722,suzano,SP
08670,-23.5383086,-46.3304265,suzano,SP
08671,-23.5446398,-46.3269458,suzano,SP
08673,-23.5405390,-46.3179495,suzano,SP
08674,-23.5432835,-46.3130302,suzano,SP
08675,-23.5517298,-46.3134160,suzano,SP
08676,-23.5539275,-46.3069105,suzano,SP
08680,-23.5282960,-46.3204133,suzano,SP
08683,-23.5282333,-46.3109542,suzano,SP
08685,-23.5234389,-46.3049657,suzano,SP
08686,-23.5346858,-46.2873948,suzano,SP
08689,-23.5288681,-46.3145786,suzano,SP
08690,-23.4980992,-46.3159558,suzano,SP
08692,-23.5009796,-46.3216638,suzano,SP
08693,-23.5023189,-46.3052824,suzano,SP
08694,-23.5111923,-46.2958211,suzano,SP
08695,-23.4947023,-46.2796980,suzano,SP
08696,-23.5099689,-46.2902066,suzano,SP
08710,-23.5228401,-46.1955458,mogi das cruzes,SP
08715,-23.5259700,-46.1884422,mogi das cruzes,SP
08717,-23.5397849,-46.1909042,mogi das cruzes,SP
08720,-23.5405031,-46.1795160,mogi das cruzes,SP
08725,-23.5541513,-46.1843795,mogi das cruzes,SP
08726,-23.5592025,-46.1805841,mogi das cruzes,SP
08727,-23.5664550,-46.1867164,mogi das cruzes,SP
08730,-23.5356712,-46.2011383,mogi das cruzes,SP
08735,-23.5343716,-46.2128533,mogi das cruzes,SP
08737,-23.5414942,-46.2051274,mogi das cruzes,SP
08738,-23.5522415,-46.2007652,mogi das cruzes,SP
08740,-23.5428539,-46.2157460,mogi das cruzes,SP
08742,-23.5495819,-46.2138147,mogi das cruzes,SP
08743,-23.5554096,-46.2181323,mogi das cruzes,SP
08744,-23.5476235,-46.2269920,mogi das cruzes,SP
08745,-23.5472710,-46.2336696,mogi das cruzes,SP
08746,-23.5530733,-46.2022050,mogi das cruzes,SP
08747,-23.5582037,-46.2097988,mogi das cruzes,SP
08750,-23.5485147,-46.2508958,mogi das cruzes,SP
08751,-23.6760599,-46.2324012,mogi das cruzes,SP
08752,-23.5433946,-46.2620857,mogi das cruzes,SP
08753,-23.5997345,-46.2442535,mogi das cruzes,SP
08755,-23.5575816,-46.1750522,mogi das cruzes,SP
08760,-23.5616963,-46.2214531,mogi das cruzes,SP
08761,-23.5612450,-46.2191065,mogi das cruzes,SP
08762,-23.5728564,-46.2217382,mogi das cruzes,SP
08763,-23.5720120,-46.2191480,mogi das cruzes,SP
08765,-23.6726639,-46.1833132,mogi das cruzes,SP
08766,-23.5266401,-46.2000036,mogi das cruzes,SP
08767,-23.6387824,-46.1226680,mogi das cruzes,SP
08770,-23.5164522,-46.2060205,mogi das cruzes,SP
08771,-23.4636912,-46.1528626,mogi das cruzes,SP
08772,-23.4797204,-46.2806035,mogi das cruzes,SP
08773,-23.5136116,-46.1896751,mogi das cruzes,SP
08774,-23.4724317,-46.2763791,mogi das cruzes,SP
08775,-23.4997023,-46.1852330,mogi das cruzes,SP
08779,-23.3587973,-46.1583792,mogi das cruzes,SP
08780,-23.5202139,-46.1773227,mogi das cruzes,SP
08790,-23.5289282,-46.1716515,mogi das cruzes,SP
08793,-23.5408730,-46.1642899,mogi das cruzes,SP
08795,-23.5320023,-46.1797963,mogi das cruzes,SP
08810,-23.5015015,-46.1506702,mogi das cruzes,SP
08820,-23.5089389,-46.1500592,mogi das cruzes,SP
08830,-23.5156298,-46.1411122,mogi das cruzes,SP
08831,-23.5577145,-46.1796297,mogi das cruzes,SP
08832,-23.5169136,-46.1041725,mogi das cruzes,SP
08833,-23.5219059,-46.1616784,mogi das cruzes,SP
08840,-23.4821775,-46.1380488,mogi das cruzes,SP
08850,-23.4842912,-46.0894968,mogi das cruzes,SP
08880,-23.5199759,-46.1875661,mogi das cruzes,SP
08900,-23.4049155,-46.0430700,guararema,SP
08940,-23.5745011,-46.0403156,biritiba-mirim,SP
08970,-23.5314545,-45.8489838,salesopolis,SP
09010,-23.6594832,-46.5250876,santo andre,SP
09015,-23.6593636,-46.5231833,santo andre,SP
09020,-23.6618299,-46.5269352,santo andre,SP
09030,-23.6688681,-46.5265203,santo andre,SP
09040,-23.6638427,-46.5329635,santo andre,SP
09041,-23.6634427,-46.5386071,santo andre,SP
09050,-23.6741615,-46.5452171,santo andre,SP
09051,-23.6784732,-46.5511818,santo andre,SP
09060,-23.6655355,-46.5491150,santo andre,SP
09061,-23.6505192,-46.5591299,santo andre,SP
09070,-23.6436554,-46.5463684,santo andre,SP
09071,-23.6521819,-46.5488138,santo andre,SP
09080,-23.6404436,-46.5417423,santo andre,SP
09090,-23.6522509,-46.5383444,santo andre,SP
09091,-23.6581036,-46.5458901,santo andre,SP
09110,-23.6714103,-46.5060746,santo andre,SP
09111,-23.6712090,-46.4911673,santo andre,SP
09112,-23.6680056,-46.4920385,santo andre,SP
09120,-23.6787285,-46.4960622,santo andre,SP
09121,-23.6815143,-46.5009218,santo andre,SP
09124,-23.7368338,-46.4791180,santo andre,SP
09130,-23.6894446,-46.5050103,santo andre,SP
09131,-23.6949225,-46.4971183,santo andre,SP
09132,-23.7037635,-46.5017523,santo andre,SP
09133,-23.7394525,-46.4916136,santo andre,SP
09134,-23.7313749,-46.4789257,santo andre,SP
09139,-23.7025148,-46.5218580,santo andre,SP
09150,-23.7779328,-46.3030719,santo andre,SP
09160,-23.7645588,-46.4634460,santo andre,SP
09161,-23.7665659,-46.4593745,santo andré,SP
09163,-23.7629459,-46.4733611,santo andre,SP
09169,-23.7119018,-46.5152255,santo andre,SP
09170,-23.7085450,-46.5088881,santo andre,SP
09171,-23.7001977,-46.5131284,santo andre,SP
09172,-23.6935886,-46.5127257,santo andre,SP
09175,-23.6863590,-46.5170780,santo andre,SP
09176,-23.6789452,-46.5184016,santo andre,SP
09180,-23.6933932,-46.5231844,santo andre,SP
09181,-23.6832721,-46.5252330,santo andre,SP
09182,-23.6973963,-46.5303215,santo andre,SP
09185,-23.6829412,-46.5354874,santo andre,SP
09190,-23.6739155,-46.5381574,santo andre,SP
09195,-23.6763697,-46.5146273,santo andre,SP
09210,-23.6373818,-46.5280979,santo andre,SP
09220,-23.6222879,-46.5369009,santo andre,SP
09230,-23.6205780,-46.5274098,santo andre,SP
09238,-23.6640027,-46.5230942,santo andre,SP
09240,-23.6294871,-46.5241478,santo andre,SP
09241,-23.6326593,-46.5193057,santo andre,SP
09250,-23.6240857,-46.5149058,santo andre,SP
09251,-23.6303860,-46.5074903,santo andre,SP
09260,-23.6310758,-46.4964323,santo andre,SP
09270,-23.6405637,-46.4944318,santo andre,SP
09271,-23.6418608,-46.5007281,santo andre,SP
09272,-23.6530507,-46.5131993,santo andre,SP
09273,-23.6552592,-46.5026771,santo andre,SP
09274,-23.6566045,-46.4975938,santo andré,SP
09280,-23.6401438,-46.5161595,santo andre,SP
09290,-23.6523613,-46.5078969,santo andre,SP
09291,-23.6451006,-46.5192005,santo andre,SP
09310,-23.6703485,-46.4512259,maua,SP
09311,-23.6780454,-46.4502030,maua,SP
09312,-23.6700192,-46.4450753,maua,SP
09320,-23.6600309,-46.4415115,maua,SP
09321,-23.6487302,-46.4363067,maua,SP
09330,-23.6622985,-46.4216951,maua,SP
09331,-23.6731493,-46.4198550,maua,SP
09332,-23.6569366,-46.4179741,maua,SP
09333,-23.6487187,-46.4177326,maua,SP
09334,-23.6676851,-46.4076868,maua,SP
09335,-23.6648716,-46.4167714,maua,SP
09336,-23.6632126,-46.4152867,maua,SP
09340,-23.6714067,-46.4302675,maua,SP
09341,-23.6736077,-46.4203122,maua,SP
09350,-23.6807293,-46.4442383,maua,SP
09351,-23.6840338,-46.4387905,maua,SP
09360,-23.6849149,-46.4569578,maua,SP
09361,-23.6963756,-46.4557929,maua,SP
09370,-23.6785750,-46.4650839,maua,SP
09371,-23.6698730,-46.4762131,maua,SP
09372,-23.6951116,-46.4655735,maua,SP
09380,-23.6417360,-46.4786450,maua,SP
09381,-23.6589083,-46.4654635,maua,SP
09389,-23.6303225,-46.4792306,maua,SP
09390,-23.6541950,-46.4536538,maua,SP
09391,-23.6508519,-46.4468578,maua,SP
09400,-23.7118515,-46.4124415,ribeirao pires,SP
09401,-23.7044766,-46.4098337,ribeirao pires,SP
09402,-23.7037521,-46.4162367,ribeirao pires,SP
09403,-23.6931710,-46.4369854,ribeirao pires,SP
09404,-23.6846728,-46.4151996,ribeirao pires,SP
09405,-23.7007658,-46.4043333,ribeirao pires,SP
09406,-23.7108290,-46.4005229,ribeirao pires,SP
09407,-23.7032769,-46.3886119,ribeirao pires,SP
09410,-23.7108289,-46.3905189,ribeirao pires,SP
09411,-23.7189079,-46.3947161,ribeirao pires,SP
09412,-23.7327072,-46.4179165,ribeirao pires,SP
09413,-23.7395228,-46.4317763,ribeirao pires,SP
09414,-23.7473967,-46.4367888,ribeirao pires,SP
09415,-23.7550185,-46.4418574,ribeirao pires,SP
09416,-23.7388555,-46.4471410,ribeirao pires,SP
09420,-23.7192233,-46.4132078,ribeirao pires,SP
09421,-23.7219725,-46.4199910,ribeirao pires,SP
09422,-23.7186325,-46.4215073,ribeirao pires,SP
09423,-23.7202829,-46.4257585,ribeirao pires,SP
09424,-23.7142747,-46.4187345,ribeirao pires,SP
09425,-23.7094127,-46.4279537,ribeirao pires,SP
09426,-23.6981256,-46.4278919,ribeirao pires,SP
09430,-23.7003550,-46.3967525,ribeirao pires,SP
09431,-23.6914303,-46.3822385,ribeirao pires,SP
09432,-23.6873198,-46.3932858,ribeirao pires,SP
09433,-23.6678174,-46.3852003,ribeirao pires,SP
09434,-23.6600415,-46.3729411,ribeirao pires,SP
09435,-23.6537326,-46.3649130,ribeirao pires,SP
09436,-23.6513172,-46.3668236,ribeirao pires,SP
09440,-23.6898167,-46.3712457,ribeirao pires,SP
09441,-23.6837657,-46.3755575,ribeirao pires,SP
09442,-23.6784321,-46.3563575,ribeirao pires,SP
09443,-23.6806449,-46.3495152,ribeirao pires,SP
09444,-23.6944441,-46.3432657,ribeirao pires,SP
09445,-23.7005856,-46.3622641,ribeirao pires,SP
09450,-23.7456249,-46.3946203,rio grande da serra,SP
09510,-23.6156558,-46.5718601,sao caetano do sul,SP
09520,-23.6085063,-46.5712816,sao caetano do sul,SP
09521,-23.6131810,-46.5728732,sao caetano do sul,SP
09530,-23.6215429,-46.5751027,sao caetano do sul,SP
09531,-23.6199967,-46.5708999,sao caetano do sul,SP
09540,-23.6249684,-46.5661944,sao caetano do sul,SP
09541,-23.6202057,-46.5641447,sao caetano do sul,SP
09550,-23.6174243,-46.5518818,sao caetano do sul,SP
09551,-23.6234540,-46.5530396,sao caetano do sul,SP
09560,-23.6326424,-46.5543813,sao caetano do sul,SP
09561,-23.6390147,-46.5569376,sao caetano do sul,SP
09570,-23.6327449,-46.5654310,sao caetano do sul,SP
09571,-23.6349026,-46.5648373,sao caetano do sul,SP
09572,-23.6424413,-46.5608313,sao caetano do sul,SP
09580,-23.6427702,-46.5720801,sao caetano do sul,SP
09581,-23.6352917,-46.5782885,sao caetano do sul,SP
09600,-23.6722254,-46.5557758,sao bernardo do campo,SP
09601,-23.6715730,-46.5593945,sao bernardo do campo,SP
09602,-23.6619775,-46.5645933,sao bernardo do campo,SP
09603,-23.6621027,-46.5645284,sao bernardo do campo,SP
09604,-23.6569942,-46.5688141,sao bernardo do campo,SP
09605,-23.6589662,-46.5673546,são bernardo do campo,SP
09606,-23.6758078,-46.5618264,sao bernardo do campo,SP
09607,-23.6735524,-46.5613969,sao bernardo do campo,SP
09608,-23.6748505,-46.5659238,sao bernardo do campo,SP
09609,-23.6678506,-46.5689779,sao bernardo do campo,SP
09610,-23.6673483,-46.5682810,sao bernardo do campo,SP
09611,-23.6620957,-46.5702987,sao bernardo do campo,SP
09612,-23.6578241,-46.5714069,sao bernardo do campo,SP
09613,-23.6709147,-46.5651351,sao bernardo do campo,SP
09614,-23.6695808,-46.5562971,sao bernardo do campo,SP
09615,-23.6787520,-46.5581440,sao bernardo do campo,SP
09616,-23.6624493,-46.5595171,sao bernardo do campo,SP
09617,-23.6672032,-46.5593062,sao bernardo do campo,SP
09618,-23.6680698,-46.5644985,sao bernardo do campo,SP
09619,-23.6658364,-46.5644735,sao bernardo do campo,SP
09620,-23.6671395,-46.5704570,sao bernardo do campo,SP
09621,-23.6646154,-46.5716802,sao bernardo do campo,SP
09623,-23.6608724,-46.5725430,sao bernardo do campo,SP
09624,-23.6562122,-46.5737725,sao bernardo do campo,SP
09625,-23.6610903,-46.5666903,sao bernardo do campo,SP
09626,-23.6579304,-46.5700171,sao bernardo do campo,SP
09627,-23.6583165,-46.5663183,sao bernardo do campo,SP
09628,-23.6613048,-46.5642964,sao bernardo do campo,SP
09629,-23.6567099,-46.5672340,sao bernardo do campo,SP
09631,-23.6589455,-46.5619911,sao bernardo do campo,SP
09632,-23.6543107,-46.5656220,sao bernardo do campo,SP
09633,-23.6543372,-46.5672093,sao bernardo do campo,SP
09634,-23.6525789,-46.5691130,sao bernardo do campo,SP
09635,-23.6616870,-46.5655599,sao bernardo do campo,SP
09636,-23.6522265,-46.5744412,sao bernardo do campo,SP
09637,-23.6524275,-46.5742244,sao bernardo do campo,SP
09639,-23.6468893,-46.5802066,sao bernardo do campo,SP
09640,-23.6566288,-46.5748686,sao bernardo do campo,SP
09641,-23.6557163,-46.5768204,sao bernardo do campo,SP
09642,-23.6490493,-46.5766065,sao bernardo do campo,SP
09651,-23.6583503,-46.5802307,sao bernardo do campo,SP
09655,-23.6554818,-46.5946010,sao bernardo do campo,SP
09656,-23.6599608,-46.6043587,sao bernardo do campo,SP
09657,-23.6669080,-46.6093232,sao bernardo do campo,SP
09660,-23.6552432,-46.5940714,sao bernardo do campo,SP
09661,-23.6608650,-46.5964406,sao bernardo do campo,SP
09662,-23.6608440,-46.5994212,sao bernardo do campo,SP
09663,-23.6557202,-46.5985824,sao bernardo do campo,SP
09664,-23.6583758,-46.6046184,sao bernardo do campo,SP
09665,-23.6588203,-46.6088282,sao bernardo do campo,SP
09666,-23.6590092,-46.6066344,sao bernardo do campo,SP
09667,-23.6616263,-46.6088181,sao bernardo do campo,SP
09668,-23.6626022,-46.6121372,sao bernardo do campo,SP
09669,-23.6624358,-46.6077624,sao bernardo do campo,SP
09670,-23.6617943,-46.6043471,sao bernardo do campo,SP
09671,-23.6644796,-46.6060565,sao bernardo do campo,SP
09672,-23.6607089,-46.6023743,sao bernardo do campo,SP
09680,-23.6646016,-46.5815952,são bernardo do campo,SP
09682,-23.6677304,-46.5975673,sao bernardo do campo,SP
09683,-23.6677956,-46.5962461,sao bernardo do campo,SP
09684,-23.6668562,-46.5943339,sao bernardo do campo,SP
09685,-23.6651991,-46.5923194,sao bernardo do campo,SP
09686,-23.6688701,-46.5931440,sao bernardo do campo,SP
09687,-23.6733936,-46.5952405,sao bernardo do campo,SP
09688,-23.6726218,-46.5926264,sao bernardo do campo,SP
09689,-23.6683652,-46.5914845,sao bernardo do campo,SP
09690,-23.6751205,-46.5906153,sao bernardo do campo,SP
09691,-23.6698555,-46.5898289,sao bernardo do campo,SP
09692,-23.6684102,-46.5876881,sao bernardo do campo,SP
09693,-23.6652415,-46.5884365,sao bernardo do campo,SP
09694,-23.6710370,-46.5810184,sao bernardo do campo,SP
09695,-23.6728055,-46.5721223,sao bernardo do campo,SP
09696,-23.6748700,-46.5576200,sao bernardo do campo,SP
09710,-23.7104665,-46.5489397,sao bernardo do campo,SP
09715,-23.7156559,-46.5457478,sao bernardo do campo,SP
09720,-23.7156039,-46.5540847,sao bernardo do campo,SP
09721,-23.7196459,-46.5475255,sao bernardo do campo,SP
09725,-23.7063160,-46.5569562,sao bernardo do campo,SP
09726,-23.6880797,-46.5618214,sao bernardo do campo,SP
09732,-23.6823857,-46.5610534,sao bernardo do campo,SP
09750,-23.6881190,-46.5532218,sao bernardo do campo,SP
09751,-23.6913846,-46.5437323,sao bernardo do campo,SP
09760,-23.6990682,-46.5421969,sao bernardo do campo,SP
09761,-23.7087654,-46.5282180,sao bernardo do campo,SP
09762,-23.7062053,-46.5205012,sao bernardo do campo,SP
09765,-23.7074966,-46.5339067,sao bernardo do campo,SP
09770,-23.7083330,-46.5430409,sao bernardo do campo,SP
09771,-23.7039147,-46.5429406,sao bernardo do campo,SP
09772,-23.7129835,-46.5396183,sao bernardo do campo,SP
09780,-23.7150496,-46.5372682,sao bernardo do campo,SP
09781,-23.7251429,-46.5342329,sao bernardo do campo,SP
09782,-23.7283878,-46.5370734,sao bernardo do campo,SP
09783,-23.7230411,-46.5291643,sao bernardo do campo,SP
09784,-23.7178713,-46.5249176,sao bernardo do campo,SP
09785,-23.7094708,-46.5408818,sao bernardo do campo,SP
09790,-23.7279922,-46.5428478,sao bernardo do campo,SP
09791,-23.7408626,-46.5318967,sao bernardo do campo,SP
09792,-23.7445104,-46.5407889,sao bernardo do campo,SP
09810,-23.7195763,-46.5647531,sao bernardo do campo,SP
09811,-23.7270167,-46.5605727,sao bernardo do campo,SP
09812,-23.7248850,-46.5704143,sao bernardo do campo,SP
09820,-23.7408968,-46.5552034,sao bernardo do campo,SP
09821,-23.7515676,-46.5571097,sao bernardo do campo,SP
09822,-23.7597848,-46.5437672,sao bernardo do campo,SP
09830,-23.7900869,-46.5377627,sao bernardo do campo,SP
09831,-23.7924956,-46.5403376,sao bernardo do campo,SP
09832,-23.7768045,-46.5153827,sao bernardo do campo,SP
09834,-23.8051853,-46.4426951,sao bernardo do campo,SP
09835,-23.8303699,-46.5870920,sao bernardo do campo,SP
09836,-23.8068810,-46.6175368,sao bernardo do campo,SP
09837,-23.8216621,-46.5666620,sao bernardo do campo,SP
09838,-23.8432762,-46.5642346,sao bernardo do campo,SP
09840,-23.7378269,-46.5748717,sao bernardo do campo,SP
09841,-23.7374767,-46.5757762,sao bernardo do campo,SP
09842,-23.7537455,-46.5911482,sao bernardo do campo,SP
09843,-23.7703218,-46.5947598,sao bernardo do campo,SP
09844,-23.7580269,-46.5773994,sao bernardo do campo,SP
09845,-23.7420276,-46.5719036,sao bernardo do campo,SP
09846,-23.7351356,-46.5757875,sao bernardo do campo,SP
09847,-23.7554438,-46.5848497,sao bernardo do campo,SP
09850,-23.7252311,-46.5820350,sao bernardo do campo,SP
09851,-23.7152847,-46.5904572,sao bernardo do campo,SP
09852,-23.7292447,-46.5951705,sao bernardo do campo,SP
09853,-23.7383189,-46.5944767,sao bernardo do campo,SP
09854,-23.7530352,-46.5972095,sao bernardo do campo,SP
09855,-23.7318650,-46.5891740,sao bernardo do campo,SP
09856,-23.7339151,-46.6052480,sao bernardo do campo,SP
09857,-23.7473867,-46.6168264,sao bernardo do campo,SP
09860,-23.7076915,-46.5767228,sao bernardo do campo,SP
09861,-23.7076935,-46.5813317,sao bernardo do campo,SP
09862,-23.7011531,-46.5829290,sao bernardo do campo,SP
09869,-23.7226448,-46.5738629,são bernardo do campo,SP
09890,-23.6947654,-46.5681308,sao bernardo do campo,SP
09891,-23.6857980,-46.5708927,sao bernardo do campo,SP
09892,-23.6830995,-46.5752055,sao bernardo do campo,SP
09894,-23.6772434,-46.5764022,sao bernardo do campo,SP
09895,-23.7044274,-46.5701771,sao bernardo do campo,SP
09896,-23.7036193,-46.5638833,sao bernardo do campo,SP
09910,-23.6913422,-46.6289885,diadema,SP
09911,-23.6892827,-46.6197148,diadema,SP
09912,-23.6896126,-46.6155977,diadema,SP
09913,-23.6811839,-46.6299914,diadema,SP
09914,-23.6907098,-46.6315710,diadema,SP
09920,-23.6816616,-46.6233333,diadema,SP
09921,-23.6797871,-46.6128398,diadema,SP
09930,-23.6707487,-46.6167119,diadema,SP
09931,-23.6666620,-46.6227395,diadema,SP
09932,-23.6652551,-46.6163584,diadema,SP
09940,-23.6690536,-46.6037200,diadema,SP
09941,-23.6780074,-46.6029783,diadema,SP
09942,-23.6826967,-46.5987323,diadema,SP
09943,-23.6719344,-46.6004415,diadema,SP
09950,-23.6835366,-46.5865186,diadema,SP
09951,-23.6890062,-46.5909331,diadema,SP
09952,-23.6921859,-46.5986749,diadema,SP
09960,-23.6952323,-46.5975993,diadema,SP
09961,-23.7024654,-46.5960516,diadema,SP
09962,-23.7003959,-46.5979545,diadema,SP
09963,-23.7048248,-46.5965177,diadema,SP
09970,-23.7186903,-46.6115058,diadema,SP
09971,-23.7258484,-46.6213473,diadema,SP
09972,-23.7215841,-46.6190644,diadema,SP
09973,-23.7178761,-46.6168925,diadema,SP
09974,-23.7189241,-46.6121059,diadema,SP
09980,-23.7055150,-46.6114802,diadema,SP
09981,-23.7066768,-46.6086280,diadema,SP
09990,-23.6967277,-46.6169082,diadema,SP
09991,-23.6950938,-46.6122398,diadema,SP
09992,-23.6998935,-46.6234262,diadema,SP
09993,-23.7030004,-46.6215965,diadema,SP
11010,-23.9335726,-46.3296253,santos,SP
11013,-23.9377016,-46.3259974,santos,SP
11015,-23.9531533,-46.3192077,santos,SP
11020,-23.9684561,-46.3054701,santos,SP
11025,-23.9704932,-46.3081953,santos,SP
11030,-23.9848583,-46.3020700,santos,SP
11031,-23.9330473,-46.3255573,santos,SP
11035,-23.9804197,-46.3044813,santos,SP
11040,-23.9723156,-46.3144139,santos,SP
11045,-23.9697462,-46.3219388,santos,SP
11050,-23.9575126,-46.3268000,santos,SP
11055,-23.9657339,-46.3287217,santos,SP
11060,-23.9625739,-46.3340987,santos,SP
11065,-23.9652272,-46.3435813,santos,SP
11070,-23.9567477,-46.3452720,santos,SP
11075,-23.9546005,-46.3377312,santos,SP
11080,-23.9444432,-46.3517347,santos,SP
11081,-23.9347459,-46.3429748,santos,SP
11082,-23.9389059,-46.3396559,santos,SP
11085,-23.9378288,-46.3565915,santos,SP
11086,-23.9451812,-46.3743958,santos,SP
11087,-23.9461566,-46.3791671,santos,SP
11088,-23.9409108,-46.3849354,santos,SP
11089,-23.9401929,-46.3694304,santos,SP
11090,-23.9372000,-46.3763525,santos,SP
11095,-23.9272658,-46.3784749,santos,SP
11200,-18.4328963,-43.5773062,caruara,SP
11250,-23.8183904,-46.0806237,bertioga,SP
11310,-23.9674961,-46.3864546,sao vicente,SP
11320,-23.9700866,-46.3725889,sao vicente,SP
11325,-23.9864785,-46.3916563,sao vicente,SP
11330,-23.9679790,-46.4024614,sao vicente,SP
11335,-23.9653650,-46.4120574,sao vicente,SP
11340,-23.9577203,-46.4071755,sao vicente,SP
11345,-23.9880769,-46.4791947,sao vicente,SP
11346,-23.9833404,-46.4879877,sao vicente,SP
11347,-23.9816048,-46.4656456,sao vicente,SP
11348,-23.9553867,-46.4557498,sao vicente,SP
11349,-23.9504649,-46.4576958,sao vicente,SP
11350,-23.9446323,-46.4150183,sao vicente,SP
11355,-23.9517700,-46.4081401,sao vicente,SP
11360,-23.9471440,-46.3976118,sao vicente,SP
11365,-23.9544916,-46.3951227,sao vicente,SP
11370,-23.9559804,-46.3816145,sao vicente,SP
11374,-23.9901667,-46.4719370,sao vicente,SP
11380,-23.9598949,-46.3727945,sao vicente,SP
11390,-23.9619427,-46.3821164,sao vicente,SP
11410,-23.9952192,-46.2597235,guaruja,SP
11420,-24.0081018,-46.2720020,guaruja,SP
11421,-24.0135514,-46.2825737,guaruja,SP
11425,-23.9975671,-46.3032048,guaruja,SP
11430,-23.9939436,-46.2848882,guaruja,SP
11431,-23.9958262,-46.2787391,guaruja,SP
11432,-23.9876140,-46.2703661,guaruja,SP
11435,-23.9768554,-46.2598497,guaruja,SP
11436,-23.9712084,-46.2515242,guaruja,SP
11438,-23.9641054,-46.2470622,guaruja,SP
11440,-23.9837869,-46.2407468,guaruja,SP
11441,-23.9791559,-46.2282652,guaruja,SP
11442,-23.9761179,-46.2200384,guaruja,SP
11443,-23.9790906,-46.2054384,guaruja,SP
11444,-23.9699186,-46.1890984,guaruja,SP
11445,-23.9574624,-46.1957372,guaruja,SP
11446,-23.9433771,-46.1979061,guaruja,SP
11449,-23.9719797,-46.2120028,guaruja,SP
11450,-23.9419541,-46.3025648,guaruja,SP
11451,-23.9454738,-46.2894488,guaruja,SP
11453,-23.9367030,-46.2868995,guaruja,SP
11454,-23.9463509,-46.2813067,guaruja,SP
11460,-23.9572396,-46.2849671,guaruja,SP
11461,-23.9552832,-46.2738649,guaruja,SP
11462,-23.9545435,-46.2846128,guaruja,SP
11463,-23.9530619,-46.2882235,guaruja,SP
11470,-23.9603640,-46.2782501,guaruja,SP
11471,-23.9645507,-46.2787686,guaruja,SP
11472,-23.9730256,-46.2752655,guaruja,SP
11473,-23.9531197,-46.2910394,guaruja,SP
11495,-23.9636389,-46.2521161,guaruja,SP
11497,-23.9635193,-46.2448249,guaruja,SP
11500,-23.8802144,-46.4172727,cubatao,SP
11505,-23.8753814,-46.4213922,cubatao,SP
11510,-23.8862684,-46.4240870,cubatao,SP
11515,-23.8899044,-46.4290659,cubatao,SP
11520,-23.8951794,-46.4238561,cubatao,SP
11523,-23.9030163,-46.4248098,cubatao,SP
11525,-23.8948116,-46.4277650,cubatao,SP
11530,-23.9309616,-46.4002026,cubatao,SP
11531,-23.9208054,-46.4077466,cubatao,SP
11533,-23.9279477,-46.4097423,cubatao,SP
11534,-23.9200945,-46.4265277,cubatao,SP
11535,-23.9336475,-46.4302208,cubatao,SP
11538,-23.8991326,-46.4335251,cubatao,SP
11540,-23.8744250,-46.4467035,cubatao,SP
11542,-23.9124795,-46.4640918,cubatao,SP
11543,-23.8860936,-46.4499371,cubatao,SP
11548,-23.8933855,-46.4175883,cubatao,SP
11550,-23.8782449,-46.4265638,cubatao,SP
11555,-23.8809142,-46.4502502,cubatão,SP
11570,-23.8356969,-46.3784517,cubatao,SP
11573,-23.8834575,-46.4281605,cubatao,SP
11600,-23.7717318,-45.5252959,sao sebastiao,SP
11601,-23.7172256,-45.4322462,sao sebastiao,SP
11602,-23.7269170,-45.4237302,sao sebastiao,SP
11603,-23.7320940,-45.4032505,sao sebastiao,SP
11604,-23.7666632,-45.4130612,sao sebastiao,SP
11605,-23.7732050,-45.4060253,sao sebastiao,SP
11606,-23.7812675,-45.4019477,sao sebastiao,SP
11608,-23.7985034,-45.4033914,sao sebastiao,SP
11609,-23.8016172,-45.4053558,sao sebastiao,SP
11610,-23.8050757,-45.4132472,sao sebastiao,SP
11611,-23.8143071,-45.4163625,sao sebastiao,SP
11612,-23.8215515,-45.4330377,sao sebastiao,SP
11614,-23.8212944,-45.4669982,sao sebastiao,SP
11615,-23.8098965,-45.5087451,sao sebastiao,SP
11617,-23.7945774,-45.5740824,sao sebastiao,SP
11618,-23.7811873,-45.6201306,sao sebastiao,SP
11619,-23.7746530,-45.6365537,sao sebastiao,SP
11620,-23.7929872,-45.5556329,maresias,SP
11621,-23.7742919,-45.6745103,sao sebastiao,SP
11622,-23.7704380,-45.6799449,sao sebastiao,SP
11623,-23.7639834,-45.7175458,sao sebastiao,SP
11624,-23.7597654,-45.7639394,sao sebastiao,SP
11625,-23.7641094,-45.7884130,sao sebastiao,SP
11626,-23.7539815,-45.8208123,sao sebastiao,SP
11628,-23.7875482,-45.5625697,sao sebastiao,SP
11629,-23.7584688,-45.4139775,sao sebastiao,SP
11630,-23.8145262,-45.3687259,ilhabela,SP
11660,-23.6228089,-45.4141360,caraguatatuba,SP
11661,-23.6211305,-45.3990299,caraguatatuba,SP
11662,-23.6229334,-45.3851686,caraguatatuba,SP
11663,-23.6182063,-45.3866065,caraguatatuba,SP
11664,-23.6131710,-45.3929749,caraguatatuba,SP
11665,-23.6350639,-45.4250218,caraguatatuba,SP
11666,-23.6662001,-45.4369606,caraguatatuba,SP
11667,-23.6860402,-45.4367793,caraguatatuba,SP
11668,-23.7098202,-45.4406738,caraguatatuba,SP
11669,-23.6976573,-45.4441031,caraguatatuba,SP
11670,-23.6849278,-45.4431900,caraguatatuba,SP
11671,-23.6739827,-45.4434317,caraguatatuba,SP
11672,-23.6581997,-45.4387008,caraguatatuba,SP
11673,-23.6375917,-45.4365397,caraguatatuba,SP
11674,-23.6290556,-45.4337119,caraguatatuba,SP
11675,-23.6136108,-45.4276767,caraguatatuba,SP
11676,-23.6045204,-45.3573862,caraguatatuba,SP
11677,-23.5811660,-45.3348910,caraguatatuba,SP
11678,-23.6629969,-45.4472319,caraguatatuba,SP
11679,-23.5933757,-45.3368484,caraguatatuba,SP
11680,-23.4529293,-45.0932194,ubatuba,SP
11700,-24.0103837,-46.4062770,praia grande,SP
11701,-24.0089231,-46.4191253,praia grande,SP
11702,-24.0143947,-46.4383583,praia grande,SP
11703,-24.0204324,-46.4599606,praia grande,SP
11704,-24.0265257,-46.4782369,praia grande,SP
11705,-24.0366171,-46.5048633,praia grande,SP
11706,-24.0473325,-46.5254432,praia grande,SP
11707,-24.0545607,-46.5420912,praia grande,SP
11708,-24.0678888,-46.5676179,praia grande,SP
11709,-24.0786265,-46.5893429,praia grande,SP
11710,-24.0764526,-46.5936138,praia grande,SP
11711,-24.0471011,-46.5346137,praia grande,SP
11712,-24.0358004,-46.5302724,praia grande,SP
11713,-24.0308471,-46.5226489,praia grande,SP
11714,-24.0253498,-46.5117625,praia grande,SP
11717,-24.0227679,-46.4970689,praia grande,SP
11718,-24.0162857,-46.4820216,praia grande,SP
11719,-24.0149962,-46.4660252,praia grande,SP
11720,-24.0083418,-46.4592925,praia grande,SP
11721,-24.0109966,-46.4521917,praia grande,SP
11722,-24.0014999,-46.4498635,praia grande,SP
11723,-24.0050829,-46.4492403,praia grande,SP
11724,-24.0047259,-46.4377401,praia grande,SP
11725,-23.9974210,-46.4227932,praia grande,SP
11726,-23.9953867,-46.4080924,praia grande,SP
11730,-24.1118956,-46.6654374,mongagua,SP
11740,-24.1827103,-46.8018386,itanhaem,SP
11750,-24.3030988,-46.9870490,peruibe,SP
11760,-24.2906424,-47.1643502,itariri,SP
11770,-24.3037110,-47.0660687,ana dias,SP
11790,-24.2790340,-47.2357618,pedro de toledo,SP
11800,-24.3166254,-47.6347455,juquia,SP
11850,-24.2787685,-47.4497451,miracatu,SP
11900,-24.4988378,-47.8461613,registro,SP
11910,-24.3854971,-47.9280561,sete barras,SP
11920,-24.7046196,-47.5553599,iguape,SP
11925,-24.7479204,-47.5561636,ilha comprida,SP
11930,-24.7152753,-47.8813846,pariquera-acu,SP
11940,-24.7018312,-48.0051842,jacupiranga,SP
11950,-24.7281989,-48.1128044,cajati,SP
11955,-24.7784049,-48.4997523,barra do turvo,SP
11960,-24.5227988,-48.1080225,eldorado,SP
11990,-25.0092927,-47.9319571,cananeia,SP
12010,-23.0325054,-45.5594382,taubate,SP
12020,-23.0242809,-45.5590821,taubate,SP
12030,-23.0321422,-45.5704613,taubate,SP
12031,-23.0395362,-45.5810702,taubate,SP
12032,-23.0424322,-45.5919731,taubate,SP
12040,-23.0298074,-45.5899090,taubate,SP
12041,-23.0277665,-45.5785643,taubate,SP
12042,-23.0397297,-45.6100024,taubate,SP
12043,-23.0278303,-45.6209908,taubate,SP
12045,-23.0491616,-45.6296363,taubate,SP
12050,-23.0199704,-45.5715692,taubate,SP
12051,-23.0120087,-45.5856520,taubate,SP
12052,-23.0094176,-45.5679306,taubate,SP
12053,-23.0055708,-45.5754630,taubate,SP
12054,-23.0230450,-45.5794662,taubate,SP
12060,-23.0148074,-45.5589972,taubate,SP
12061,-23.0037752,-45.5592239,taubate,SP
12062,-23.0030315,-45.5469311,taubate,SP
12070,-23.0175862,-45.5414550,taubate,SP
12071,-23.0043297,-45.5321560,taubate,SP
12072,-23.0078415,-45.5211073,taubate,SP
12080,-23.0228060,-45.5508474,taubate,SP
12081,-23.0276334,-45.5335793,taubate,SP
12082,-23.0355139,-45.5445280,taubate,SP
12085,-23.0176670,-45.5183463,taubate,SP
12086,-23.0474541,-45.5183687,taubate,SP
12090,-23.0444172,-45.5540370,taubate,SP
12091,-23.0460852,-45.5685699,taubate,SP
12092,-23.0616713,-45.5859674,taubate,SP
12093,-23.0687254,-45.5693660,taubate,SP
12095,-23.0755920,-45.5383148,taubate,SP
12120,-22.9749849,-45.5479375,tremembe,SP
12130,-23.0887286,-45.1906535,lagoinha,SP
12140,-23.2240294,-45.3502517,sao luis do paraitinga,SP
12150,-23.2463401,-45.2037263,catucaba,SP
12170,-23.2766303,-45.5297792,redencao da serra,SP
12180,-23.3776503,-45.4439921,natividade da serra,SP
12209,-23.1780005,-45.8838177,sao jose dos campos,SP
12210,-23.1834900,-45.8844656,sao jose dos campos,SP
12211,-23.1641376,-45.8932646,sao jose dos campos,SP
12212,-23.1554064,-45.8996315,sao jose dos campos,SP
12213,-23.1503523,-45.9093128,sao jose dos campos,SP
12214,-23.1590927,-45.9178850,sao jose dos campos,SP
12215,-23.1854524,-45.8716463,sao jose dos campos,SP
12216,-23.1955729,-45.8792847,sao jose dos campos,SP
12220,-23.1795582,-45.8551034,sao jose dos campos,SP
12221,-23.1711341,-45.8410382,sao jose dos campos,SP
12223,-23.1811714,-45.8288525,sao jose dos campos,SP
12224,-23.1783001,-45.8234624,sao jose dos campos,SP
12225,-23.1905661,-45.7961003,sao jose dos campos,SP
12226,-23.1417282,-45.8985038,sao jose dos campos,SP
12227,-23.2089889,-45.8544700,sao jose dos campos,SP
12228,-23.2510608,-45.8343519,sao jose dos campos,SP
12229,-23.2697083,-45.8645668,sao jose dos campos,SP
12230,-23.2245033,-45.8878429,sao jose dos campos,SP
12231,-23.2243720,-45.8820598,sao jose dos campos,SP
12232,-23.2581312,-45.8876091,sao jose dos campos,SP
12233,-23.2466807,-45.8869091,sao jose dos campos,SP
12234,-23.2834569,-45.8954160,sao jose dos campos,SP
12235,-23.2337868,-45.9024718,sao jose dos campos,SP
12236,-23.2509872,-45.8988739,sao jose dos campos,SP
12237,-23.2435741,-45.9135977,sao jose dos campos,SP
12238,-23.2565935,-45.9200931,sao jose dos campos,SP
12239,-23.2670295,-45.9012637,sao jose dos campos,SP
12240,-23.2242984,-45.9132008,sao jose dos campos,SP
12241,-23.2325050,-45.9265717,sao jose dos campos,SP
12242,-23.2017251,-45.9066859,sao jose dos campos,SP
12243,-23.2022681,-45.8980285,sao jose dos campos,SP
12244,-23.1989794,-45.9431709,sao jose dos campos,SP
12245,-23.1980083,-45.8888877,sao jose dos campos,SP
12246,-23.2168607,-45.9085938,sao jose dos campos,SP
12247,-23.1606751,-45.8003166,sao jose dos campos,SP
12248,-23.1708221,-45.7963226,sao jose dos campos,SP
12249,-22.9129969,-45.9618181,sao francisco xavier,SP
12250,-22.9537149,-45.8395502,monteiro lobato,SP
12260,-23.3931486,-45.6607622,paraibuna,SP
12270,-23.2616830,-45.6981521,jambeiro,SP
12280,-23.0938250,-45.7017052,cacapava,SP
12281,-23.1046314,-45.7060949,cacapava,SP
12282,-23.1031357,-45.7002294,cacapava,SP
12283,-23.1041148,-45.6775201,cacapava,SP
12284,-23.1140617,-45.7006120,cacapava,SP
12285,-23.1250162,-45.7140671,cacapava,SP
12286,-23.1097780,-45.7205369,cacapava,SP
12287,-23.1067853,-45.7136442,cacapava,SP
12288,-23.0931768,-45.7110536,cacapava,SP
12289,-23.0706544,-45.7178701,cacapava,SP
12290,-23.0571548,-45.7127362,cacapava,SP
12294,-23.1388246,-45.7215256,cacapava,SP
12295,-23.1884115,-45.7346929,caçapava,SP
12297,-23.0877271,-45.6901028,cacapava,SP
12301,-23.2677334,-45.9399526,jacarei,SP
12302,-23.2726866,-45.9331936,jacarei,SP
12305,-23.2767718,-45.9476364,jacarei,SP
12306,-23.2878780,-45.9475856,jacarei,SP
12307,-23.2971496,-45.9563056,jacarei,SP
12308,-23.3039169,-45.9626525,jacarei,SP
12309,-23.3090448,-45.9571392,jacarei,SP
12310,-23.2990371,-45.9469443,jacarei,SP
12311,-23.2820178,-45.9394078,jacarei,SP
12312,-23.3014374,-45.9330874,jacarei,SP
12315,-23.3163928,-45.9293246,jacarei,SP
12316,-23.3163059,-45.9405691,jacarei,SP
12318,-23.3123379,-45.9553610,jacarei,SP
12319,-23.3235127,-45.9700133,jacarei,SP
12320,-23.3135629,-45.9759114,jacarei,SP
12321,-23.2984057,-45.9844385,jacarei,SP
12322,-23.3106973,-45.9844266,jacarei,SP
12323,-23.3248666,-45.9909083,jacarei,SP
12324,-23.3134623,-46.0036867,jacarei,SP
12325,-23.3059683,-46.0156503,jacarei,SP
12326,-23.3242400,-46.0456476,jacarei,SP
12327,-23.3023183,-45.9718882,jacarei,SP
12328,-23.2883016,-45.9629953,jacarei,SP
12329,-23.2877865,-45.9536319,jacarei,SP
12330,-23.2965015,-46.0204749,jacarei,SP
12331,-23.2719379,-46.0654988,jacarei,SP
12333,-23.2274061,-46.0694447,jacarei,SP
12334,-23.2704145,-46.0021787,jacarei,SP
12335,-23.2640030,-45.9645010,jacarei,SP
12340,-23.3658253,-46.0266397,jacarei,SP
12341,-23.2935757,-45.9851050,jacarei,SP
12350,-23.2050409,-46.1532003,igarata,SP
12380,-23.3992805,-45.8853856,santa branca,SP
12400,-22.9263574,-45.4628509,pindamonhangaba,SP
12401,-22.9201863,-45.4644022,pindamonhangaba,SP
12402,-22.9173403,-45.4473477,pindamonhangaba,SP
12403,-22.9217320,-45.4438603,pindamonhangaba,SP
12404,-22.9067212,-45.4707836,pindamonhangaba,SP
12405,-22.9239165,-45.4376599,pindamonhangaba,SP
12410,-22.9347449,-45.4566780,pindamonhangaba,SP
12411,-22.9312943,-45.4359212,pindamonhangaba,SP
12412,-22.9530708,-45.4591029,pindamonhangaba,SP
12413,-22.9473609,-45.4192632,pindamonhangaba,SP
12414,-22.9454321,-45.4079885,pindamonhangaba,SP
12415,-22.9603295,-45.4084685,pindamonhangaba,SP
12420,-22.9431064,-45.4652366,pindamonhangaba,SP
12421,-22.9508447,-45.4788728,pindamonhangaba,SP
12422,-22.9364256,-45.4720696,pindamonhangaba,SP
12423,-22.9463574,-45.5031883,pindamonhangaba,SP
12424,-22.9573539,-45.4882576,pindamonhangaba,SP
12425,-22.9312557,-45.4765849,pindamonhangaba,SP
12426,-22.9503404,-45.4982924,pindamonhangaba,SP
12440,-22.9129778,-45.3685677,pindamonhangaba,SP
12441,-22.9245836,-45.3702843,pindamonhangaba,SP
12442,-22.9385265,-45.3823103,pindamonhangaba,SP
12443,-22.8963233,-45.3717064,pindamonhangaba,SP
12444,-22.8969141,-45.3792154,pindamonhangaba,SP
12445,-22.8882493,-45.3761939,pindamonhangaba,SP
12446,-22.8861758,-45.3675750,pindamonhangaba,SP
12450,-22.8100295,-45.6887328,santo antonio do pinhal,SP
12460,-22.7367193,-45.5864261,campos do jordao,SP
12490,-22.6910525,-45.7184878,sao bento do sapucai,SP
12500,-22.8131994,-45.1923496,guaratingueta,SP
12501,-22.8185147,-45.1946705,guaratingueta,SP
12502,-22.8157241,-45.1835579,guaratingueta,SP
12503,-22.8257025,-45.1903962,guaratingueta,SP
12504,-22.8241922,-45.2048252,guaratingueta,SP
12505,-22.8140540,-45.1992160,guaratingueta,SP
12506,-22.8034757,-45.2106506,guaratingueta,SP
12507,-22.8066557,-45.2395871,guaratingueta,SP
12508,-22.7934107,-45.2699627,guaratingueta,SP
12509,-22.7966029,-45.2253193,guaratingueta,SP
12510,-22.7862816,-45.2283458,guaratingueta,SP
12511,-22.8000132,-45.2070169,guaratingueta,SP
12512,-22.7781618,-45.2077351,guaratingueta,SP
12513,-22.7793163,-45.1989340,guaratingueta,SP
12514,-22.7966907,-45.1976246,guaratingueta,SP
12515,-22.8057626,-45.1931351,guaratingueta,SP
12516,-22.8013735,-45.1876450,guaratingueta,SP
12517,-22.7961226,-45.1834597,guaratingueta,SP
12518,-22.7864312,-45.1829865,guaratingueta,SP
12519,-22.7770669,-45.1846185,guaratingueta,SP
12520,-22.8041211,-45.1780671,guaratingueta,SP
12521,-22.7815001,-45.1657098,guaratingueta,SP
12522,-22.7845761,-45.1568218,guaratingueta,SP
12523,-22.7870893,-45.1494071,guaratingueta,SP
12524,-22.8128047,-45.1747940,guaratingueta,SP
12525,-22.8375594,-45.2574157,potim,SP
12530,-23.0708640,-44.9555941,cunha,SP
12540,-22.9534071,-44.8484993,campos de cunha,SP
12570,-22.8512312,-45.2466469,aparecida,SP
12580,-22.8989293,-45.3043911,roseira,SP
12600,-22.7308931,-45.1234728,lorena,SP
12601,-22.7373370,-45.1312359,lorena,SP
12602,-22.7223275,-45.1203219,lorena,SP
12603,-22.7247010,-45.1104658,lorena,SP
12604,-22.7314949,-45.1087676,lorena,SP
12605,-22.7380012,-45.0959793,lorena,SP
12606,-22.7415116,-45.1096108,lorena,SP
12607,-22.7420377,-45.1157027,lorena,SP
12608,-22.7416684,-45.1269502,lorena,SP
12609,-22.7501678,-45.1220348,lorena,SP
12610,-22.7525271,-45.1322863,lorena,SP
12611,-22.7434643,-45.1345392,lorena,SP
12615,-22.7043042,-45.0544405,canas,SP
12620,-22.6089071,-45.1833132,piquete,SP
12630,-22.6657738,-45.0090517,cachoeira paulista,SP
12690,-22.6670952,-44.8526668,silveiras,SP
12701,-22.5781262,-44.9615491,cruzeiro,SP
12702,-22.5857145,-44.9682674,cruzeiro,SP
12703,-22.5841513,-44.9763487,cruzeiro,SP
12704,-22.5791135,-44.9828049,cruzeiro,SP
12705,-22.5744340,-44.9699440,cruzeiro,SP
12710,-22.5681959,-44.9597516,cruzeiro,SP
12711,-22.5634206,-44.9679021,cruzeiro,SP
12712,-22.5611514,-44.9595338,cruzeiro,SP
12720,-22.5653312,-44.9447933,cruzeiro,SP
12721,-22.5589004,-44.9444643,cruzeiro,SP
12722,-22.5618852,-44.9381516,cruzeiro,SP
12723,-22.5605012,-44.9315930,cruzeiro,SP
12730,-22.5797711,-44.9530863,cruzeiro,SP
12760,-22.5601215,-44.9188352,lavrinhas,SP
12800,-22.5389916,-44.7724618,queluz,SP
12820,-22.5822873,-44.6961558,areias,SP
12830,-22.6495941,-44.5778179,sao jose do barreiro,SP
12850,-22.6834506,-44.3189179,bananal,SP
12870,-22.6736725,-44.4465427,arapei,SP
12900,-22.9565450,-46.5419601,braganca paulista,SP
12902,-22.9593309,-46.5482884,braganca paulista,SP
12903,-22.9439588,-46.5542959,braganca paulista,SP
12904,-22.9446054,-46.5489170,braganca paulista,SP
12906,-22.9391530,-46.5494057,braganca paulista,SP
12908,-22.9351703,-46.5450229,braganca paulista,SP
12910,-22.9414036,-46.5316470,braganca paulista,SP
12912,-22.9511632,-46.5344803,braganca paulista,SP
12913,-22.9616937,-46.5238542,braganca paulista,SP
12914,-22.9648028,-46.5344193,braganca paulista,SP
12916,-22.9817544,-46.5340309,braganca paulista,SP
12917,-22.9812129,-46.5476855,braganca paulista,SP
12918,-22.9744458,-46.6020037,braganca paulista,SP
12919,-22.9711009,-46.5505212,braganca paulista,SP
12922,-22.9145084,-46.5556914,braganca paulista,SP
12924,-22.8781462,-46.5309539,braganca paulista,SP
12926,-22.9221208,-46.5400702,braganca paulista,SP
12927,-22.9129744,-46.5342941,braganca paulista,SP
12929,-22.9319533,-46.5240428,braganca paulista,SP
12930,-22.8141926,-46.6948542,tuiuti,SP
12935,-22.8945497,-46.4106329,vargem,SP
12940,-23.1147305,-46.5528805,atibaia,SP
12941,-23.1231225,-46.5415806,atibaia,SP
12942,-23.1228092,-46.5600501,atibaia,SP
12943,-23.1277769,-46.5691206,atibaia,SP
12944,-23.1093389,-46.5543522,atibaia,SP
12945,-23.1127326,-46.5270941,atibaia,SP
12946,-23.1417069,-46.5510972,atibaia,SP
12947,-23.1383247,-46.5583764,atibaia,SP
12948,-23.1963356,-46.5870911,atibaia,SP
12949,-23.1524633,-46.5922800,atibaia,SP
12950,-23.1417314,-46.5822339,atibaia,SP
12951,-23.1243767,-46.5827916,atibaia,SP
12952,-23.0899252,-46.6116542,atibaia,SP
12953,-23.0953726,-46.6002935,atibaia,SP
12954,-23.0738033,-46.5565784,atibaia,SP
12955,-23.1382770,-46.4686125,bom jesus dos perdoes,SP
12960,-23.1736598,-46.3995100,nazare paulista,SP
12970,-23.0558609,-46.3592360,piracaia,SP
12980,-22.9308942,-46.2750335,joanopolis,SP
12990,-22.7950785,-46.4459800,pedra bela,SP
12995,-22.7807361,-46.5888671,pinhalzinho,SP
13010,-22.9043771,-47.0589521,campinas,SP
13012,-22.9050021,-47.0596435,campinas,SP
13013,-22.9061344,-47.0634558,campinas,SP
13015,-22.9042137,-47.0565490,campinas,SP
13020,-22.8985353,-47.0679130,campinas,SP
13023,-22.8938480,-47.0613370,campinas,SP
13024,-22.8921192,-47.0545814,campinas,SP
13025,-22.8983873,-47.0516405,campinas,SP
13026,-22.9124517,-47.0491155,campinas,SP
13030,-22.9249699,-47.0742835,campinas,SP
13031,-22.9197456,-47.0854501,campinas,SP
13032,-22.9078751,-47.0850348,campinas,SP
13033,-22.9049368,-47.0970847,campinas,SP
13034,-22.9093691,-47.0907681,campinas,SP
13035,-22.9116357,-47.0747633,campinas,SP
13036,-22.9194734,-47.0686350,campinas,SP
13040,-22.9394300,-47.0594588,campinas,SP
13041,-22.9195812,-47.0572314,campinas,SP
13042,-22.9462673,-47.0504982,campinas,SP
13043,-22.9340528,-47.0414933,campinas,SP
13044,-22.9420106,-47.0423211,campinas,SP
13045,-22.9339991,-47.0330400,campinas,SP
13046,-22.9347098,-47.0206901,campinas,SP
13049,-22.9482383,-47.0800444,campinas,SP
13050,-22.9403830,-47.0952629,campinas,SP
13051,-22.9591763,-47.0884145,campinas,SP
13052,-22.9777449,-47.1041531,campinas,SP
13053,-23.0249339,-47.1160245,campinas,SP
13054,-22.9741314,-47.1264496,campinas,SP
13055,-22.9937623,-47.1160436,campinas,SP
13056,-22.9751005,-47.1429252,campinas,SP
13057,-22.9721771,-47.1641186,campinas,SP
13058,-22.9517862,-47.1839331,campinas,SP
13059,-22.9426732,-47.1532035,campinas,SP
13060,-22.9319802,-47.1118415,campinas,SP
13061,-22.9112756,-47.1146789,campinas,SP
13063,-22.8892293,-47.1085156,campinas,SP
13064,-22.9002967,-47.0003762,campinas,SP
13065,-22.8816630,-47.1260007,campinas,SP
13067,-22.8874426,-47.1409171,campinas,SP
13068,-22.8630752,-47.1499812,campinas,SP
13069,-22.8471245,-47.1398868,campinas,SP
13070,-22.8920576,-47.0824428,campinas,SP
13073,-22.8846027,-47.0673019,campinas,SP
13075,-22.8803675,-47.0608014,campinas,SP
13076,-22.8817086,-47.0504643,campinas,SP
13077,-22.8778225,-47.0425100,campinas,SP
13080,-22.8528389,-47.0756975,campinas,SP
13081,-22.8574079,-47.0674932,campinas,SP
13082,-22.8411083,-47.1038889,campinas,SP
13083,-22.8166569,-47.0712741,campinas,SP
13084,-22.8234208,-47.0871930,campinas,SP
13085,-22.7910693,-47.0809987,campinas,SP
13086,-22.8205568,-47.0510983,campinas,SP
13087,-22.8579900,-47.0530509,campinas,SP
13088,-22.8598280,-47.0382292,campinas,SP
13090,-22.8878027,-47.0382728,campinas,SP
13091,-22.8773975,-47.0294685,campinas,SP
13092,-22.8950006,-47.0348355,campinas,SP
13096,-22.9254230,-47.0307598,campinas,SP
13097,-22.8464259,-47.0247680,campinas,SP
13098,-22.8162479,-47.0228365,campinas,SP
13099,-22.7537008,-47.0145345,campinas,SP
13100,-22.9142550,-47.0388412,campinas,SP
13101,-22.9140200,-47.0135354,campinas,SP
13104,-22.8622348,-46.9766083,campinas,SP
13105,-22.8884132,-46.9844220,campinas,SP
13106,-22.8859988,-46.9733932,campinas,SP
13107,-22.8729836,-46.9598492,campinas,SP
13108,-22.8939651,-46.9422601,campinas,SP
13140,-22.7696002,-47.1504023,paulinia,SP
13141,-22.7935760,-47.1567608,paulinia,SP
13142,-22.7821679,-47.1781611,paulinia,SP
13144,-22.7563834,-47.2008363,paulinia,SP
13145,-22.7353322,-47.1766541,paulinia,SP
13146,-22.7279831,-47.1674455,paulinia,SP
13147,-22.7331344,-47.1402654,paulinia,SP
13148,-22.7770949,-47.1126560,paulinia,SP
13150,-22.6418542,-47.1893851,cosmopolis,SP
13152,-22.6386673,-47.1796147,cosmopolis,SP
13154,-22.6334742,-47.1775149,cosmopolis,SP
13155,-22.6302717,-47.1887288,cosmopolis,SP
13157,-22.6367596,-47.1980479,cosmopolis,SP
13160,-22.5712079,-47.1657688,artur nogueira,SP
13165,-22.4878177,-47.2045547,engenheiro coelho,SP
13170,-22.8221365,-47.2703354,sumare,SP
13171,-22.8320681,-47.2705203,sumare,SP
13172,-22.8153935,-47.2864046,sumare,SP
13173,-22.8003869,-47.2758989,sumare,SP
13174,-22.8146531,-47.2607883,sumare,SP
13175,-22.8179919,-47.2411013,sumare,SP
13176,-22.9011144,-47.2741312,sumare,SP
13177,-22.8092804,-47.2265702,sumare,SP
13178,-22.8043150,-47.2059632,sumare,SP
13179,-22.8207624,-47.1715131,sumare,SP
13180,-22.8377393,-47.1697330,sumare,SP
13181,-22.8411940,-47.1916932,sumare,SP
13183,-22.8550325,-47.2130300,hortolandia,SP
13184,-22.8702833,-47.2124141,hortolandia,SP
13185,-22.8927916,-47.1738495,hortolandia,SP
13186,-22.8899824,-47.1989801,hortolandia,SP
13187,-22.8962320,-47.2157920,hortolandia,SP
13188,-22.8982087,-47.2377559,hortolandia,SP
13189,-22.8751178,-47.2331245,hortolandia,SP
13190,-22.9443894,-47.2953512,monte mor,SP
13201,-23.1860517,-46.8859147,jundiai,SP
13202,-23.2041039,-46.8725901,jundiai,SP
13203,-23.2156753,-46.8603668,jundiai,SP
13205,-23.2474033,-46.8546407,jundiai,SP
13206,-23.2113362,-46.8803029,jundiai,SP
13207,-23.2013410,-46.8878481,jundiai,SP
13208,-23.1948143,-46.8967993,jundiai,SP
13209,-23.1810618,-46.9036433,jundiai,SP
13210,-23.2208729,-46.8850883,jundiai,SP
13211,-23.1894204,-46.9215733,jundiai,SP
13212,-23.1763971,-46.9741566,jundiai,SP
13213,-23.1550895,-46.9856702,jundiai,SP
13214,-23.1579950,-46.9181999,jundiai,SP
13215,-23.1696681,-46.8867152,jundiai,SP
13216,-23.1700842,-46.8735809,jundiai,SP
13218,-23.1739719,-46.8528642,jundiai,SP
13219,-23.1884096,-46.8539878,jundiai,SP
13220,-23.2109676,-46.8448190,varzea paulista,SP
13221,-23.1951210,-46.8303827,varzea paulista,SP
13222,-23.1955520,-46.8216951,varzea paulista,SP
13223,-23.2157949,-46.8103175,varzea paulista,SP
13224,-23.2187022,-46.8324959,varzea paulista,SP
13225,-23.2267584,-46.8449445,varzea paulista,SP
13226,-23.2434015,-46.8276141,varzea paulista,SP
13230,-23.2082914,-46.7866280,campo limpo paulista,SP
13231,-23.2012814,-46.7818638,campo limpo paulista,SP
13232,-23.2117463,-46.7628751,campo limpo paulista,SP
13233,-23.1805213,-46.7641321,campo limpo paulista,SP
13234,-23.2210515,-46.7261724,campo limpo paulista,SP
13236,-23.2231002,-46.7962085,campo limpo paulista,SP
13238,-23.2351430,-46.7693041,campo limpo paulista,SP
13240,-23.0964923,-46.7179247,jarinu,SP
13250,-23.0033017,-46.8377152,itatiba,SP
13251,-22.9957619,-46.8364616,itatiba,SP
13252,-22.9677981,-46.8070195,itatiba,SP
13253,-23.0028599,-46.8242058,itatiba,SP
13254,-23.0122702,-46.8135451,itatiba,SP
13255,-23.0426472,-46.8440820,itatiba,SP
13256,-23.0096991,-46.8543345,itatiba,SP
13257,-22.9882574,-46.8539627,itatiba,SP
13260,-22.8759385,-46.7934347,morungaba,SP
13270,-22.9754581,-47.0026824,valinhos,SP
13271,-22.9727723,-47.0122408,valinhos,SP
13272,-22.9516019,-47.0019956,valinhos,SP
13273,-22.9472102,-46.9774220,valinhos,SP
13274,-22.9660011,-46.9788418,valinhos,SP
13275,-22.9803116,-46.9852669,valinhos,SP
13276,-22.9799438,-46.9953707,valinhos,SP
13277,-22.9906170,-46.9972628,valinhos,SP
13278,-23.0002026,-47.0165548,valinhos,SP
13279,-23.0095356,-47.0180665,valinhos,SP
13280,-23.0314773,-46.9811168,vinhedo,SP
13281,-23.1692784,-46.4620878,vinhedo,SP
13282,-23.0675327,-46.9074920,vinhedo,SP
13283,-23.0373668,-46.9771169,vinhedo,SP
13284,-23.0344548,-46.9812236,vinhedo,SP
13285,-23.0355434,-47.0057734,vinhedo,SP
13286,-23.0484909,-47.0218675,vinhedo,SP
13287,-23.0513457,-46.9893315,vinhedo,SP
13288,-23.0702286,-47.0012632,vinhedo,SP
13289,-23.0402523,-46.9797820,vinhedo,SP
13290,-23.0855051,-46.9595410,louveira,SP
13295,-23.1573062,-47.0540604,itupeva,SP
13300,-23.2658132,-47.2994443,itu,SP
13301,-23.2552142,-47.2978202,itu,SP
13302,-23.2651140,-47.2744643,itu,SP
13304,-23.2752249,-47.2770091,itu,SP
13305,-23.2852127,-47.2555039,itu,SP
13306,-23.2872635,-47.2809466,itu,SP
13308,-23.3853839,-47.3384858,itu,SP
13309,-23.2815967,-47.2943738,itu,SP
13310,-23.2753107,-47.3071253,itu,SP
13311,-23.2629424,-47.3155712,itu,SP
13312,-23.2589742,-47.3442003,itu,SP
13313,-23.2479320,-47.3156363,itu,SP
13315,-23.2729253,-47.0846306,cabreuva,SP
13318,-23.2831638,-46.2975213,jacare,SP
13319,-23.2886782,-47.0565400,bom fim do bom jesus,SP
13320,-23.2027463,-47.2958664,salto,SP
13321,-23.1919646,-47.2902580,salto,SP
13322,-23.1929037,-47.2753097,salto,SP
13323,-23.2163153,-47.2715935,salto,SP
13324,-23.2094713,-47.3092289,salto,SP
13326,-23.1935055,-47.3097063,salto,SP
13327,-23.1795315,-47.3133838,salto,SP
13328,-23.1750660,-47.3386506,salto,SP
13329,-23.1619543,-47.3042037,salto,SP
13330,-23.0863392,-47.2168868,indaiatuba,SP
13331,-23.0742695,-47.2268355,indaiatuba,SP
13332,-23.0575341,-47.2180464,indaiatuba,SP
13333,-23.0733287,-47.2100597,indaiatuba,SP
13334,-23.0822082,-47.2034325,indaiatuba,SP
13335,-23.0755220,-47.1969972,indaiatuba,SP
13336,-23.0620858,-47.1885158,indaiatuba,SP
13337,-23.0618534,-47.1686070,indaiatuba,SP
13338,-23.0888821,-47.1926777,indaiatuba,SP
13339,-23.0921153,-47.2008613,indaiatuba,SP
13340,-23.0983786,-47.1829947,indaiatuba,SP
13341,-23.1212575,-47.1664215,indaiatuba,SP
13342,-23.1327014,-47.1841139,indaiatuba,SP
13343,-23.1004892,-47.2069414,indaiatuba,SP
13344,-23.1063922,-47.2153524,indaiatuba,SP
13345,-23.1022586,-47.2223782,indaiatuba,SP
13346,-23.1179713,-47.2277868,indaiatuba,SP
13347,-23.1341129,-47.2279751,indaiatuba,SP
13348,-23.1163993,-47.2378265,indaiatuba,SP
13349,-23.1168244,-47.2487277,indaiatuba,SP
13350,-23.0406333,-47.3716486,elias fausto,SP
13355,-12.9938522,-38.4808818,cardeal,SP
13360,-22.9974838,-47.5057251,capivari,SP
13370,-23.0178639,-47.5287511,rafard,SP
13375,-20.5693665,-46.0231191,mombuca,SP
13380,-22.7857789,-47.3125371,nova odessa,SP
13381,-22.8014554,-47.3259134,nova odessa,SP
13382,-22.8004228,-47.3074637,nova odessa,SP
13385,-22.7910889,-47.2938417,nova odessa,SP
13386,-22.8035110,-47.3026150,nova odessa,SP
13387,-22.7772561,-47.2831821,nova odessa,SP
13388,-22.7668378,-47.2625569,nova odessa,SP
13389,-22.7642898,-47.2266130,nova odessa,SP
13390,-22.8423219,-47.6070536,rio das pedras,SP
13400,-22.7259193,-47.6516358,piracicaba,SP
13401,-22.7524828,-47.6591725,piracicaba,SP
13402,-22.7482792,-47.6719929,piracicaba,SP
13403,-22.7238265,-47.6728978,piracicaba,SP
13405,-22.7087021,-47.6647009,piracicaba,SP
13406,-22.6818541,-47.7047215,piracicaba,SP
13408,-22.6720679,-47.6957253,piracicaba,SP
13409,-22.6770275,-47.7077069,piracicaba,SP
13411,-22.6701003,-47.6874599,piracicaba,SP
13412,-22.6822864,-47.6621118,piracicaba,SP
13413,-22.6700521,-47.6085771,piracicaba,SP
13414,-22.6915190,-47.6409528,piracicaba,SP
13415,-22.7069706,-47.5947532,piracicaba,SP
13416,-22.7169016,-47.6401883,piracicaba,SP
13417,-22.7398780,-47.6361897,piracicaba,SP
13418,-22.7250797,-47.6303334,piracicaba,SP
13419,-22.7290292,-47.6411481,piracicaba,SP
13420,-22.7359527,-47.6183986,piracicaba,SP
13421,-22.7697617,-47.5972799,piracicaba,SP
13422,-22.7502398,-47.6024309,piracicaba,SP
13423,-22.7576930,-47.5923053,piracicaba,SP
13424,-22.7494819,-47.6454615,piracicaba,SP
13425,-22.7545566,-47.6208414,piracicaba,SP
13426,-22.7628743,-47.6283701,piracicaba,SP
13427,-22.7429503,-47.5746347,piracicaba,SP
13428,-22.7344970,-47.5571183,piracicaba,SP
13432,-22.6761473,-47.7722307,piracicaba,SP
13433,-22.5697135,-47.6099699,piracicaba,SP
13440,-22.8451700,-47.6774260,saltinho,SP
13450,-22.7578829,-47.4170550,santa barbara d'oeste,SP
13451,-22.7450502,-47.4204353,santa barbara d'oeste,SP
13452,-22.7309890,-47.4093459,santa barbara d'oeste,SP
13453,-22.7350640,-47.3993690,santa barbara d'oeste,SP
13454,-22.7406023,-47.3758209,santa barbara d'oeste,SP
13455,-22.7264922,-47.3680692,santa barbara d'oeste,SP
13456,-22.7570969,-47.3760942,santa barbara d'oeste,SP
13457,-22.7678781,-47.3855008,santa barbara d'oeste,SP
13458,-22.7733979,-47.4059658,santa barbara d'oeste,SP
13459,-22.7360201,-47.4877788,santa barbara d'oeste,SP
13460,-22.7850360,-47.2951874,nova odessa,SP
13465,-22.7437391,-47.3369974,americana,SP
13466,-22.7534512,-47.3270163,americana,SP
13467,-22.7696015,-47.3397905,americana,SP
13468,-22.7549376,-47.3494040,americana,SP
13469,-22.7295302,-47.3562001,americana,SP
13470,-22.7173771,-47.3546266,americana,SP
13471,-22.7261943,-47.3372546,americana,SP
13472,-22.7259519,-47.3164546,americana,SP
13473,-22.7206253,-47.3072369,americana,SP
13474,-22.7050595,-47.2942848,americana,SP
13475,-22.7203848,-47.2784471,americana,SP
13476,-22.7429478,-47.2422304,americana,SP
13477,-22.7373888,-47.3004681,americana,SP
13478,-22.7436469,-47.3120357,americana,SP
13479,-22.7580264,-47.2869273,americana,SP
13480,-22.5707215,-47.4030952,limeira,SP
13481,-22.6000043,-47.4071286,limeira,SP
13482,-22.5799858,-47.4286600,limeira,SP
13483,-22.5607550,-47.4464944,limeira,SP
13484,-22.5559914,-47.4220604,limeira,SP
13485,-22.5456809,-47.3910033,limeira,SP
13486,-22.5659648,-47.3838060,limeira,SP
13487,-22.5838257,-47.3763861,limeira,SP
13490,-22.4817636,-47.4599583,cordeiropolis,SP
13495,-22.5865901,-47.5143449,iracemapolis,SP
13500,-22.4089521,-47.5636804,rio claro,SP
13501,-22.4257784,-47.5604367,rio claro,SP
13502,-22.4360434,-47.5803562,rio claro,SP
13503,-22.4129269,-47.5792959,rio claro,SP
13504,-22.3921366,-47.5776812,rio claro,SP
13505,-22.3784901,-47.5651947,rio claro,SP
13506,-22.3917655,-47.5485111,rio claro,SP
13507,-22.4149290,-47.5546981,rio claro,SP
13508,-22.4114896,-47.5709634,rio claro,SP
13509,-22.4212929,-47.5711571,rio claro,SP
13510,-22.4532048,-47.5346301,santa gertrudes,SP
13515,-22.5113385,-47.7758845,charqueada,SP
13520,-22.5512453,-47.9065964,sao pedro,SP
13525,-22.6024816,-47.8714302,aguas de sao pedro,SP
13530,-22.2520026,-47.8154311,itirapina,SP
13537,-22.4355065,-47.7128366,ipeuna,SP
13540,-22.2282755,-47.6229729,corumbatai,SP
13550,-22.1244831,-47.6623398,analandia,SP
13560,-22.0150044,-47.8901811,sao carlos,SP
13561,-22.0144518,-47.9084174,sao carlos,SP
13562,-22.0049576,-47.9147364,sao carlos,SP
13563,-21.9868294,-47.9256180,sao carlos,SP
13564,-21.9961271,-47.9009567,sao carlos,SP
13565,-21.9727793,-47.8941281,sao carlos,SP
13566,-21.9994845,-47.8875037,sao carlos,SP
13567,-22.0069774,-47.8704026,sao carlos,SP
13568,-22.0052209,-47.8562163,sao carlos,SP
13569,-22.0169271,-47.8745706,sao carlos,SP
13570,-22.0303226,-47.8794920,sao carlos,SP
13571,-22.0317750,-47.8678458,sao carlos,SP
13572,-22.0424993,-47.8921001,sao carlos,SP
13573,-22.0600514,-47.9024617,sao carlos,SP
13574,-22.0275700,-47.9007219,sao carlos,SP
13575,-22.0335062,-47.9089248,sao carlos,SP
13578,-21.8935620,-47.8909845,agua vermelha,SP
13579,-22.4362164,-46.8282384,santa eudóxia,SP
13580,-22.0816238,-48.2203624,ribeirao bonito,SP
13590,-22.1116039,-48.3144290,dourado,SP
13600,-22.3553591,-47.3849160,araras,SP
13601,-22.3700612,-47.3888746,araras,SP
13602,-22.3645902,-47.3949845,araras,SP
13603,-22.3499081,-47.4007534,araras,SP
13604,-22.3362502,-47.3811667,araras,SP
13605,-22.3464047,-47.3690161,araras,SP
13606,-22.3540672,-47.3350949,araras,SP
13607,-22.3691700,-47.3627935,araras,SP
13608,-22.3560553,-47.3247498,araras,SP
13609,-22.3794863,-47.3798825,araras,SP
13610,-22.1892041,-47.3882022,leme,SP
13611,-22.1948846,-47.3782027,leme,SP
13612,-22.1936000,-47.4046992,leme,SP
13613,-22.1816476,-47.4042667,leme,SP
13614,-22.1763072,-47.3937413,leme,SP
13615,-22.1685156,-47.3812412,leme,SP
13616,-22.1731985,-47.3734217,leme,SP
13617,-22.1870621,-47.3711972,leme,SP
13625,-22.1385873,-47.4546018,santa cruz da conceicao,SP
13630,-21.9944666,-47.4281952,pirassununga,SP
13631,-22.0162300,-47.4239867,pirassununga,SP
13632,-22.0132720,-47.4151544,pirassununga,SP
13633,-22.0187100,-47.4306470,pirassununga,SP
13634,-22.0011339,-47.4368980,pirassununga,SP
13635,-21.9740277,-47.4270785,pirassununga,SP
13636,-21.9902001,-47.4158514,pirassununga,SP
13638,-21.9849789,-47.4143764,pirassununga,SP
13640,-21.9451314,-47.3671709,pirassununga,SP
13641,-21.9317708,-47.3698129,pirassununga,SP
13643,-21.9540523,-47.3721245,pirassununga,SP
13650,-21.8265600,-47.2487182,santa cruz das palmeiras,SP
13660,-21.8660324,-47.4781018,porto ferreira,SP
13670,-21.7035534,-47.4828068,santa rita do passa quatro,SP
13690,-21.9086342,-47.6195840,descalvado,SP
13700,-21.7891904,-47.0723283,casa branca,SP
13705,-21.8930366,-47.0375008,lagoa branca,SP
13707,-21.9485468,-47.1178028,venda branca,SP
13710,-21.7034950,-47.2763539,tambau,SP
13715,-21.7331025,-46.9722701,itobi,SP
13720,-21.5829874,-46.9477586,sao jose do rio pardo,SP
13730,-21.4666601,-47.0053073,mococa,SP
13731,-21.4646380,-47.0180063,mococa,SP
13732,-21.4564837,-47.0141270,mococa,SP
13733,-21.4567530,-47.0058743,mococa,SP
13734,-21.4593798,-47.0026990,mococa,SP
13735,-21.4728919,-46.9970821,mococa,SP
13736,-21.4819860,-47.0053890,mococa,SP
13737,-21.4875586,-47.0086616,mococa,SP
13738,-21.4741396,-47.0127453,mococa,SP
13739,-21.4718387,-47.0335038,mococa,SP
13750,-21.4087302,-46.8108521,igarai,SP
13755,-21.3205964,-47.0289718,sao benedito das areias,SP
13760,-21.4724959,-46.7484992,tapiratiba,SP
13770,-21.5286837,-46.6450509,caconde,SP
13780,-21.6614068,-46.7366230,divinolandia,SP
13790,-21.7108710,-46.8208354,sao sebastiao da grama,SP
13800,-22.4372445,-46.9654571,mogi mirim,SP
13801,-22.4385854,-46.9521883,mogi mirim,SP
13802,-22.4368999,-46.9365262,mogi mirim,SP
13803,-22.4615596,-46.9749519,mogi mirim,SP
13804,-22.5061661,-46.9721511,mogi mirim,SP
13805,-22.4059080,-46.9778979,mogi mirim,SP
13806,-22.4200023,-46.9680011,mogi mirim,SP
13807,-22.4094960,-46.9554467,mogi mirim,SP
13808,-22.4470557,-46.9427772,mogi mirim,SP
13817,-22.5221222,-46.9549900,mogi mirim,SP
13820,-22.6929488,-46.9828775,jaguariuna,SP
13822,-22.7054821,-46.9882726,jaguariuna,SP
13825,-22.6330460,-47.0526039,holambra,SP
13830,-22.6056184,-46.9204472,santo antonio de posse,SP
13835,-22.3383986,-47.1683210,conchal,SP
13840,-22.3660406,-46.9381671,mogi-guacu,SP
13841,-22.3649632,-46.9243859,mogi-guacu,SP
13842,-22.3848195,-46.9263505,mogi-guacu,SP
13843,-22.3834077,-46.9359874,mogi-guacu,SP
13844,-22.3834365,-46.9479265,mogi-guacu,SP
13845,-22.3563141,-46.9512634,mogi-guacu,SP
13846,-22.3327743,-46.9496840,mogi-guacu,SP
13847,-22.3500972,-46.9411557,mogi-guacu,SP
13848,-22.3397841,-46.9243097,mogi-guacu,SP
13849,-22.2610001,-46.9784553,mogi-guacu,SP
13855,-22.2913193,-47.1203617,mogi-guacu,SP
13857,-22.2746177,-46.9528439,estiva gerbi,SP
13860,-22.0569687,-46.9761192,aguai,SP
13870,-21.9731677,-46.7945947,sao joao da boa vista,SP
13871,-21.9809204,-46.8005680,sao joao da boa vista,SP
13872,-21.9878618,-46.8068138,sao joao da boa vista,SP
13873,-21.9550562,-46.7986341,sao joao da boa vista,SP
13874,-21.9698385,-46.7747162,sao joao da boa vista,SP
13875,-21.9834425,-46.7778341,sao joao da boa vista,SP
13876,-21.9959599,-46.7829390,sao joao da boa vista,SP
13877,-22.0046591,-46.8187081,sao joao da boa vista,SP
13879,-21.8890800,-46.8636087,sao joao da boa vista,SP
13880,-21.8349186,-46.8991857,vargem grande do sul,SP
13890,-21.9400878,-46.7139125,aguas da prata,SP
13895,-21.8365871,-46.7439674,sao roque da fartura,SP
13900,-22.7031280,-46.7663214,amparo,SP
13901,-22.7002507,-46.7733190,amparo,SP
13902,-22.7040245,-46.7522541,amparo,SP
13903,-22.7138609,-46.7661266,amparo,SP
13904,-22.7161160,-46.7780393,amparo,SP
13905,-22.7109007,-46.8013954,amparo,SP
13908,-22.7216053,-46.8441505,amparo,SP
13909,-22.6977944,-46.7214014,amparo,SP
13910,-22.6989182,-46.8464962,monte alegre do sul,SP
13911,-22.7011253,-46.9882933,jaguariúna,SP
13912,-22.6872755,-46.9833259,jaguariuna,SP
13913,-22.6712613,-46.9566247,jaguariúna,SP
13914,-22.6775397,-46.9813587,jaguariuna,SP
13915,-22.6964096,-46.9884043,jaguariuna,SP
13916,-22.6846558,-46.9967089,jaguariuna,SP
13917,-22.6969458,-47.0069198,jaguariúna,SP
13918,-22.7011398,-46.9985818,jaguariúna,SP
13919,-22.7093625,-46.9867230,jaguariuna,SP
13920,-22.7403255,-46.8967537,pedreira,SP
13930,-22.6146211,-46.7095934,serra negra,SP
13940,-22.4771535,-46.6193732,aguas de lindoia,SP
13950,-22.5234123,-46.6463974,lindoia,SP
13960,-22.5963730,-46.5072067,socorro,SP
13970,-22.4385869,-46.8211786,itapira,SP
13971,-22.4202749,-46.8216987,itapira,SP
13972,-22.4329330,-46.8143624,itapira,SP
13973,-22.4506860,-46.8044230,itapira,SP
13974,-22.4378096,-46.8288764,itapira,SP
13975,-22.4340903,-46.8411052,itapira,SP
13976,-22.4236705,-46.8323736,itapira,SP
13977,-22.4469027,-46.8366477,itapira,SP
13986,-22.3850543,-46.7465427,barao ataliba nogueira,SP
13988,-22.3295925,-46.7233362,eleuterio,SP
13990,-22.1932963,-46.7531918,espirito santo do pinhal,SP
13995,-22.1163037,-46.6843979,santo antonio do jardim,SP
14001,-21.1760553,-47.8110120,ribeirão preto,SP
14010,-21.1795396,-47.8085976,ribeirao preto,SP
14015,-21.1812186,-47.8074786,ribeirao preto,SP
14020,-21.2010647,-47.8023664,ribeirao preto,SP
14021,-21.2138098,-47.7948746,ribeirao preto,SP
14022,-21.2298701,-47.7871025,ribeirao preto,SP
14024,-21.2152951,-47.8081945,ribeirao preto,SP
14025,-21.1936385,-47.8151979,ribeirao preto,SP
14026,-21.2148898,-47.8216005,ribeirao preto,SP
14027,-21.2235335,-47.8310453,ribeirao preto,SP
14030,-21.1884187,-47.8293844,ribeirao preto,SP
14031,-21.2010272,-47.8448143,ribeirao preto,SP
14032,-21.1844499,-47.8901469,ribeirao preto,SP
14033,-21.1858070,-47.7188398,ribeirao preto,SP
14040,-21.2276557,-47.9287883,ribeirao preto,SP
14050,-21.1728615,-47.8236997,ribeirao preto,SP
14051,-21.1643886,-47.8369243,ribeirao preto,SP
14055,-21.1570058,-47.8249208,ribeirao preto,SP
14056,-21.1436704,-47.8440681,ribeirao preto,SP
14057,-21.1328292,-47.8464328,ribeirao preto,SP
14060,-21.1405094,-47.8148521,ribeirao preto,SP
14061,-21.1248879,-47.8103656,ribeirao preto,SP
14062,-21.1183375,-47.8192090,ribeirao preto,SP
14065,-21.1339717,-47.8323112,ribeirao preto,SP
14066,-21.1265170,-47.8268864,ribeirao preto,SP
14070,-21.1127133,-47.7908101,ribeirao preto,SP
14071,-21.1110669,-47.7993767,ribeirao preto,SP
14072,-21.0884632,-47.7986642,ribeirao preto,SP
14073,-21.0958928,-47.7851108,ribeirao preto,SP
14075,-21.1402448,-47.7910629,ribeirao preto,SP
14076,-21.1567003,-47.7861952,ribeirao preto,SP
14077,-21.1210316,-47.7814675,ribeirao preto,SP
14078,-21.1404959,-47.7665182,ribeirao preto,SP
14079,-21.1341229,-47.7457790,ribeirao preto,SP
14080,-21.1546399,-47.8027527,ribeirao preto,SP
14085,-21.1658982,-47.7979692,ribeirao preto,SP
14090,-21.1798932,-47.7884291,ribeirao preto,SP
14091,-21.1901280,-47.7879013,ribeirao preto,SP
14092,-21.1777098,-47.7678201,ribeirao preto,SP
14093,-21.1778913,-47.7433749,ribeirao preto,SP
14094,-21.2524949,-47.8178787,ribeirao preto,SP
14095,-21.1910230,-47.7679142,ribeirao preto,SP
14096,-21.2013108,-47.7779525,ribeirao preto,SP
14097,-21.2097033,-47.7409705,ribeirao preto,SP
14098,-21.2233490,-47.7684002,ribeirao preto,SP
14110,-21.2545476,-47.8152908,bonfim paulista,SP
14115,-21.4964790,-48.0302356,guatapara,SP
14120,-21.2398131,-47.9770661,dumont,SP
14140,-21.3393200,-47.7373526,cravinhos,SP
14141,-21.3430774,-47.7284930,cravinhos,SP
14150,-21.2081591,-47.6016209,serrana,SP
14151,-21.1975583,-47.5952463,serrana,SP
14160,-21.1372378,-47.9892445,sertaozinho,SP
14161,-21.1260012,-47.9989498,sertaozinho,SP
14164,-21.1191580,-47.9936964,sertaozinho,SP
14165,-21.1170026,-47.9875876,sertaozinho,SP
14166,-21.1310575,-47.9815610,sertaozinho,SP
14169,-21.1408247,-47.9734813,sertaozinho,SP
14170,-21.1425673,-47.9969127,sertaozinho,SP
14171,-21.1521421,-47.9871613,sertaozinho,SP
14173,-21.1717403,-47.9898707,sertaozinho,SP
14175,-21.1527141,-48.0020161,sertaozinho,SP
14176,-21.1477893,-48.0168419,sertaozinho,SP
14177,-21.1295138,-48.0136783,sertaozinho,SP
14178,-21.1147615,-48.0240312,sertaozinho,SP
14179,-21.0750958,-47.9009602,sertaozinho,SP
14180,-21.0264930,-48.0371693,pontal,SP
14185,-17.6564461,-45.4305386,candia,SP
14200,-21.4747758,-47.5616924,sao simao,SP
14210,-21.5542543,-47.7018620,luis antonio,SP
14220,-21.2384578,-47.7905650,são simão,SP
14230,-21.3119475,-47.5640343,serra azul,SP
14240,-21.2744326,-47.3054762,cajuru,SP
14250,-21.5253399,-47.3052150,santa cruz da esperanca,SP
14260,-21.2811317,-47.1682600,cassia dos coqueiros,SP
14270,-21.4834887,-47.3686506,santa rosa de viterbo,SP
14300,-20.8928321,-47.5850398,batatais,SP
14305,-20.8837305,-47.5743052,batatais,SP
14307,-20.8992986,-47.5795078,batatais,SP
14312,-20.9164684,-47.5742168,batatais,SP
14315,-20.8977535,-47.5902658,batatais,SP
14340,-20.9889269,-47.6546187,brodowski,SP
14350,-21.0211850,-47.3773971,altinopolis,SP
14390,-21.2473224,-47.1256492,santo antonio da alegria,SP
14400,-20.5389247,-47.4013805,franca,SP
14401,-20.5286193,-47.3874100,franca,SP
14402,-20.5236534,-47.3642722,franca,SP
14403,-20.5536236,-47.3873591,franca,SP
14404,-20.5806468,-47.3797328,franca,SP
14405,-20.5287591,-47.4111098,franca,SP
14406,-20.5366138,-47.4335839,franca,SP
14407,-20.4962508,-47.4184338,franca,SP
14408,-20.5127492,-47.4372795,franca,SP
14409,-20.4984888,-47.3969295,franca,SP
14410,-20.5025464,-47.3715751,franca,SP
14412,-20.5522739,-47.3604166,franca,SP
14415,-20.6444246,-47.2811005,patrocinio paulista,SP
14420,-20.6423153,-47.2201228,itirapua,SP
14430,-20.6027095,-47.4819533,restinga,SP
14440,-20.5935469,-47.6417023,sao jose da bela vista,SP
14445,-20.4604919,-47.5884720,ribeirao corrente,SP
14450,-20.3083074,-47.5908843,jeriquara,SP
14460,-20.4079542,-47.4179131,cristais paulista,SP
14470,-20.2484463,-47.4767417,pedregulho,SP
14490,-20.0797124,-47.4246666,rifaina,SP
14500,-20.3314144,-47.7893885,ituverava,SP
14505,-20.2462594,-47.8721832,sao benedito da cachoeirinha,SP
14530,-20.1827322,-48.0278017,miguelopolis,SP
14540,-20.0427297,-47.7505145,igarapava,SP
14550,-20.0922011,-47.7906848,aramina,SP
14570,-20.1935166,-47.7099940,buritizal,SP
14580,-20.4321769,-47.8241638,guara,SP
14590,-23.5255947,-46.5482961,pioneiros,SP
14600,-20.5857514,-47.8636932,sao joaquim da barra,SP
14610,-20.4455311,-48.0140233,ipua,SP
14620,-20.7168236,-47.8795350,orlandia,SP
14640,-20.7282833,-48.0551485,morro agudo,SP
14660,-20.7676271,-47.8407279,sales oliveira,SP
14670,-20.7292988,-47.7523264,nuporanga,SP
14680,-21.0255782,-47.7732012,jardinopolis,SP
14690,-21.0579792,-47.7481231,jurucê,SP
14700,-20.9460798,-48.4867681,bebedouro,SP
14701,-20.9510374,-48.4878437,bebedouro,SP
14702,-20.9625667,-48.4709269,bebedouro,SP
14704,-20.9623011,-48.4903289,bebedouro,SP
14706,-20.9397813,-48.5006794,bebedouro,SP
14707,-20.9334445,-48.4923906,bebedouro,SP
14708,-20.9211949,-48.4971893,bebedouro,SP
14709,-20.9245995,-48.4905908,bebedouro,SP
14710,-20.9299835,-48.4712346,bebedouro,SP
14711,-20.9433774,-48.4644647,bebedouro,SP
14713,-20.9230296,-48.4557687,bebedouro,SP
14715,-21.0519139,-48.4768485,bebedouro,SP
14716,-21.0156559,-48.6460918,bebedouro,SP
14718,-20.9977255,-48.5467672,bebedouro,SP
14720,-21.1246734,-48.4486288,taiuva,SP
14725,-21.1438474,-48.5108650,taiacu,SP
14730,-20.9064954,-48.6424879,monte azul paulista,SP
14733,-20.9056663,-48.6433135,monte azul paulista,SP
14735,-20.8087779,-48.8073852,severinia,SP
14740,-20.8682139,-48.2933349,viradouro,SP
14745,-20.7886917,-48.3304062,terra roxa,SP
14750,-21.0098746,-48.2192556,pitangueiras,SP
14760,-19.8868707,-47.0163569,ibitiuva,SP
14765,-21.0728671,-48.4128412,taquaral,SP
14770,-20.7161528,-48.5352546,colina,SP
14775,-20.6907164,-48.4144686,jaborandi,SP
14780,-20.5562796,-48.5718649,barretos,SP
14781,-20.5389302,-48.5589107,barretos,SP
14783,-20.5714391,-48.5715394,barretos,SP
14784,-20.5782276,-48.5579408,barretos,SP
14785,-20.5739125,-48.5868485,barretos,SP
14786,-20.5461909,-48.6021161,barretos,SP
14787,-20.5422950,-48.5774961,barretos,SP
14789,-20.6149124,-48.7635903,barretos,SP
14790,-20.3249901,-48.3201313,guaira,SP
14795,-20.1808626,-48.6872571,colombia,SP
14800,-21.8057786,-48.1822224,araraquara,SP
14801,-21.7907827,-48.1855025,araraquara,SP
14802,-21.7722257,-48.1802222,araraquara,SP
14803,-21.8026973,-48.2052596,araraquara,SP
14804,-21.7671586,-48.1982272,araraquara,SP
14805,-21.7484570,-48.1860465,araraquara,SP
14806,-21.7512579,-48.1588158,araraquara,SP
14807,-21.8044004,-48.1606343,araraquara,SP
14808,-21.8215297,-48.1448594,araraquara,SP
14809,-21.7421919,-48.1520517,araraquara,SP
14810,-21.7800764,-48.1591423,araraquara,SP
14811,-21.7813243,-48.1438211,araraquara,SP
14813,-21.8384250,-48.4927133,gaviao peixoto,SP
14815,-21.9505031,-48.0021893,ibate,SP
14820,-21.7332151,-48.1099399,americo brasiliense,SP
14825,-21.6866600,-48.0839342,santa lucia,SP
14830,-21.5866495,-48.0750122,rincao,SP
14835,-21.5097913,-48.1505336,motuca,SP
14840,-21.3635017,-48.2296008,guariba,SP
14850,-21.3599368,-48.0739130,pradopolis,SP
14860,-21.1908856,-48.1562088,barrinha,SP
14870,-21.2571736,-48.3209639,jaboticabal,SP
14871,-21.2669247,-48.3300353,jaboticabal,SP
14875,-21.2523931,-48.3386301,jaboticabal,SP
14876,-21.2421287,-48.3348243,jaboticabal,SP
14882,-21.2456499,-48.3179007,jaboticabal,SP
14883,-21.2461737,-48.3089383,jaboticabal,SP
14884,-21.2357632,-48.2414158,jaboticabal,SP
14887,-21.2613051,-48.3069514,jaboticabal,SP
14890,-21.2726751,-48.3189975,jaboticabal,SP
14892,-21.1648901,-48.3774577,jaboticabal,SP
14896,-21.2894480,-48.2640986,jaboticabal,SP
14900,-21.5943406,-48.8110843,itapolis,SP
14904,-21.5168953,-48.6895790,nova america,SP
14907,-21.4465572,-48.7873704,tapinas,SP
14910,-21.7370631,-48.6876009,tabatinga,SP
14915,-11.3856790,-51.3467810,curupa,SP
14920,-21.7804728,-48.5657787,nova europa,SP
14930,-21.9936739,-48.3901824,boa esperanca do sul,SP
14935,-22.0391687,-48.3388778,trabiju,SP
14940,-21.7573206,-48.8297435,ibitinga,SP
14955,-21.6207864,-49.0749180,borborema,SP
14960,-21.4696010,-49.2222168,novo horizonte,SP
14980,-21.3422112,-49.4998876,sales,SP
14990,-21.2796434,-49.4093119,irapua,SP
15010,-20.8132161,-49.3817109,sao jose do rio preto,SP
15013,-20.8289527,-49.3305184,sao jose do rio preto,SP
15014,-20.8189592,-49.3773464,sao jose do rio preto,SP
15015,-20.8191207,-49.3790279,sao jose do rio preto,SP
15020,-20.8199220,-49.4026851,sao jose do rio preto,SP
15025,-20.8067069,-49.3891645,sao jose do rio preto,SP
15030,-20.7965899,-49.3876744,sao jose do rio preto,SP
15035,-20.8127075,-49.4150397,sao jose do rio preto,SP
15038,-20.8270145,-49.3783463,sao jose do rio preto,SP
15040,-20.7996153,-49.4153582,sao jose do rio preto,SP
15041,-20.7903736,-49.4182625,sao jose do rio preto,SP
15042,-20.7915780,-49.4326103,sao jose do rio preto,SP
15043,-20.7871247,-49.3994344,sao jose do rio preto,SP
15044,-20.7810968,-49.4181387,sao jose do rio preto,SP
15045,-20.7785874,-49.3937269,sao jose do rio preto,SP
15046,-20.7768636,-49.3641112,sao jose do rio preto,SP
15047,-20.7639654,-49.4046526,sao jose do rio preto,SP
15048,-20.8425817,-49.4744638,sao jose do rio preto,SP
15050,-20.7895804,-49.3724994,sao jose do rio preto,SP
15051,-20.7908768,-49.3701163,sao jose do rio preto,SP
15052,-20.7621714,-49.3642951,sao jose do rio preto,SP
15053,-20.7773850,-49.3653459,sao jose do rio preto,SP
15054,-20.7866630,-49.3593271,sao jose do rio preto,SP
15055,-20.7940690,-49.3650813,sao jose do rio preto,SP
15056,-20.7741653,-49.3409181,sao jose do rio preto,SP
15057,-20.7918682,-49.3432588,sao jose do rio preto,SP
15060,-20.8015987,-49.3676168,sao jose do rio preto,SP
15061,-20.8103607,-49.3485455,sao jose do rio preto,SP
15062,-20.8304064,-49.3389387,sao jose do rio preto,SP
15063,-20.8120084,-49.3379074,sao jose do rio preto,SP
15064,-20.7879787,-49.2860341,sao jose do rio preto,SP
15070,-20.8180072,-49.3623201,sao jose do rio preto,SP
15075,-20.8216110,-49.3529307,sao jose do rio preto,SP
15076,-20.8320446,-49.3533448,sao jose do rio preto,SP
15077,-20.8514865,-49.3380514,sao jose do rio preto,SP
15080,-20.8312125,-49.3696796,sao jose do rio preto,SP
15081,-20.8447947,-49.3626301,sao jose do rio preto,SP
15082,-20.8485777,-49.3676768,sao jose do rio preto,SP
15084,-20.8298378,-49.3783923,sao jose do rio preto,SP
15085,-20.8362088,-49.3880710,sao jose do rio preto,SP
15086,-20.8430164,-49.3820287,sao jose do rio preto,SP
15090,-20.8354952,-49.3946922,sao jose do rio preto,SP
15091,-20.8370704,-49.4031826,sao jose do rio preto,SP
15092,-20.8362324,-49.4132556,sao jose do rio preto,SP
15093,-20.8553802,-49.4109995,sao jose do rio preto,SP
15102,-20.6999444,-49.1129237,sao jose do rio preto,SP
15104,-20.9214098,-49.0843093,sao jose do rio preto,SP
15105,-21.0450337,-49.3761578,potirendaba,SP
15108,-20.6598833,-49.3882340,ipigua,SP
15110,-20.7945431,-49.2246231,guapiacu,SP
15115,-20.9171153,-49.4508188,bady bassitt,SP
15120,-20.8439582,-49.6311018,neves paulista,SP
15130,-20.8147720,-49.5069275,mirassol,SP
15131,-20.8115105,-49.5289070,mirassol,SP
15132,-20.8105706,-49.5160874,mirassol,SP
15133,-20.8048975,-49.4975968,mirassol,SP
15135,-20.8138708,-49.5085648,mirassol,SP
15137,-20.8217068,-49.4924872,mirassol,SP
15138,-20.8250412,-49.5007831,mirassol,SP
15140,-20.7371639,-49.5821975,balsamo,SP
15145,-20.6118995,-49.4651251,mirassolandia,SP
15150,-20.7700022,-49.7118336,monte aprazivel,SP
15154,-20.6832647,-49.6897831,engenheiro balduino,SP
15155,-20.8847093,-49.5719208,jaci,SP
15160,-20.7849664,-49.8141824,poloni,SP
15170,-20.6235216,-49.6519584,tanabi,SP
15180,-20.6579638,-49.9218576,sebastianopolis do sul,SP
15190,-20.6935374,-50.0424991,nhandeara,SP
15195,-20.6884269,-50.0510248,nhandeara,SP
15200,-21.0577983,-49.6899104,jose bonifacio,SP
15210,-21.0183025,-49.5034784,nova alianca,SP
15215,-22.4356384,-46.8216699,nova itapirema,SP
15220,-21.1846841,-49.5794013,mendonca,SP
15225,-21.1638261,-49.7172248,ubarana,SP
15230,-21.2344565,-49.6427156,adolfo,SP
15240,-20.9130839,-49.7781186,nipoa,SP
15250,-20.8880287,-49.8956098,uniao paulista,SP
15260,-21.0328623,-49.9279798,planalto,SP
15265,-21.0504313,-50.0527266,zacarias,SP
15270,-20.8043985,-49.9635984,macaubal,SP
15275,-20.8524805,-50.0906891,moncoes,SP
15280,-20.9499093,-50.1070636,turiuba,SP
15285,-20.9653680,-50.2255890,lourdes,SP
15290,-21.0672875,-50.1444019,buritama,SP
15300,-20.6469641,-50.3625637,general salgado,SP
15310,-20.6456525,-50.2233185,magda,SP
15313,-20.7645497,-50.3430435,nova castilho,SP
15315,-20.5140023,-50.3527559,sao joao de iracema,SP
15320,-20.6767863,-50.1492126,floreal,SP
15330,-20.7977501,-50.1914404,gastao vidigal,SP
15340,-20.8564512,-50.2621132,nova luzitania,SP
15350,-20.6850832,-50.5546208,auriflama,SP
15355,-20.6487441,-50.6598890,guzolandia,SP
15360,-20.6894392,-50.9232322,sud mennucci,SP
15367,-23.1062415,-50.3779570,bandeirantes d'oeste,SP
15370,-20.6420579,-51.1070107,pereira barreto,SP
15380,-20.5008102,-51.0264410,suzanapolis,SP
15385,-20.4288872,-51.3404702,ilha solteira,SP
15390,-20.6430626,-51.5070831,itapura,SP
15397,-20.6412253,-51.5081387,itapura,SP
15400,-20.7375300,-48.9090365,olimpia,SP
15405,-20.6901981,-49.0679458,baguacu,SP
15410,-20.8778754,-48.8109625,cajobi,SP
15417,-23.1628017,-47.1677602,monte verde paulista,SP
15420,-20.4962249,-48.9454491,guaraci,SP
15425,-20.9817334,-48.8364024,embauba,SP
15430,-20.5250246,-49.0608676,altair,SP
15440,-20.5363871,-49.3208557,nova granada,SP
15450,-20.6081645,-49.2980591,onda verde,SP
15460,-20.3404452,-49.1982751,icem,SP
15470,-20.3896921,-49.4345293,palestina,SP
15480,-20.1852674,-49.3529038,orindiuva,SP
15490,-20.0319123,-49.4054651,paulo de faria,SP
15495,-19.9816667,-49.6799320,riolandia,SP
15500,-20.4202698,-49.9716839,votuporanga,SP
15501,-20.4317574,-49.9746302,votuporanga,SP
15502,-20.4163638,-49.9850040,votuporanga,SP
15503,-20.3986726,-49.9732595,votuporanga,SP
15504,-20.4195147,-49.9489812,votuporanga,SP
15505,-20.4227638,-49.9667375,votuporanga,SP
15506,-20.4220665,-49.9991445,votuporanga,SP
15507,-20.4089110,-49.9943108,votuporanga,SP
15515,-20.4520965,-49.8933965,votuporanga,SP
15520,-20.4217924,-50.0828921,valentim gentil,SP
15525,-20.3059915,-50.0111507,parisi,SP
15530,-20.4800371,-49.7762432,cosmorama,SP
15540,-20.3213315,-49.9085549,alvares florence,SP
15545,-26.2944132,-48.8206718,boa vista dos andradas,SP
15550,-20.2993589,-49.7326450,americo de campos,SP
15560,-20.1844307,-49.7028258,pontes gestal,SP
15570,-20.0809418,-49.9126932,cardoso,SP
15580,-19.9756133,-50.1343924,mira estrela,SP
15600,-20.2841225,-50.2497039,fernandopolis,SP
15601,-20.2933088,-50.2563182,fernandopolis,SP
15603,-20.2869284,-50.2418234,fernandopolis,SP
15604,-20.3023123,-50.2465483,fernandópolis,SP
15607,-20.2777460,-50.2458559,fernandópolis,SP
15608,-20.2722430,-50.2415713,fernandopolis,SP
15610,-20.2799238,-50.2557989,brasitânia,SP
15612,-20.2764956,-50.2566428,fernandópolis,SP
15617,-20.2805934,-50.2551856,brasitania,SP
15620,-20.1463924,-50.1957447,macedonia,SP
15625,-20.3582412,-50.1754602,meridiano,SP
15630,-20.2491094,-50.1112502,pedranopolis,SP
15640,-20.8917056,-49.7238121,sao joao das duas pontes,SP
15650,-20.2854845,-50.3975617,estrela d'oeste,SP
15670,-19.9429871,-50.5374604,populina,SP
15680,-20.0746672,-50.3393796,guarani d'oeste,SP
15685,-20.0016896,-50.3752823,ouroeste,SP
15690,-19.9793866,-50.2877891,indiapora,SP
15700,-20.2695908,-50.5434357,jales,SP
15703,-20.2789654,-50.5422624,jales,SP
15704,-20.2800185,-50.5514350,jales,SP
15706,-20.2698856,-50.5587464,jales,SP
15707,-20.2534046,-50.5497781,jales,SP
15708,-20.2632907,-50.5251724,jales,SP
15710,-20.3612109,-50.6944956,sao francisco,SP
15713,-20.1982259,-50.4844130,vitoria brasil,SP
15715,-20.4662238,-50.6068622,dirce reis,SP
15718,-20.4402578,-50.5219839,pontalinda,SP
15720,-20.4159050,-50.7621544,palmeira d'oeste,SP
15730,-20.4413295,-50.8230992,marinopolis,SP
15735,-20.4537161,-50.8827664,aparecida d'oeste,SP
15740,-20.1235221,-50.5119169,dolcinopolis,SP
15745,-20.1005850,-50.5872025,paranapua,SP
15748,-19.9667418,-50.6212575,mesopolis,SP
15750,-20.0302981,-50.7284114,santa albertina,SP
15755,-20.0536487,-50.4759184,turmalina,SP
15760,-20.2464923,-50.6435183,urania,SP
15763,-20.1605110,-50.7258844,aspasia,SP
15765,-20.2531297,-50.7987964,santana da ponte pensa,SP
15768,-20.2455503,-50.6901359,santa salete,SP
15770,-20.2358054,-50.8897638,tres fronteiras,SP
15773,-20.3826246,-50.9434365,nova canaa paulista,SP
15775,-20.2205268,-50.9034244,santa fe do sul,SP
15780,-20.1446510,-50.8317828,santa rita d'oeste,SP
15785,-20.0925269,-50.9270815,santa clara d'oeste,SP
15790,-20.1723175,-51.0008240,rubineia,SP
15800,-21.1413580,-48.9753494,catanduva,SP
15801,-21.1376193,-48.9814079,catanduva,SP
15802,-21.1433890,-48.9953140,catanduva,SP
15803,-21.1287262,-48.9929537,catanduva,SP
15804,-21.1210284,-48.9708183,catanduva,SP
15805,-21.1224150,-48.9633190,catanduva,SP
15806,-21.1326116,-48.9587712,catanduva,SP
15807,-21.1238485,-48.9512921,catanduva,SP
15808,-21.1432177,-48.9471877,catanduva,SP
15809,-21.1446935,-48.9636725,catanduva,SP
15810,-21.1541427,-48.9713335,catanduva,SP
15811,-21.1784638,-48.9994828,catanduva,SP
15812,-21.1591036,-48.9929645,catanduva,SP
15813,-21.1289449,-49.0171686,catanduva,SP
15816,-21.1592995,-48.9448541,catanduva,SP
15820,-21.0956284,-48.6640477,pirangi,SP
15823,-21.1692107,-49.1098581,elisiario,SP
15825,-21.0194141,-48.7745833,paraiso,SP
15828,-21.0862517,-48.8045676,palmares paulista,SP
15830,-21.1841704,-48.9079733,pindorama,SP
15835,-21.2547011,-48.9794082,roberto,SP
15840,-21.3149977,-49.0554173,itajobi,SP
15845,-21.2567942,-49.1302215,marapoama,SP
15850,-21.2040386,-49.2930546,urupes,SP
15855,-26.2138812,-47.8851513,sao joao de itaguacu,SP
15860,-21.0827071,-49.2395343,ibira,SP
15868,-21.0810264,-49.2416425,termas de ibira,SP
15870,-21.0523927,-49.0598195,catigua,SP
15880,-20.9637039,-49.0326088,tabapua,SP
15885,-20.9954353,-48.9193317,novais,SP
15890,-20.9540531,-49.1741523,uchoa,SP
15895,-20.9041136,-49.2685748,cedral,SP
15900,-21.4052788,-48.5044536,taquaritinga,SP
15903,-21.4483059,-48.5749588,taquaritinga,SP
15905,-21.4037208,-48.4986981,jurupema,SP
15910,-21.2634592,-48.4954967,monte alto,SP
15915,-21.5953329,-48.1244611,aparecida de monte alto,SP
15920,-21.1720810,-48.6324221,vista alegre do alto,SP
15930,-21.3244863,-48.6322396,candido rodrigues,SP
15940,-21.2671348,-48.6866785,fernando prestes,SP
15945,-21.9988155,-47.4927152,agulha,SP
15950,-21.2434995,-48.8048104,santa adelia,SP
15953,-21.9758915,-47.6750902,botelho,SP
15960,-21.1895883,-48.7877176,ariranha,SP
15970,-21.4611247,-48.3902335,santa ernestina,SP
15980,-21.5186125,-48.3922026,dobrada,SP
15990,-21.6048048,-48.3655611,matao,SP
15991,-21.6376880,-48.3353699,matao,SP
15993,-21.6227665,-48.3645723,matao,SP
15995,-21.5992725,-48.3888307,matao,SP
15996,-21.5881910,-48.3748838,matao,SP
15997,-21.5921727,-48.3569371,matao,SP
15999,-21.5506314,-48.5312462,matão,SP
16010,-21.2082930,-50.4403774,aracatuba,SP
16011,-21.2066397,-50.4244281,aracatuba,SP
16012,-21.2117060,-50.4036395,aracatuba,SP
16013,-21.2200913,-50.4165609,aracatuba,SP
16015,-21.2126746,-50.4341388,aracatuba,SP
16016,-21.2321514,-50.4232828,aracatuba,SP
16018,-21.2276353,-50.4362963,aracatuba,SP
16020,-21.2226540,-50.4464872,aracatuba,SP
16021,-21.2275370,-50.4558870,aracatuba,SP
16022,-21.2323087,-50.4639232,aracatuba,SP
16023,-21.2282758,-50.4719075,araçatuba,SP
16025,-21.2134134,-50.4548009,aracatuba,SP
16026,-21.2173076,-50.4687552,aracatuba,SP
16050,-21.1965705,-50.4425111,aracatuba,SP
16052,-21.1699171,-50.4385520,aracatuba,SP
16055,-21.1932409,-50.4290798,aracatuba,SP
16056,-21.1866639,-50.4283735,aracatuba,SP
16057,-21.1726350,-50.4493055,aracatuba,SP
16058,-21.1619235,-50.4553601,aracatuba,SP
16067,-21.1781673,-50.4514810,aracatuba,SP
16070,-21.2006799,-50.4784752,aracatuba,SP
16071,-21.2056361,-50.4654321,aracatuba,SP
16072,-21.2017867,-50.4580667,aracatuba,SP
16074,-21.1932887,-50.4527941,aracatuba,SP
16075,-21.1860344,-50.4592835,aracatuba,SP
16076,-21.1833607,-50.4853688,aracatuba,SP
16078,-21.1707643,-50.4696714,aracatuba,SP
16080,-21.1465751,-50.4647546,araçatuba,SP
16087,-21.2028995,-50.4320053,araçatuba,SP
16130,-21.0780325,-50.2419349,santo antonio do aracangua,SP
16200,-21.2949538,-50.3432674,birigui,SP
16201,-21.2718272,-50.3305856,birigui,SP
16202,-21.2852508,-50.3190397,birigui,SP
16203,-21.2970980,-50.3251183,birigui,SP
16204,-21.3033547,-50.3540875,birigui,SP
16205,-21.3077206,-50.3655358,birigui,SP
16206,-21.2869902,-50.3609494,birigui,SP
16207,-21.3025979,-50.3765407,birigui,SP
16208,-21.2448837,-50.3221920,birigui,SP
16210,-21.4026107,-50.4753964,bilac,SP
16220,-21.5301652,-50.5525513,gabriel monteiro,SP
16230,-21.5926482,-50.5992118,piacatu,SP
16240,-21.6370861,-50.5006004,santopolis do aguapei,SP
16250,-21.5601849,-50.4458003,clementina,SP
16260,-21.3555180,-50.2846347,coroados,SP
16265,-21.1676467,-50.1854472,brejo alegre,SP
16270,-21.3822221,-50.2091705,glicerio,SP
16280,-22.5258324,-48.3746136,juritis,SP
16290,-21.5042760,-50.3223444,brauna,SP
16300,-21.4207199,-50.0764712,penapolis,SP
16301,-21.4270022,-50.0650091,penapolis,SP
16303,-21.4291649,-50.0723605,penapolis,SP
16304,-21.4374027,-50.0769306,penapolis,SP
16305,-21.4294460,-50.0879178,penapolis,SP
16306,-21.4148512,-50.0881728,penapolis,SP
16308,-21.4109305,-50.0804434,penapolis,SP
16309,-21.3976978,-50.0802927,penapolis,SP
16310,-21.5832955,-50.1674893,alto alegre,SP
16340,-21.6754931,-50.3283001,luiziania,SP
16350,-21.2656725,-49.9503217,barbosa,SP
16360,-21.4607101,-49.9464452,avanhandava,SP
16370,-21.5410000,-49.8568585,promissao,SP
16400,-21.6739070,-49.7580594,lins,SP
16401,-21.6640397,-49.7423434,lins,SP
16402,-21.6767044,-49.7331141,lins,SP
16403,-21.6895995,-49.7451090,lins,SP
16404,-21.6766883,-49.7478657,lins,SP
16406,-21.6568100,-49.7650176,lins,SP
16430,-21.6220996,-49.7959618,guaicara,SP
16440,-21.4602629,-49.5770836,sabino,SP
16450,-21.7997466,-49.9313649,getulina,SP
16480,-21.9099795,-49.8961723,guaimbe,SP
16500,-21.8032006,-49.6022127,cafelandia,SP
16510,-22.2764168,-51.4832941,simoes,SP
16570,-21.8946575,-49.5891401,guaranta,SP
16600,-21.9963110,-49.4546913,pirajui,SP
16640,-21.9012624,-49.3568386,balbinos,SP
16650,-21.7835783,-49.2816713,uru,SP
16660,-21.7371070,-49.3581019,pongai,SP
16670,-22.0979359,-49.4385756,presidente alves,SP
16680,-22.1578319,-49.3321336,avai,SP
16700,-21.2505867,-50.6464450,guararapes,SP
16750,-21.3020022,-50.7346081,rubiacea,SP
16790,-21.2735041,-50.8112503,bento de abreu,SP
16800,-21.1325037,-51.1031866,mirandopolis,SP
16830,-23.4950230,-46.8011429,tres aliancas,SP
16850,-21.1674075,-51.0434629,lavinia,SP
16880,-21.2259482,-50.8669016,valparaiso,SP
16900,-20.9054692,-51.3816272,andradina,SP
16901,-20.8944988,-51.3739389,andradina,SP
16902,-20.9053097,-51.3587118,andradina,SP
16903,-20.9013254,-51.3951026,andradina,SP
16905,-20.8840978,-51.3669094,andradina,SP
16920,-20.8668472,-51.4917655,castilho,SP
16940,-21.1075611,-51.4913430,nova independencia,SP
16950,-20.9926357,-51.2785202,murutinga do sul,SP
16980,-21.0332228,-51.2080174,guaracai,SP
17010,-22.3197374,-49.0723932,bauru,SP
17011,-22.3318834,-49.0537516,bauru,SP
17012,-22.3365252,-49.0593816,bauru,SP
17013,-22.3213347,-49.0601729,bauru,SP
17014,-22.3347932,-49.0754561,bauru,SP
17015,-22.3264891,-49.0730521,bauru,SP
17016,-22.3413692,-49.0700181,bauru,SP
17017,-22.3471945,-49.0596891,bauru,SP
17018,-22.3599345,-49.0513245,bauru,SP
17020,-22.3062009,-49.0666248,bauru,SP
17021,-22.2987654,-49.0777098,bauru,SP
17022,-22.2773140,-49.0751189,bauru,SP
17023,-22.2824776,-49.0572125,bauru,SP
17024,-22.2968685,-49.0630140,bauru,SP
17025,-22.3031489,-49.0525168,bauru,SP
17026,-22.2947139,-49.0456958,bauru,SP
17027,-22.2866934,-49.0329521,bauru,SP
17030,-22.3220012,-49.0457513,bauru,SP
17031,-22.3236328,-49.0207990,bauru,SP
17032,-22.3224741,-49.0293409,bauru,SP
17033,-22.3321674,-49.0315557,bauru,SP
17034,-22.3107325,-49.0288517,bauru,SP
17035,-22.3221154,-49.0005752,bauru,SP
17037,-22.3398470,-48.9531962,bauru,SP
17039,-22.3072036,-48.9983427,bauru,SP
17047,-22.3364232,-49.0433743,bauru,SP
17048,-22.3716133,-49.0307308,bauru,SP
17050,-22.3255492,-49.0943305,bauru,SP
17051,-22.3309851,-49.0999441,bauru,SP
17052,-22.3407607,-49.0950697,bauru,SP
17053,-22.3658445,-49.0747212,bauru,SP
17054,-22.3470411,-49.0894994,bauru,SP
17055,-22.3390662,-49.1108421,bauru,SP
17056,-22.3538271,-49.1014714,bauru,SP
17057,-22.3231840,-49.1197473,bauru,SP
17060,-22.3151397,-49.0823896,bauru,SP
17063,-22.3095553,-49.0890149,bauru,SP
17064,-22.3042409,-49.0901935,bauru,SP
17065,-22.3143794,-49.1181928,bauru,SP
17066,-22.3063524,-49.1117420,bauru,SP
17067,-22.3093644,-49.1022397,bauru,SP
17110,-21.9867687,-48.8215038,bauru,SP
17120,-22.4710373,-48.9862148,agudos,SP
17123,-22.5485544,-49.0998986,agudos,SP
17128,-22.4601465,-48.9838496,agudos,SP
17132,-22.4676478,-48.9833875,agudos,SP
17150,-22.5780721,-49.4033590,paulistania,SP
17160,-22.0295015,-48.9135667,arealva,SP
17170,-23.7043345,-46.7121897,jacuba,SP
17180,-21.8921633,-49.0215723,iacanga,SP
17190,-21.8814925,-49.2646981,reginopolis,SP
17201,-22.2943603,-48.5585237,jau,SP
17202,-22.3004034,-48.5601130,jau,SP
17203,-22.3031949,-48.5712361,jau,SP
17204,-22.2925161,-48.5778581,jau,SP
17205,-22.2929051,-48.5682614,jau,SP
17206,-22.2664426,-48.5684694,jau,SP
17207,-22.2838132,-48.5577044,jau,SP
17208,-22.2732938,-48.5548001,jau,SP
17209,-22.2752490,-48.5435843,jau,SP
17210,-22.2855644,-48.5350578,jau,SP
17211,-22.3018456,-48.5432316,jau,SP
17212,-22.3170621,-48.5469451,jau,SP
17213,-22.3112672,-48.5796631,jau,SP
17214,-22.2881983,-48.5126920,jau,SP
17215,-22.2673485,-48.5476038,jau,SP
17220,-22.3654784,-48.6672924,jau,SP
17230,-22.2345586,-48.7218350,itapui,SP
17240,-22.1418663,-48.5278032,bocaina,SP
17250,-22.0740223,-48.7402562,bariri,SP
17260,-21.9816838,-48.8053312,itaju,SP
17270,-22.1961338,-48.7780112,boraceia,SP
17280,-22.3480131,-48.7844957,pederneiras,SP
17285,-22.3115141,-48.8905450,guaianas,SP
17288,-22.1972880,-48.8755330,santelmo,SP
17290,-22.5140934,-48.7169421,macatuba,SP
17300,-22.3680246,-48.3862620,dois corregos,SP
17310,-22.2503517,-48.3846412,guarapua,SP
17320,-22.4133960,-48.4512970,mineiros do tiete,SP
17340,-22.4861977,-48.5595910,barra bonita,SP
17350,-22.5161872,-48.5628055,igaracu do tiete,SP
17360,-22.4314541,-48.1699662,torrinha,SP
17370,-22.5696397,-48.1553987,santa maria da serra,SP
17380,-22.2821550,-48.1251016,brotas,SP
17400,-22.2114715,-49.6586250,garca,SP
17405,-22.2119229,-49.7065504,jafa,SP
17410,-22.0824898,-49.7182715,alvaro de carvalho,SP
17420,-22.4149848,-49.8171545,lupercio,SP
17430,-22.4420941,-49.7639515,alvinlandia,SP
17440,-22.5276134,-49.6617528,ubirajara,SP
17450,-22.2928380,-49.5504281,galia,SP
17455,-22.3602840,-49.5210214,fernao,SP
17470,-22.4151789,-49.4062201,duartina,SP
17475,-22.4308200,-49.5219382,lucianopolis,SP
17479,-22.4144062,-49.4139968,duartina,SP
17480,-22.4565426,-49.3375326,cabralia paulista,SP
17490,-22.4145997,-49.1393597,piratininga,SP
17492,-22.4158534,-49.1427214,piratininga,SP
17495,-22.4133056,-49.1440172,piratininga,SP
17498,-22.4195405,-49.1392891,piratininga,SP
17500,-22.2180715,-49.9502214,marilia,SP
17501,-22.2224545,-49.9469823,marilia,SP
17502,-22.2235374,-49.9585139,marilia,SP
17503,-22.2234336,-49.9650486,marilia,SP
17504,-22.2138650,-49.9585197,marilia,SP
17505,-22.2018584,-49.9683232,marilia,SP
17506,-22.2034214,-49.9590678,marilia,SP
17507,-22.1908842,-49.9636558,marilia,SP
17509,-22.2123352,-49.9456612,marilia,SP
17510,-22.1972068,-49.9521953,marilia,SP
17511,-22.1791411,-49.9569481,marilia,SP
17512,-22.1588012,-49.9615059,marilia,SP
17513,-22.2032291,-49.9387097,marilia,SP
17514,-22.1855867,-49.9263337,marilia,SP
17515,-22.2110542,-49.9387980,marilia,SP
17516,-22.2232786,-49.9262345,marilia,SP
17519,-22.2299626,-49.9361885,marilia,SP
17520,-22.2390895,-49.9250240,marilia,SP
17521,-22.2395217,-49.9166850,marilia,SP
17522,-22.2493010,-49.9302826,marilia,SP
17523,-22.2516778,-49.9385713,marilia,SP
17524,-22.2417068,-49.9321985,marilia,SP
17525,-22.2350431,-49.9659202,marilia,SP
17526,-22.2343834,-49.9766673,marilia,SP
17527,-22.2193693,-49.9744732,marilia,SP
17532,-22.2256125,-49.9633394,marília,SP
17533,-22.1874983,-49.9790341,marilia,SP
17539,-22.2208025,-49.8841011,marilia,SP
17540,-22.4397858,-49.9204182,ocaucu,SP
17550,-22.0109346,-49.7900546,julio mesquita,SP
17560,-22.2221739,-49.8226743,vera cruz,SP
17570,-22.1538462,-50.0939503,oriente,SP
17580,-22.1036734,-50.1789361,pompeia,SP
17590,-21.7988729,-50.2400247,queiroz,SP
17600,-21.9344845,-50.5139823,tupa,SP
17601,-21.9268640,-50.5141375,tupa,SP
17602,-21.9305478,-50.4983475,tupa,SP
17603,-21.9420719,-50.5008274,tupa,SP
17604,-21.9430914,-50.5167630,tupa,SP
17605,-21.9350672,-50.5248188,tupa,SP
17606,-21.9284655,-50.5256836,tupa,SP
17607,-21.9214521,-50.5228773,tupa,SP
17610,-21.9231042,-50.5030080,tupa,SP
17625,-22.0829327,-50.5403992,tupa,SP
17630,-21.7735061,-50.4647267,arco-iris,SP
17650,-22.0034949,-50.3877372,herculandia,SP
17670,-22.0695666,-50.3039774,quintana,SP
17680,-21.8580449,-50.6888537,iacri,SP
17690,-21.9212576,-50.7323774,bastos,SP
17700,-21.7957110,-50.8792778,osvaldo cruz,SP
17710,-21.8830560,-50.9556494,sagres,SP
17720,-21.6242688,-50.8589290,salmourao,SP
17730,-21.7816654,-50.7915569,parapua,SP
17740,-21.7254105,-50.7237614,rinopolis,SP
17760,-21.7693637,-50.9619585,inubia paulista,SP
17780,-21.7236247,-51.0191578,lucelia,SP
17790,-21.8514010,-51.0855197,pracinha,SP
17800,-21.6842389,-51.0760153,adamantina,SP
17810,-21.7960857,-51.1821389,mariapolis,SP
17830,-21.6144018,-51.1717225,florida paulista,SP
17860,-21.5630595,-51.2633329,pacaembu,SP
17870,-21.6768500,-51.3809815,flora rica,SP
17880,-21.5677267,-51.3514736,irapuru,SP
17890,-21.5114469,-51.4357749,junqueiropolis,SP
17900,-21.4863934,-51.5337441,dracena,SP
17905,-24.2285857,-46.8834127,jamaica,SP
17920,-21.4898097,-51.7009823,ouro verde,SP
17930,-21.3858669,-51.5736340,tupi paulista,SP
17940,-21.3520060,-51.7536189,santa mercedes,SP
17950,-21.3324559,-51.6459699,nova guataporanga,SP
17960,-21.2994686,-51.5678132,monte castelo,SP
17970,-21.2660479,-51.6672030,sao joao do pau d'alho,SP
17980,-21.3618731,-51.8569028,panorama,SP
17990,-21.3111725,-51.8349024,pauliceia,SP
18010,-23.5006997,-47.4593693,sorocaba,SP
18013,-23.4911156,-47.4301104,sorocaba,SP
18015,-23.5027546,-47.4304506,sorocaba,SP
18016,-23.4954642,-47.4282868,sorocaba,SP
18017,-23.4925782,-47.4109167,sorocaba,SP
18020,-23.5068187,-47.4456511,sorocaba,SP
18021,-23.5083110,-47.4286674,sorocaba,SP
18022,-23.5246886,-47.4405785,sorocaba,SP
18023,-23.5105316,-47.3556746,sorocaba,SP
18025,-23.5156124,-47.4434605,sorocaba,SP
18030,-23.5105390,-47.4596698,sorocaba,SP
18031,-23.5170226,-47.4577630,sorocaba,SP
18035,-23.5010087,-47.4620259,sorocaba,SP
18040,-23.5055480,-47.4697053,sorocaba,SP
18043,-23.5056545,-47.4791151,sorocaba,SP
18044,-23.5101865,-47.4780297,sorocaba,SP
18045,-23.5190465,-47.4852658,sorocaba,SP
18046,-23.5219778,-47.4744085,sorocaba,SP
18047,-23.5203768,-47.4629847,sorocaba,SP
18048,-23.5368895,-47.4696869,sorocaba,SP
18050,-23.5149428,-47.4995297,sorocaba,SP
18051,-23.5180362,-47.5035468,sorocaba,SP
18052,-23.5317319,-47.4998035,sorocaba,SP
18053,-23.5011316,-47.5185793,sorocaba,SP
18054,-23.4936626,-47.5235598,sorocaba,SP
18055,-23.4973165,-47.5016022,sorocaba,SP
18056,-23.5072033,-47.5034850,sorocaba,SP
18057,-23.4798562,-47.5098499,sorocaba,SP
18060,-23.4913864,-47.4706063,sorocaba,SP
18061,-23.4954551,-47.4849138,sorocaba,SP
18065,-23.4854905,-47.4795041,sorocaba,SP
18066,-23.4811723,-47.4954758,sorocaba,SP
18070,-23.4735307,-47.4834696,sorocaba,SP
18071,-23.4630055,-47.5026167,sorocaba,SP
18072,-23.4335475,-47.5091794,sorocaba,SP
18073,-23.3928291,-47.5191016,sorocaba,SP
18074,-23.4535845,-47.4885131,sorocaba,SP
18075,-23.4740303,-47.4673971,sorocaba,SP
18076,-23.4642047,-47.4714567,sorocaba,SP
18077,-23.4539758,-47.4737091,sorocaba,SP
18078,-23.4380791,-47.4677409,sorocaba,SP
18079,-23.4363147,-47.4713763,sorocaba,SP
18080,-23.4852228,-47.4598699,sorocaba,SP
18081,-23.4772453,-47.4507100,sorocaba,SP
18084,-23.4759116,-47.4170968,sorocaba,SP
18085,-23.4724146,-47.4336692,sorocaba,SP
18086,-23.4476090,-47.4471363,sorocaba,SP
18087,-23.4591730,-47.4045458,sorocaba,SP
18090,-23.4815996,-47.4482148,sorocaba,SP
18095,-23.4890487,-47.4488457,sorocaba,SP
18103,-23.4191679,-47.4167211,sorocaba,SP
18104,-23.4116883,-47.3895741,sorocaba,SP
18105,-23.4015874,-47.3793362,sorocaba,SP
18108,-23.4998594,-47.3746983,sorocaba,SP
18110,-23.5433196,-47.4573800,votorantim,SP
18111,-23.5349665,-47.4402660,votorantim,SP
18112,-23.5298542,-47.4337214,votorantim,SP
18113,-23.5381146,-47.4147800,votorantim,SP
18114,-23.5436959,-47.4362617,votorantim,SP
18115,-23.5614814,-47.4505921,votorantim,SP
18116,-23.5510568,-47.4625351,votorantim,SP
18117,-23.5692716,-47.4601547,votorantim,SP
18118,-23.4754619,-46.8530648,votorantim,SP
18119,-23.5465307,-47.4922009,votorantim,SP
18120,-23.5365030,-47.1888901,mairinque,SP
18125,-23.5238655,-47.2566135,aluminio,SP
18130,-23.5314244,-47.1344277,sao roque,SP
18131,-23.5317164,-47.1486708,sao roque,SP
18132,-23.5178567,-47.1400006,sao roque,SP
18133,-23.5185439,-47.1286085,sao roque,SP
18134,-23.5239703,-47.1308754,sao roque,SP
18135,-23.5473862,-47.1219920,sao roque,SP
18136,-23.5485832,-47.1372451,sao roque,SP
18140,-23.5396081,-47.0537455,sao roque,SP
18143,-23.5602068,-47.0877418,sao roque,SP
18145,-23.5866182,-47.1352994,sao roque,SP
18147,-23.4343705,-47.0673620,aracariguama,SP
18150,-23.6602974,-47.2168039,ibiuna,SP
18155,-23.6642774,-47.2724142,paruru,SP
18160,-23.6500849,-47.5777404,salto de pirapora,SP
18170,-23.7159446,-47.4142319,piedade,SP
18180,-23.9639105,-47.5054446,tapirai,SP
18185,-23.8119746,-47.7229076,pilar do sul,SP
18190,-23.5152840,-47.6101838,aracoiaba da serra,SP
18195,-23.4779432,-47.7392565,capela do alto,SP
18200,-23.5875657,-48.0448690,itapetininga,SP
18201,-23.5843233,-48.0357465,itapetininga,SP
18202,-23.5871880,-48.0196018,itapetininga,SP
18203,-23.5965749,-48.0341857,itapetininga,SP
18204,-23.6077607,-48.0138283,itapetininga,SP
18205,-23.6008987,-48.0510843,itapetininga,SP
18206,-23.6172411,-48.0582881,itapetininga,SP
18207,-23.6012559,-48.0702891,itapetininga,SP
18208,-23.5917931,-48.0688451,itapetininga,SP
18209,-23.5847583,-48.0705151,itapetininga,SP
18210,-23.5809891,-48.0538557,itapetininga,SP
18211,-23.5622576,-48.0415335,itapetininga,SP
18212,-23.5718176,-48.0360494,itapetininga,SP
18213,-23.5726766,-48.0237168,itapetininga,SP
18214,-23.5782045,-48.0119881,itapetininga,SP
18215,-23.5894538,-47.9888201,itapetininga,SP
18216,-22.0428633,-47.8929332,conceição,SP
18217,-23.5991539,-48.3174723,rechan,SP
18218,-23.7706919,-48.1296490,gramadinho,SP
18220,-23.5615711,-47.8851005,alambari,SP
18225,-23.6377900,-47.8264297,sarapui,SP
18230,-23.8784434,-47.9952791,sao miguel arcanjo,SP
18240,-23.4956310,-48.4072032,angatuba,SP
18243,28.0089783,-15.5368672,bom retiro da esperanca,SP
18245,-23.5767790,-48.4462106,campina do monte alegre,SP
18250,-23.3704331,-48.1828721,guarei,SP
18255,-23.2939148,-48.0575381,quadra,SP
18260,-23.1804413,-48.1247752,porangaba,SP
18265,-23.2457350,-48.1960900,torre de pedra,SP
18270,-23.3497772,-47.8473777,tatui,SP
18271,-23.3433380,-47.8396895,tatui,SP
18272,-23.3460344,-47.8251744,tatui,SP
18273,-23.3606657,-47.8145898,tatui,SP
18274,-23.3733818,-47.8469972,tatui,SP
18275,-23.3571483,-47.8546610,tatui,SP
18276,-23.3603344,-47.8674682,tatui,SP
18277,-23.3527950,-47.8721380,tatui,SP
18278,-23.3440008,-47.8615253,tatui,SP
18279,-23.3337913,-47.8474597,tatui,SP
18280,-23.3235463,-47.8593134,tatui,SP
18285,-23.2261568,-47.9550795,cesario lange,SP
18290,-23.7992529,-48.6000180,buri,SP
18300,-24.0046578,-48.3502264,capao bonito,SP
18301,-23.9916145,-48.3486098,capao bonito,SP
18302,-23.9861015,-48.3528302,capao bonito,SP
18303,-23.9807596,-48.3450306,capao bonito,SP
18304,-24.0065825,-48.3376645,capao bonito,SP
18305,-24.0138467,-48.3408162,capao bonito,SP
18306,-24.0156932,-48.3488138,capao bonito,SP
18307,-24.0117480,-48.3504809,capao bonito,SP
18310,-24.1877192,-48.5314305,guapiara,SP
18315,-24.1038608,-48.3669949,ribeirao grande,SP
18320,-24.5103903,-48.8440583,apiai,SP
18325,-24.4727478,-49.0251261,barra do chapeu,SP
18330,-24.5800124,-48.6052911,iporanga,SP
18360,-24.6401013,-48.8388748,itaoca,SP
18380,-24.6577298,-49.0077510,ribeira,SP
18385,-24.5666842,-49.1799420,itapirapua paulista,SP
18400,-23.9832494,-48.8765251,itapeva,SP
18401,-23.9741480,-48.8710466,itapeva,SP
18402,-23.9556560,-48.8424104,itapeva,SP
18403,-23.9822207,-48.8680946,itapeva,SP
18404,-23.9912757,-48.8683129,itapeva,SP
18405,-23.9943340,-48.8773902,itapeva,SP
18406,-23.9955931,-48.8851368,itapeva,SP
18407,-23.9900108,-48.8910565,itapeva,SP
18408,-23.9956182,-48.9031957,itapeva,SP
18409,-23.9831216,-48.8889409,itapeva,SP
18410,-23.9777030,-48.8870754,itapeva,SP
18411,-23.9714212,-48.8836422,itapeva,SP
18412,-23.9691013,-48.9083226,itapeva,SP
18420,-23.7135550,-48.8524591,guarizinho,SP
18425,-23.9257606,-48.6979958,taquarivai,SP
18430,-24.1909334,-48.8113755,ribeirao branco,SP
18435,-24.1217900,-48.9048848,nova campina,SP
18440,-23.8652312,-49.1409225,itabera,SP
18460,-24.1115029,-49.3314327,itarare,SP
18470,-23.8290150,-49.4343770,riversul,SP
18475,-24.3192693,-49.1402270,bom sucesso de itararé,SP
18480,-23.7054649,-49.4863635,itaporanga,SP
18490,-23.6298906,-49.5622375,barao de antonina,SP
18500,-23.0495517,-47.8376213,laranjal paulista,SP
18510,-23.0387667,-47.8938761,maristela,SP
18520,-23.1662619,-47.7466887,cerquilho,SP
18530,-23.1016210,-47.7118191,tiete,SP
18535,-23.0818950,-47.7942878,jumirim,SP
18540,-23.2119905,-47.5220984,porto feliz,SP
18550,-23.2874269,-47.6705861,boituva,SP
18560,-23.3660173,-47.6756281,ipero,SP
18570,-23.0191072,-48.0109252,conchas,SP
18580,-23.0745196,-47.9753586,pereiras,SP
18590,-23.1106023,-48.2624704,bofete,SP
18600,-22.8875380,-48.4410869,botucatu,SP
18601,-22.8925927,-48.4328079,botucatu,SP
18602,-22.8939644,-48.4443651,botucatu,SP
18603,-22.8824588,-48.4511709,botucatu,SP
18604,-22.8758149,-48.4276007,botucatu,SP
18605,-22.9169573,-48.4417092,botucatu,SP
18606,-22.9016598,-48.4518737,botucatu,SP
18607,-22.8903849,-48.4631304,botucatu,SP
18608,-22.8660528,-48.4606920,botucatu,SP
18609,-22.8648998,-48.4488163,botucatu,SP
18610,-22.8599337,-48.4421247,botucatu,SP
18611,-22.8748817,-48.4357534,botucatu,SP
18615,-22.8960035,-48.4407497,botucatu,SP
18618,-22.8987776,-48.4948953,botucatu,SP
18619,-22.7810998,-48.3999777,botucatu,SP
18620,-22.7905531,-48.1292284,anhembi,SP
18630,-22.9362720,-48.1622003,piramboia,SP
18640,-23.0899835,-48.3840632,pardinho,SP
18650,-22.7402649,-48.5718132,sao manuel,SP
18655,-22.7311438,-48.6106886,aparecida de sao manuel,SP
18660,-22.8118690,-48.6674812,pratania,SP
18670,-22.6736533,-48.6658829,areiopolis,SP
18675,-22.5715425,-48.9717450,borebi,SP
18680,-22.5936507,-48.7996623,lencois paulista,SP
18681,-22.5991223,-48.7875099,lencois paulista,SP
18682,-22.6098977,-48.7962370,lencois paulista,SP
18683,-22.6014430,-48.8071041,lencois paulista,SP
18684,-22.5852267,-48.8145965,lencois paulista,SP
18685,-22.5813016,-48.8103339,lencois paulista,SP
18686,-22.5964222,-48.7854353,lencois paulista,SP
18688,-22.5932621,-48.7935962,alfredo guedes,SP
18690,-23.1032654,-48.6141126,itatinga,SP
18700,-23.1045849,-48.9245153,avare,SP
18701,-23.1038450,-48.9141915,avare,SP
18702,-23.1120309,-48.9058862,avare,SP
18703,-23.1231066,-48.9314363,avare,SP
18704,-23.1152003,-48.9359649,avare,SP
18705,-23.1003607,-48.9345905,avare,SP
18706,-23.0863812,-48.9310177,avare,SP
18707,-23.0847967,-48.9243258,avare,SP
18708,-23.0845382,-48.9148392,avare,SP
18710,-23.1365648,-49.0544404,arandu,SP
18720,-23.3887780,-48.7343660,paranapanema,SP
18725,-22.9942186,-47.5914471,holambra ii,SP
18730,-23.4180466,-49.0910447,itai,SP
18740,-23.5323444,-49.2463222,taquarituba,SP
18745,-23.6306108,-49.3131891,coronel macedo,SP
18760,-23.0341004,-49.1623446,cerqueira cesar,SP
18770,-22.8774122,-49.2401388,aguas de santa barbara,SP
18775,-22.8719755,-49.1563652,iaras,SP
18780,-23.0063445,-49.3184150,manduri,SP
18790,-22.9404621,-49.3404494,oleo,SP
18800,-23.1982034,-49.3827805,piraju,SP
18830,-23.3754367,-49.3283906,tejupa,SP
18840,-23.2746279,-49.4770319,sarutaia,SP
18860,-23.2064895,-49.6030749,timburi,SP
18870,-23.3886508,-49.5106507,fartura,SP
18890,-23.4535347,-49.4054922,taguai,SP
18900,-22.8963285,-49.6242402,santa cruz do rio pardo,SP
18910,-22.9558368,-49.5382609,sodrelia,SP
18915,-22.7158292,-49.5716597,caporanga,SP
18935,-22.6951122,-49.4303699,espirito santo do turvo,SP
18940,-22.7350778,-49.6427467,sao pedro do turvo,SP
18950,-23.0551517,-49.6271910,ipaussu,SP
18960,-23.0155354,-49.4774345,bernardino de campos,SP
18970,-23.0394381,-49.7081395,chavantes,SP
18980,-23.0578026,-49.7323952,irape,SP
18990,-23.0053411,-49.7833922,canitar,SP
19010,-22.1227352,-51.3863693,presidente prudente,SP
19013,-22.1357282,-51.3920042,presidente prudente,SP
19014,-22.1294201,-51.3968690,presidente prudente,SP
19015,-22.1212958,-51.3949220,presidente prudente,SP
19020,-22.1135074,-51.3864550,presidente prudente,SP
19023,-22.1106806,-51.3990921,presidente prudente,SP
19024,-22.1007303,-51.3945426,presidente prudente,SP
19025,-22.1003151,-51.4073563,presidente prudente,SP
19026,-22.0989876,-51.4164607,presidente prudente,SP
19027,-22.1122624,-51.4211797,presidente prudente,SP
19028,-22.0847157,-51.4327220,presidente prudente,SP
19029,-22.0770897,-51.4154862,presidente prudente,SP
19030,-22.1173541,-51.3776752,presidente prudente,SP
19031,-22.1286952,-51.3789956,presidente prudente,SP
19033,-22.0965984,-51.3887861,presidente prudente,SP
19034,-22.0880576,-51.3829728,presidente prudente,SP
19035,-22.1253644,-51.3729232,presidente prudente,SP
19036,-22.1129747,-51.3938854,presidente prudente,SP
19040,-22.1326668,-51.3841719,presidente prudente,SP
19041,-22.1376940,-51.3792041,presidente prudente,SP
19042,-22.1362295,-51.3724500,presidente prudente,SP
19043,-22.1554997,-51.3852315,presidente prudente,SP
19045,-22.1448346,-51.3809895,presidente prudente,SP
19046,-22.1429219,-51.3853363,presidente prudente,SP
19050,-22.1365979,-51.4007672,presidente prudente,SP
19051,-22.1430683,-51.4587988,presidente prudente,SP
19053,-22.1468400,-51.4136106,presidente prudente,SP
19057,-22.1167593,-51.4402958,presidente prudente,SP
19060,-22.1219369,-51.4137960,presidente prudente,SP
19061,-22.1279000,-51.4102480,presidente prudente,SP
19062,-22.1329611,-51.4261316,presidente prudente,SP
19063,-22.1281397,-51.4414360,presidente prudente,SP
19064,-22.1534508,-51.4531951,presidente prudente,SP
19065,-22.1081826,-51.4319277,presidente prudente,SP
19066,-22.1091740,-51.4290655,presidente prudente,SP
19067,-22.1222205,-51.4275745,presidente prudente,SP
19068,-22.1024212,-51.4263484,presidente prudente,SP
19070,-22.1394912,-51.4206760,presidente prudente,SP
19085,-22.1107856,-51.4395809,presidente prudente,SP
19097,-22.0743128,-51.3593813,presidente prudente,SP
19100,-22.0882482,-51.4006483,presidente prudente,SP
19110,-22.0887125,-51.3675906,presidente prudente,SP
19120,-22.3878461,-50.1347667,floresta do sul,SP
19130,-21.9149535,-51.3010115,eneida,SP
19140,-21.8031040,-51.3004349,presidente prudente,SP
19160,-22.0769937,-51.4675628,alvares machado,SP
19180,-21.9542889,-51.4161544,alfredo marcondes,SP
19190,-21.8518639,-51.3945589,santo expedito,SP
19200,-22.2758561,-51.4984989,pirapozinho,SP
19210,-22.3044901,-51.5582775,tarabai,SP
19220,-22.4064753,-51.5238702,narandiba,SP
19230,-22.4891469,-51.6615243,estrela do norte,SP
19250,-22.4562180,-51.7633619,sandovalina,SP
19260,-22.2951517,-51.9115524,mirante do paranapanema,SP
19265,-22.2162795,-51.8344069,costa machado,SP
19270,-22.2854483,-52.1028685,cuiaba paulista,SP
19273,-22.5738825,-53.0446302,rosana,SP
19274,-21.6463344,-49.3826633,primavera,SP
19275,-22.5706218,-52.3908216,euclides da cunha paulista,SP
19280,-22.5296615,-52.1723700,teodoro sampaio,SP
19295,-22.5406572,-52.1806612,teodoro sampaio,SP
19300,-22.0085081,-51.5563436,presidente bernardes,SP
19330,-22.2200044,-51.6415155,nova patria,SP
19350,-21.8304411,-51.4831400,emilianopolis,SP
19360,-21.9769201,-51.6525419,santo anastacio,SP
19380,-21.8318487,-51.6016806,ribeirao dos indios,SP
19400,-21.8742883,-51.8449696,presidente venceslau,SP
19410,-21.8764297,-51.7243970,piquerobi,SP
19430,-22.1100057,-51.9725432,maraba paulista,SP
19450,-21.8317177,-51.9900957,caiua,SP
19470,-21.7735626,-52.1157099,presidente epitacio,SP
19490,-22.8633605,-47.0554215,campinal,SP
19500,-22.1480849,-51.1695495,martinopolis,SP
19505,-22.0020379,-51.1358608,tecainda,SP
19530,-22.0160892,-51.2359566,caiabu,SP
19540,-21.7756344,-48.8183701,iubatinga,SP
19560,-22.1749007,-51.2555371,indiana,SP
19570,-22.2219458,-51.3034394,regente feijo,SP
19575,-22.1955223,-51.3567411,espigao,SP
19580,-22.2961261,-51.3870050,anhumas,SP
19590,-22.3897960,-51.2895784,taciba,SP
19600,-22.2293106,-50.8946813,rancharia,SP
19610,-23.5373287,-48.5449339,agisse,SP
19620,-22.2220307,-50.8955198,gardenia,SP
19640,-22.6603522,-51.0753227,iepe,SP
19645,-22.6196099,-51.2380557,nantes,SP
19680,-22.2494357,-50.7682715,joao ramalho,SP
19700,-22.4212548,-50.5807308,paraguacu paulista,SP
19750,-22.3394516,-50.3924183,lutecia,SP
19770,-22.3144245,-50.2771177,oscar bressane,SP
19780,-22.2472968,-50.7006291,quata,SP
19800,-22.6655861,-50.4152471,assis,SP
19801,-22.6701648,-50.4113493,assis,SP
19802,-22.6693539,-50.4269312,assis,SP
19803,-22.6756803,-50.4375555,assis,SP
19804,-22.6639021,-50.4358180,assis,SP
19806,-22.6555023,-50.4257101,assis,SP
19807,-22.6453621,-50.4239053,assis,SP
19810,-22.6335555,-50.4210937,assis,SP
19812,-22.6394989,-50.3964712,assis,SP
19813,-22.6449597,-50.4025669,assis,SP
19814,-22.6573994,-50.4096760,assis,SP
19815,-22.6556623,-50.3954290,assis,SP
19816,-22.6638617,-50.3997772,assis,SP
19820,-22.7489466,-50.5789517,taruma,SP
19830,-22.4299510,-50.2054341,echapora,SP
19840,-22.6150591,-50.6680821,maracai,SP
19845,-24.0076269,-50.4772723,maracaí,SP
19860,-22.7434756,-50.7878614,cruzalia,SP
19865,-22.8152726,-50.7912716,pedrinhas paulista,SP
19870,-22.9021066,-50.7270417,florinia,SP
19880,-22.7511289,-50.3867285,candido mota,SP
19882,-22.6973065,-50.2917054,nova alexandria,SP
19885,-22.8419449,-50.5172661,frutal do campo,SP
19900,-22.9810633,-49.8670415,ourinhos,SP
19901,-22.9911330,-49.8691940,ourinhos,SP
19902,-22.9937987,-49.8608212,ourinhos,SP
19904,-23.0132421,-49.8848833,ourinhos,SP
19905,-22.9966282,-49.8833950,ourinhos,SP
19906,-22.9847060,-49.8818348,ourinhos,SP
19907,-22.9744662,-49.8813826,ourinhos,SP
19908,-22.9742373,-49.9084107,ourinhos,SP
19909,-22.9695000,-49.9036975,ourinhos,SP
19910,-22.9652051,-49.8925940,ourinhos,SP
19911,-22.9675104,-49.8713931,ourinhos,SP
19912,-22.9802706,-49.8604184,ourinhos,SP
19913,-22.9813584,-49.8535661,ourinhos,SP
19914,-22.9691567,-49.8567934,ourinhos,SP
19915,-22.9585378,-49.8636385,ourinhos,SP
19920,-22.8868139,-49.9821918,salto grande,SP
19930,-22.7818697,-49.7999709,ribeirao do sul,SP
19940,-22.8136671,-50.0727879,ibirarema,SP
19960,-22.6052691,-49.9996412,campos novos paulista,SP
19970,-22.7865327,-50.2183195,palmital,SP
19990,-22.6340260,-50.2033422,platina,SP
20010,-22.9025659,-43.1785989,rio de janeiro,RJ
20011,-22.9049934,-43.1760777,rio de janeiro,RJ
20020,-22.9074945,-43.1731691,rio de janeiro,RJ
20021,-22.9123695,-43.1735008,rio de janeiro,RJ
20030,-22.9098739,-43.1736504,rio de janeiro,RJ
20031,-22.9095724,-43.1777031,rio de janeiro,RJ
20040,-22.9056860,-43.1771563,rio de janeiro,RJ
20041,-22.9032008,-43.1786456,rio de janeiro,RJ
20050,-22.9056962,-43.1792582,rio de janeiro,RJ
20051,-22.9030631,-43.1829893,rio de janeiro,RJ
20056,-22.9137797,-43.2507522,rio de janeiro,RJ
20060,-22.9074265,-43.2211129,rio de janeiro,RJ
20061,-22.9058117,-43.1856290,rio de janeiro,RJ
20070,-22.9023316,-43.1792788,rio de janeiro,RJ
20071,-22.9020770,-43.1814978,rio de janeiro,RJ
20080,-22.9012094,-43.1849572,rio de janeiro,RJ
20081,-22.8977151,-43.1833299,rio de janeiro,RJ
20090,-22.8990541,-43.1794206,rio de janeiro,RJ
20091,-22.9001513,-43.1782759,rio de janeiro,RJ
20203,-22.7952889,-43.3406105,rio de janeiro,RJ
20210,-22.9086965,-43.2010164,rio de janeiro,RJ
20211,-22.9114850,-43.1984425,rio de janeiro,RJ
20220,-22.8998295,-43.2008043,rio de janeiro,RJ
20221,-22.8994580,-43.1970845,rio de janeiro,RJ
20230,-22.9128570,-43.1883491,rio de janeiro,RJ
20231,-22.9125917,-43.1862927,rio de janeiro,RJ
20240,-22.9177703,-43.1890575,rio de janeiro,RJ
20241,-22.9220064,-43.1856574,rio de janeiro,RJ
20250,-22.9193377,-43.2124747,rio de janeiro,RJ
20251,-22.9222006,-43.2001563,rio de janeiro,RJ
20260,-22.9193426,-43.2154232,rio de janeiro,RJ
20261,-22.9240154,-43.2135477,rio de janeiro,RJ
20270,-22.9162446,-43.2179503,rio de janeiro,RJ
20271,-22.9156693,-43.2252135,rio de janeiro,RJ
20350,-22.9074975,-43.2688230,rio de janeiro,RJ
20396,-22.7636305,-43.1080998,rio de janeiro,RJ
20397,-22.7566748,-43.1082646,rio de janeiro,RJ
20510,-22.9303478,-43.2427523,rio de janeiro,RJ
20511,-22.9284131,-43.2405382,rio de janeiro,RJ
20520,-22.9262588,-43.2318464,rio de janeiro,RJ
20521,-22.9279188,-43.2319721,rio de janeiro,RJ
20530,-22.9376863,-43.2488694,rio de janeiro,RJ
20531,-22.9582469,-43.2703329,rio de janeiro,RJ
20535,-22.8778026,-43.2730929,rio de janeiro,RJ
20540,-22.9225559,-43.2439012,rio de janeiro,RJ
20541,-22.9227590,-43.2461040,rio de janeiro,RJ
20550,-22.9167921,-43.2315504,rio de janeiro,RJ
20551,-22.9143907,-43.2456987,rio de janeiro,RJ
20560,-22.9186360,-43.2572449,rio de janeiro,RJ
20561,-22.9236711,-43.2795106,rio de janeiro,RJ
20710,-22.9083086,-43.2764243,rio de janeiro,RJ
20715,-22.9122420,-43.2687267,rio de janeiro,RJ
20720,-22.9065759,-43.2881917,rio de janeiro,RJ
20723,-22.9083082,-43.2883609,rio de janeiro,RJ
20725,-22.9064122,-43.2824952,rio de janeiro,RJ
20730,-22.9022909,-43.2983952,rio de janeiro,RJ
20735,-22.9002470,-43.2862095,rio de janeiro,RJ
20740,-22.8962029,-43.3126606,rio de janeiro,RJ
20745,-22.9036005,-43.3069016,rio de janeiro,RJ
20746,-22.8983220,-43.3057417,rio de janeiro,RJ
20750,-22.8751807,-43.3008280,rio de janeiro,RJ
20751,-22.8838947,-43.3053843,rio de janeiro,RJ
20755,-22.8887191,-43.2971087,rio de janeiro,RJ
20756,-22.8893032,-43.3045404,rio de janeiro,RJ
20760,-22.8791772,-43.2859269,rio de janeiro,RJ
20761,-22.8700981,-43.2972179,rio de janeiro,RJ
20765,-22.8706751,-43.2861247,rio de janeiro,RJ
20766,-22.8656731,-43.2893178,rio de janeiro,RJ
20770,-22.8926311,-43.2860136,rio de janeiro,RJ
20771,-22.8865452,-43.2815790,rio de janeiro,RJ
20775,-22.8947876,-43.2775456,rio de janeiro,RJ
20776,-22.9893152,-43.3485846,rio de janeiro,RJ
20780,-22.8964632,-43.2721717,rio de janeiro,RJ
20785,-22.8865933,-43.2678342,rio de janeiro,RJ
20910,-22.8995244,-43.2305244,rio de janeiro,RJ
20911,-22.8931489,-43.2422010,rio de janeiro,RJ
20920,-22.8952449,-43.2319026,rio de janeiro,RJ
20921,-22.8937032,-43.2315176,rio de janeiro,RJ
20930,-22.8899797,-43.2288329,rio de janeiro,RJ
20931,-22.8804765,-43.2177232,rio de janeiro,RJ
20932,-22.8533225,-43.3973601,rio de janeiro,RJ
20940,-22.9017815,-43.2192001,rio de janeiro,RJ
20941,-22.9050386,-43.2182898,rio de janeiro,RJ
20943,-22.9076198,-43.2359045,rio de janeiro,RJ
20950,-22.9039957,-43.2555861,rio de janeiro,RJ
20960,-22.8991060,-43.2493216,rio de janeiro,RJ
20961,-22.8989211,-43.2604878,rio de janeiro,RJ
20970,-22.8949096,-43.2989552,rio de janeiro,RJ
20972,-22.9081496,-43.2602063,rio de janeiro,RJ
20973,-22.8948030,-43.3046068,rio de janeiro,RJ
20975,-22.8944236,-43.2516227,rio de janeiro,RJ
21010,-22.8238392,-43.3063019,rio de janeiro,RJ
21011,-22.8277275,-43.2864223,rio de janeiro,RJ
21012,-22.8350429,-43.3126365,rio de janeiro,RJ
21020,-22.8358285,-43.2761438,rio de janeiro,RJ
21021,-22.8420729,-43.2650654,rio de janeiro,RJ
21030,-22.8500026,-43.2633540,rio de janeiro,RJ
21031,-22.8482566,-43.2561334,rio de janeiro,RJ
21032,-22.8603766,-43.2556698,rio de janeiro,RJ
21040,-22.8582672,-43.2526922,rio de janeiro,RJ
21041,-22.8714411,-43.2587276,rio de janeiro,RJ
21042,-22.8648654,-43.2487005,rio de janeiro,RJ
21043,-22.8865804,-43.2773189,rio de janeiro,RJ
21044,-22.8577063,-43.2671862,rio de janeiro,RJ
21046,-22.8717846,-43.2500402,rio de janeiro,RJ
21050,-22.8759817,-43.2600562,rio de janeiro,RJ
21051,-22.8742224,-43.2672879,rio de janeiro,RJ
21060,-22.8573319,-43.2636396,rio de janeiro,RJ
21061,-22.8663913,-43.2715880,rio de janeiro,RJ
21065,-22.8751400,-43.4138305,rio de janeiro,RJ
21070,-22.8439144,-43.2837791,rio de janeiro,RJ
21071,-22.8607263,-43.2876465,rio de janeiro,RJ
21072,-22.8591074,-43.3366920,rio de janeiro,RJ
21073,-22.8507709,-43.2705215,rio de janeiro,RJ
21200,-22.8534770,-43.3039377,rio de janeiro,RJ
21210,-22.8437314,-43.3024267,rio de janeiro,RJ
21211,-22.8368281,-43.3080446,rio de janeiro,RJ
21215,-22.8337888,-43.2960443,rio de janeiro,RJ
21220,-22.8494229,-43.3135088,rio de janeiro,RJ
21221,-22.8460648,-43.3105354,rio de janeiro,RJ
21230,-22.8266630,-43.3225315,rio de janeiro,RJ
21231,-22.8315273,-43.3221967,rio de janeiro,RJ
21235,-22.8379118,-43.3222710,rio de janeiro,RJ
21236,-22.8396853,-43.3371248,rio de janeiro,RJ
21240,-22.8111210,-43.3262128,rio de janeiro,RJ
21241,-22.8134970,-43.3080368,rio de janeiro,RJ
21250,-22.8246191,-43.3067467,rio de janeiro,RJ
21310,-22.8790833,-43.3393556,rio de janeiro,RJ
21311,-22.8891818,-43.3276359,rio de janeiro,RJ
21320,-22.8929059,-43.3476444,rio de janeiro,RJ
21321,-22.8951262,-43.3575021,rio de janeiro,RJ
21330,-22.8828768,-43.3641745,rio de janeiro,RJ
21331,-22.8735072,-43.3656775,rio de janeiro,RJ
21340,-22.8710181,-43.3568449,rio de janeiro,RJ
21341,-22.8824429,-43.3494701,rio de janeiro,RJ
21350,-22.8779324,-43.3301662,rio de janeiro,RJ
21351,-22.8704482,-43.3429653,rio de janeiro,RJ
21360,-22.8669453,-43.3347817,rio de janeiro,RJ
21361,-22.8533283,-43.3282281,rio de janeiro,RJ
21370,-22.8700064,-43.3200449,rio de janeiro,RJ
21371,-22.8510623,-43.3261788,rio de janeiro,RJ
21380,-22.8833179,-43.3195119,rio de janeiro,RJ
21381,-22.8790753,-43.3146721,rio de janeiro,RJ
21440,-22.8626453,-43.2539242,rio de janeiro,RJ
21510,-22.8425100,-43.3534907,rio de janeiro,RJ
21511,-22.8441030,-43.3521927,rio de janeiro,RJ
21512,-22.8414687,-43.3619529,rio de janeiro,RJ
21515,-22.8390273,-43.3558775,rio de janeiro,RJ
21520,-22.8109984,-43.3618772,rio de janeiro,RJ
21521,-22.8248780,-43.3488881,rio de janeiro,RJ
21525,-22.8224314,-43.3554293,rio de janeiro,RJ
21530,-22.8288119,-43.3463076,rio de janeiro,RJ
21531,-22.8501852,-43.4025177,rio de janeiro,RJ
21532,-22.8130814,-43.3603641,rio de janeiro,RJ
21535,-22.8194481,-43.3540849,rio de janeiro,RJ
21540,-22.8521435,-43.3428130,rio de janeiro,RJ
21545,-22.8432861,-43.3434443,rio de janeiro,RJ
21550,-22.8620712,-43.3562304,rio de janeiro,RJ
21555,-22.8551359,-43.3635073,rio de janeiro,RJ
21557,-22.8562037,-43.3749558,rio de janeiro,RJ
21610,-22.8670110,-43.3718833,rio de janeiro,RJ
21615,-22.8620908,-43.3913693,rio de janeiro,RJ
21616,-22.8538797,-43.3968094,rio de janeiro,RJ
21620,-22.8393506,-43.4048606,rio de janeiro,RJ
21625,-22.8326053,-43.4028086,rio de janeiro,RJ
21630,-22.8256495,-43.4116498,rio de janeiro,RJ
21635,-22.8329030,-43.4123028,rio de janeiro,RJ
21640,-22.8346332,-43.3927564,rio de janeiro,RJ
21645,-22.8213856,-43.3976032,rio de janeiro,RJ
21650,-22.8168507,-43.3743145,rio de janeiro,RJ
21655,-22.8186164,-43.3825987,rio de janeiro,RJ
21660,-22.8399606,-43.3770391,rio de janeiro,RJ
21665,-22.8342716,-43.3779786,rio de janeiro,RJ
21670,-22.8498437,-43.3808702,rio de janeiro,RJ
21675,-22.8490346,-43.3744236,rio de janeiro,RJ
21710,-22.8769797,-43.4252791,rio de janeiro,RJ
21715,-22.8794767,-43.4402640,rio de janeiro,RJ
21720,-22.8651208,-43.4470342,rio de janeiro,RJ
21721,-22.8753558,-43.2806365,rio de janeiro,RJ
21725,-22.8591830,-43.4566656,rio de janeiro,RJ
21730,-22.8643551,-43.4347571,rio de janeiro,RJ
21735,-22.8715375,-43.4297269,rio de janeiro,RJ
21740,-22.8843331,-43.3875049,rio de janeiro,RJ
21741,-22.8896279,-43.3951244,rio de janeiro,RJ
21745,-22.8795493,-43.4101186,rio de janeiro,RJ
21746,-22.8857755,-43.4110256,rio de janeiro,RJ
21750,-22.8787354,-43.4157884,rio de janeiro,RJ
21755,-22.8838533,-43.4191364,rio de janeiro,RJ
21760,-22.8904483,-43.4205839,rio de janeiro,RJ
21765,-22.8909384,-43.4306854,rio de janeiro,RJ
21770,-22.8922575,-43.4420870,rio de janeiro,RJ
21775,-22.8869529,-43.4466441,rio de janeiro,RJ
21785,-22.8721049,-43.4552136,rio de janeiro,RJ
21810,-22.8792205,-43.4593105,rio de janeiro,RJ
21815,-22.8854839,-43.4576928,rio de janeiro,RJ
21820,-22.8818884,-43.4689976,rio de janeiro,RJ
21825,-22.8922485,-43.4708662,rio de janeiro,RJ
21830,-22.8801187,-43.4836048,rio de janeiro,RJ
21831,-22.8897626,-43.4839079,rio de janeiro,RJ
21832,-22.8949986,-43.4908370,rio de janeiro,RJ
21833,-22.8814819,-43.4944833,rio de janeiro,RJ
21840,-22.8683638,-43.4692322,rio de janeiro,RJ
21842,-22.8684214,-43.4798555,rio de janeiro,RJ
21843,-22.8708934,-43.4833015,rio de janeiro,RJ
21845,-22.8744889,-43.4526837,rio de janeiro,RJ
21850,-22.8594252,-43.4868171,rio de janeiro,RJ
21852,-22.8630559,-43.4696366,rio de janeiro,RJ
21853,-22.8570828,-43.4864392,rio de janeiro,RJ
21854,-22.8455565,-43.4950165,rio de janeiro,RJ
21860,-22.8623691,-43.4672865,rio de janeiro,RJ
21862,-22.8646988,-43.4663601,rio de janeiro,RJ
21863,-22.8509516,-43.4669351,rio de janeiro,RJ
21864,-22.8538460,-43.4610357,rio de janeiro,RJ
21865,-22.8530423,-43.4704250,rio de janeiro,RJ
21866,-22.8591305,-43.4788061,rio de janeiro,RJ
21870,-22.8710193,-43.4585144,rio de janeiro,RJ
21875,-22.8734090,-43.4537412,rio de janeiro,RJ
21910,-22.7977784,-43.1813609,rio de janeiro,RJ
21911,-22.7900819,-43.1725732,rio de janeiro,RJ
21920,-22.7981156,-43.1956977,rio de janeiro,RJ
21921,-22.8083044,-43.1856486,rio de janeiro,RJ
21922,-22.8457102,-43.3389950,rio de janeiro,RJ
21930,-22.8194811,-43.1783586,rio de janeiro,RJ
21931,-22.8095177,-43.2002032,rio de janeiro,RJ
21932,-22.8048629,-43.2257282,rio de janeiro,RJ
21940,-22.8138887,-43.2024775,rio de janeiro,RJ
21941,-22.8338340,-43.2488567,rio de janeiro,RJ
21950,-22.9028344,-43.2636126,rio de janeiro,RJ
22003,-22.9109451,-43.1728662,rio de janeiro,RJ
22010,-22.9627129,-43.1708108,rio de janeiro,RJ
22011,-22.9640061,-43.1765836,rio de janeiro,RJ
22020,-22.9654538,-43.1784757,rio de janeiro,RJ
22021,-22.9657157,-43.1789058,rio de janeiro,RJ
22030,-22.9655862,-43.1840531,rio de janeiro,RJ
22031,-22.9669336,-43.1879217,rio de janeiro,RJ
22040,-22.9683893,-43.1849945,rio de janeiro,RJ
22041,-22.9676736,-43.1900283,rio de janeiro,RJ
22050,-22.9725957,-43.1877195,rio de janeiro,RJ
22051,-22.9728738,-43.1905213,rio de janeiro,RJ
22060,-22.9770286,-43.1903409,rio de janeiro,RJ
22061,-22.9754193,-43.1926337,rio de janeiro,RJ
22070,-22.9806880,-43.1895594,rio de janeiro,RJ
22071,-22.9801848,-43.1945907,rio de janeiro,RJ
22080,-22.9846638,-43.1925284,rio de janeiro,RJ
22081,-22.9844411,-43.1934159,rio de janeiro,RJ
22210,-22.9310708,-43.1761160,rio de janeiro,RJ
22211,-22.9233843,-43.1795304,rio de janeiro,RJ
22220,-22.9295645,-43.1768464,rio de janeiro,RJ
22221,-22.9289994,-43.1814503,rio de janeiro,RJ
22230,-22.9372980,-43.1768896,rio de janeiro,RJ
22231,-22.9361539,-43.1818323,rio de janeiro,RJ
22240,-22.9352635,-43.1872636,rio de janeiro,RJ
22241,-22.9384583,-43.1963681,rio de janeiro,RJ
22245,-22.9410611,-43.1912312,rio de janeiro,RJ
22250,-22.9422116,-43.1775869,rio de janeiro,RJ
22251,-22.9453442,-43.1850105,rio de janeiro,RJ
22252,-22.9438012,-43.1842463,rio de janeiro,RJ
22260,-22.9492163,-43.1902140,rio de janeiro,RJ
22261,-22.9572183,-43.2002606,rio de janeiro,RJ
22270,-22.9530822,-43.1892454,rio de janeiro,RJ
22271,-22.9561038,-43.1939511,rio de janeiro,RJ
22280,-22.9544087,-43.1856500,rio de janeiro,RJ
22281,-22.9568519,-43.1936457,rio de janeiro,RJ
22283,-22.9561506,-43.1921224,rio de janeiro,RJ
22290,-22.9544284,-43.1770742,rio de janeiro,RJ
22291,-22.9423120,-43.1667809,rio de janeiro,RJ
22410,-22.9839234,-43.2071015,rio de janeiro,RJ
22411,-22.9819447,-43.2024131,rio de janeiro,RJ
22420,-22.9853120,-43.2041428,rio de janeiro,RJ
22421,-22.9821402,-43.2068753,rio de janeiro,RJ
22430,-22.9821023,-43.2201331,rio de janeiro,RJ
22431,-22.9828437,-43.2247400,rio de janeiro,RJ
22440,-22.9844391,-43.2215127,rio de janeiro,RJ
22441,-22.9841602,-43.2249547,rio de janeiro,RJ
22450,-22.9864937,-43.2330681,rio de janeiro,RJ
22451,-22.9784152,-43.2377292,rio de janeiro,RJ
22452,-22.9526455,-43.3026707,rio de janeiro,RJ
22453,-22.9784692,-43.2338334,rio de janeiro,RJ
22460,-22.9648350,-43.2249022,rio de janeiro,RJ
22461,-22.9613450,-43.2136414,rio de janeiro,RJ
22470,-22.9655043,-43.2154484,rio de janeiro,RJ
22471,-22.9676260,-43.2032129,rio de janeiro,RJ
22473,-22.9310185,-43.3504750,rio de janeiro,RJ
22600,-22.9875484,-43.2532473,rio de janeiro,RJ
22610,-22.9959981,-43.2616637,rio de janeiro,RJ
22611,-23.0080688,-43.2986118,rio de janeiro,RJ
22620,-23.0094750,-43.3345300,rio de janeiro,RJ
22621,-23.0108035,-43.3098867,rio de janeiro,RJ
22630,-23.0101313,-43.3386795,rio de janeiro,RJ
22631,-23.0036567,-43.3407589,rio de janeiro,RJ
22640,-23.0012676,-43.3355988,rio de janeiro,RJ
22641,-22.9861051,-43.3115207,rio de janeiro,RJ
22710,-22.9345760,-43.3757884,rio de janeiro,RJ
22711,-22.9137312,-43.3908971,rio de janeiro,RJ
22713,-22.9301746,-43.3960839,rio de janeiro,RJ
22715,-22.9233556,-43.3830469,rio de janeiro,RJ
22720,-22.9181674,-43.3865155,rio de janeiro,RJ
22723,-22.9168971,-43.4027888,rio de janeiro,RJ
22725,-22.9115017,-43.3765261,rio de janeiro,RJ
22730,-22.9200025,-43.3695754,rio de janeiro,RJ
22733,-22.9060158,-43.3649802,rio de janeiro,RJ
22735,-22.9209285,-43.3584655,rio de janeiro,RJ
22740,-22.9262566,-43.3597578,rio de janeiro,RJ
22743,-22.9301743,-43.3464404,rio de janeiro,RJ
22745,-22.9350585,-43.3335941,rio de janeiro,RJ
22750,-22.9433847,-43.3343792,rio de janeiro,RJ
22753,-22.9661924,-43.3307345,rio de janeiro,RJ
22755,-22.9475025,-43.3381421,rio de janeiro,RJ
22760,-22.9388566,-43.3458338,rio de janeiro,RJ
22763,-22.9494184,-43.3871769,rio de janeiro,RJ
22765,-22.9544313,-43.3552734,rio de janeiro,RJ
22770,-22.9369109,-43.3609734,rio de janeiro,RJ
22772,-22.9500502,-43.3608475,rio de janeiro,RJ
22773,-22.9484691,-43.3644899,rio de janeiro,RJ
22775,-22.9691482,-43.3830652,rio de janeiro,RJ
22776,-22.9900485,-43.3544811,rio de janeiro,RJ
22778,-22.9393590,-43.3711856,rio de janeiro,RJ
22780,-22.9628438,-43.4011658,rio de janeiro,RJ
22783,-22.9840824,-43.4488902,rio de janeiro,RJ
22785,-22.9799003,-43.4917648,rio de janeiro,RJ
22790,-23.0129865,-43.4655195,rio de janeiro,RJ
22793,-23.0006190,-43.4047183,rio de janeiro,RJ
22795,-23.0204707,-43.4626564,rio de janeiro,RJ
23010,-22.8858722,-43.5137289,rio de janeiro,RJ
23012,-22.8912897,-43.5285380,rio de janeiro,RJ
23013,-22.9012578,-43.5414345,rio de janeiro,RJ
23015,-22.9081740,-43.5396779,rio de janeiro,RJ
23016,-22.9125953,-43.5359388,rio de janeiro,RJ
23017,-22.9195748,-43.5285557,rio de janeiro,RJ
23020,-23.0049905,-43.5478452,rio de janeiro,RJ
23025,-22.9904692,-43.6155057,rio de janeiro,RJ
23026,-22.9907373,-43.6304509,rio de janeiro,RJ
23027,-23.0012369,-43.6400951,rio de janeiro,RJ
23028,-22.9805630,-43.6599899,rio de janeiro,RJ
23030,-22.9666996,-43.6017687,rio de janeiro,RJ
23031,-22.9643786,-43.6118674,rio de janeiro,RJ
23032,-22.9725640,-43.6429505,rio de janeiro,RJ
23033,-22.9559440,-43.6065961,rio de janeiro,RJ
23035,-22.9458941,-43.5944570,rio de janeiro,RJ
23036,-22.9379000,-43.5786461,rio de janeiro,RJ
23040,-22.9331057,-43.5541138,rio de janeiro,RJ
23042,-22.9277793,-43.5545034,rio de janeiro,RJ
23045,-22.9168407,-43.5623401,rio de janeiro,RJ
23047,-22.9259429,-43.5613575,rio de janeiro,RJ
23050,-22.9063742,-43.5664101,rio de janeiro,RJ
23052,-22.9066193,-43.5522499,rio de janeiro,RJ
23055,-22.9099495,-43.5764230,rio de janeiro,RJ
23056,-22.9181899,-43.6123509,rio de janeiro,RJ
23057,-22.9175309,-43.5283249,rio de janeiro,RJ
23058,-22.9147873,-43.5907804,rio de janeiro,RJ
23059,-22.9133079,-43.5904299,rio de janeiro,RJ
23060,-22.8960896,-43.5988967,rio de janeiro,RJ
23061,-22.9084453,-43.6081002,rio de janeiro,RJ
23062,-22.9026577,-43.5991719,rio de janeiro,RJ
23063,-22.8975220,-43.5917523,rio de janeiro,RJ
23064,-22.9007427,-43.5846384,rio de janeiro,RJ
23065,-22.8829383,-43.6250862,rio de janeiro,RJ
23066,-22.8881925,-43.6247365,rio de janeiro,RJ
23067,-22.8824361,-43.6165835,rio de janeiro,RJ
23068,-22.8864586,-43.5976297,rio de janeiro,RJ
23070,-22.8964078,-43.5775100,rio de janeiro,RJ
23071,-22.8883687,-43.5809095,rio de janeiro,RJ
23073,-22.8899842,-43.5793976,rio de janeiro,RJ
23075,-22.8777752,-43.5777105,rio de janeiro,RJ
23076,-22.8824554,-43.5749422,rio de janeiro,RJ
23078,-22.8721671,-43.5892531,rio de janeiro,RJ
23080,-22.8985393,-43.5654214,rio de janeiro,RJ
23081,-22.8943396,-43.5672229,rio de janeiro,RJ
23082,-22.8942153,-43.5712909,rio de janeiro,RJ
23085,-22.8939205,-43.5464240,rio de janeiro,RJ
23087,-22.8863934,-43.5588726,rio de janeiro,RJ
23088,-22.8854377,-43.5497196,rio de janeiro,RJ
23090,-22.8780433,-43.5629174,rio de janeiro,RJ
23092,-22.8708560,-43.5438487,rio de janeiro,RJ
23093,-22.8775153,-43.5302935,rio de janeiro,RJ
23094,-22.8762098,-43.5198167,rio de janeiro,RJ
23095,-22.8694097,-43.5565872,rio de janeiro,RJ
23097,-22.8510968,-43.5361387,rio de janeiro,RJ
23098,-22.8701889,-43.5218769,rio de janeiro,RJ
23510,-22.9197344,-43.6714846,rio de janeiro,RJ
23515,-22.9236892,-43.6829259,rio de janeiro,RJ
23520,-22.9362555,-43.6613991,rio de janeiro,RJ
23525,-22.9450355,-43.6769243,rio de janeiro,RJ
23530,-22.9738343,-43.6810762,rio de janeiro,RJ
23535,-22.9790212,-43.6901225,rio de janeiro,RJ
23540,-22.9744680,-43.6965397,rio de janeiro,RJ
23545,-22.9670913,-43.7002656,rio de janeiro,RJ
23547,-22.9324932,-43.6230075,rio de janeiro,RJ
23550,-22.9307112,-43.6894638,rio de janeiro,RJ
23555,-22.9175049,-43.6930872,rio de janeiro,RJ
23560,-22.8989797,-43.6993083,rio de janeiro,RJ
23565,-22.8977617,-43.6966595,rio de janeiro,RJ
23570,-22.9093108,-43.6711197,rio de janeiro,RJ
23573,-22.9131490,-43.6535697,rio de janeiro,RJ
23575,-22.8979897,-43.6685592,rio de janeiro,RJ
23580,-22.9111194,-43.6226416,rio de janeiro,RJ
23585,-22.9245105,-43.6352971,rio de janeiro,RJ
23587,-22.9223808,-43.6295105,rio de janeiro,RJ
23590,-22.9293804,-43.6594935,rio de janeiro,RJ
23591,-22.9311574,-43.6638593,rio de janeiro,RJ
23595,-22.9266840,-43.6293303,rio de janeiro,RJ
23810,-22.8709341,-43.7690127,itaguai,RJ
23811,-22.8647493,-43.7673010,itaguai,RJ
23812,-22.8720597,-43.7709336,itaguai,RJ
23815,-22.8686702,-43.7801395,itaguai,RJ
23819,-22.8390939,-43.7949544,itaguai,RJ
23820,-22.8627805,-43.7852676,itaguai,RJ
23821,-22.8703053,-43.7906414,itaguai,RJ
23822,-22.8616386,-43.7934266,itaguai,RJ
23823,-22.8756059,-43.7884250,itaguai,RJ
23825,-22.8858283,-43.8278558,itaguai,RJ
23826,-22.8956048,-43.8458703,itaguai,RJ
23830,-22.8458672,-43.7833338,itaguai,RJ
23831,-22.8766350,-43.8098513,itaguai,RJ
23832,-22.8553451,-43.7658346,itaguai,RJ
23835,-22.8365816,-43.7650416,itaguai,RJ
23855,-22.8638708,-43.7592343,itaguai,RJ
23860,-22.9477980,-44.0147782,mangaratiba,RJ
23870,-22.9213198,-43.9207571,vila muriqui,RJ
23880,-22.8759641,-43.8379387,itacurussa,RJ
23885,-23.0292161,-44.1638509,conceicao de jacarei,RJ
23890,-22.7876884,-43.6489017,seropedica,RJ
23891,-22.7510965,-43.6688333,seropedica,RJ
23893,-22.7107215,-43.6914023,seropedica,RJ
23894,-22.7410068,-43.6998298,seropedica,RJ
23895,-22.7462740,-43.7085034,seropedica,RJ
23897,-22.7923668,-43.6626401,seropedica,RJ
23898,-22.8079108,-43.6443044,seropedica,RJ
23900,-23.0077509,-44.3163658,angra dos reis,RJ
23902,-23.0095200,-44.3217263,angra dos reis,RJ
23903,-23.0038794,-44.3172544,angra dos reis,RJ
23904,-23.0032586,-44.3116986,angra dos reis,RJ
23905,-22.9813012,-44.3034016,angra dos reis,RJ
23906,-22.9989723,-44.3052935,angra dos reis,RJ
23907,-23.0061815,-44.3024906,angra dos reis,RJ
23909,-23.0166524,-44.3432833,angra dos reis,RJ
23910,-23.0058000,-44.2950000,angra dos reis,RJ
23911,-23.0119423,-44.2793763,angra dos reis,RJ
23912,-22.9958350,-44.2691991,angra dos reis,RJ
23913,-22.9874057,-44.2373961,angra dos reis,RJ
23914,-22.9937176,-44.2378475,angra dos reis,RJ
23915,-22.9903630,-44.2471406,angra dos reis,RJ
23916,-23.0156470,-44.2214799,angra dos reis,RJ
23917,-23.0377367,-44.1965243,angra dos reis,RJ
23918,-23.0337765,-44.1794257,angra dos reis,RJ
23931,-23.0054817,-44.3284688,angra dos reis,RJ
23932,-22.9796546,-44.3000726,angra dos reis,RJ
23933,-22.9733193,-44.2929410,angra dos reis,RJ
23934,-22.9750677,-44.3043314,angra dos reis,RJ
23935,-22.9600102,-44.2865243,angra dos reis,RJ
23936,-22.9658903,-44.3394139,angra dos reis,RJ
23937,-22.9647982,-44.3034802,angra dos reis,RJ
23940,-22.9238487,-44.3664212,angra dos reis,RJ
23942,-22.9493199,-44.3240889,angra dos reis,RJ
23943,-22.9427330,-44.3944010,angra dos reis,RJ
23944,-22.9372433,-44.4146349,angra dos reis,RJ
23946,-22.9689300,-44.4400114,angra dos reis,RJ
23950,-23.0036627,-44.4327392,angra dos reis,RJ
23951,-23.0240903,-44.5146767,angra dos reis,RJ
23952,-23.0173761,-44.5270688,angra dos reis,RJ
23953,-23.0171199,-44.5277793,angra dos reis,RJ
23954,-23.0127199,-44.5371195,angra dos reis,RJ
23955,-23.0084078,-44.5204294,angra dos reis,RJ
23968,-22.9964041,-43.7965405,ilha grande,RJ
23970,-23.2128861,-44.7077801,parati,RJ
23972,-22.8634671,-42.3112808,parati mirim,RJ
24005,-22.8935454,-43.1189577,niteroi,RJ
24007,-21.2059800,-41.8963819,niteroi,RJ
24008,-21.2191463,-41.8778246,niteroi,RJ
24009,-21.2190931,-41.8775055,niteroi,RJ
24020,-22.8937011,-43.1204178,niteroi,RJ
24022,-22.0562233,-42.4996641,niteroi,RJ
24027,-21.2189719,-41.8775235,niteroi,RJ
24030,-22.8886975,-43.1183070,niteroi,RJ
24040,-22.8827356,-43.1234963,niteroi,RJ
24050,-22.8751750,-43.1095603,niteroi,RJ
24060,-22.8859342,-43.1106544,niteroi,RJ
24070,-22.8934862,-43.1108910,niteroi,RJ
24110,-22.8679153,-43.0996055,niteroi,RJ
24111,-22.8639845,-43.0925231,niteroi,RJ
24119,-22.8634349,-43.0972574,niteroi,RJ
24120,-22.8832702,-43.0922740,niteroi,RJ
24130,-22.8792269,-43.0915719,niteroi,RJ
24140,-22.8892675,-43.0486089,niteroi,RJ
24141,-22.8781692,-43.0556416,niteroi,RJ
24202,-22.8954260,-43.1154721,niterói,RJ
24210,-22.9006238,-43.1270729,niteroi,RJ
24211,-21.2209948,-41.8919796,niteroi,RJ
24220,-22.9032448,-43.1070236,niteroi,RJ
24230,-22.8786369,-43.0860961,niteroi,RJ
24240,-22.8972372,-43.0991576,niteroi,RJ
24241,-22.9042198,-43.0915807,niteroi,RJ
24310,-22.9110328,-43.0674268,niteroi,RJ
24315,-22.9016848,-43.0689150,niteroi,RJ
24320,-22.9028232,-43.0508581,niteroi,RJ
24322,-22.8963231,-43.0384577,niteroi,RJ
24325,-22.8305640,-43.0451960,niteroi,RJ
24330,-22.9011995,-42.9911746,niteroi,RJ
24340,-22.9476544,-43.0336509,niteroi,RJ
24342,-22.9373916,-43.0221464,niteroi,RJ
24344,-22.9368598,-43.0149152,niteroi,RJ
24346,-22.9492304,-43.0280552,niteroi,RJ
24348,-22.9704027,-43.0321329,niteroi,RJ
24350,-22.9406169,-43.0654540,niteroi,RJ
24355,-22.9411556,-43.0431342,niteroi,RJ
24358,-22.9541056,-43.0680054,niteroi,RJ
24360,-22.8309887,-43.0308608,niteroi,RJ
24365,-22.9122432,-43.0815093,niteroi,RJ
24370,-22.9246648,-43.0998699,niteroi,RJ
24400,-22.8226573,-43.0454753,sao goncalo,RJ
24410,-22.8596533,-43.0807823,sao goncalo,RJ
24411,-22.8575374,-43.0816903,sao goncalo,RJ
24412,-22.8475002,-43.0754246,sao goncalo,RJ
24415,-22.8408577,-43.0762355,sao goncalo,RJ
24416,-22.8400981,-43.0677833,sao goncalo,RJ
24417,-22.8454109,-43.0501397,sao goncalo,RJ
24420,-22.8356965,-43.0466594,sao goncalo,RJ
24421,-22.8306561,-43.0420414,sao goncalo,RJ
24422,-22.8277266,-43.0288990,sao goncalo,RJ
24425,-22.8526956,-43.0901462,sao goncalo,RJ
24426,-22.8404112,-43.0866028,sao goncalo,RJ
24430,-22.8300922,-43.0856528,sao goncalo,RJ
24431,-22.8284386,-43.0806471,sao goncalo,RJ
24435,-22.8274819,-43.0698152,sao goncalo,RJ
24436,-22.8212475,-43.0669488,sao goncalo,RJ
24440,-22.8271492,-43.0539481,sao goncalo,RJ
24445,-22.8192617,-43.0347652,sao goncalo,RJ
24450,-22.8231691,-43.0200282,sao goncalo,RJ
24451,-22.8293513,-43.0139954,sao goncalo,RJ
24452,-22.8192915,-43.0063584,sao goncalo,RJ
24455,-22.8087802,-43.0258668,sao goncalo,RJ
24456,-22.8092957,-43.0160404,sao goncalo,RJ
24457,-22.8066242,-43.0126568,sao goncalo,RJ
24460,-22.8147876,-43.0432994,sao goncalo,RJ
24461,-22.8033505,-43.0358183,sao goncalo,RJ
24465,-22.8194914,-43.0551638,sao goncalo,RJ
24466,-22.8111235,-43.0623695,sao goncalo,RJ
24467,-22.8053083,-43.0526479,sao goncalo,RJ
24470,-22.7962903,-43.0453139,sao goncalo,RJ
24471,-22.7856008,-43.0459364,sao goncalo,RJ
24472,-22.7893152,-43.0385039,sao goncalo,RJ
24473,-22.7879882,-43.0323562,sao goncalo,RJ
24474,-22.7949693,-43.0244143,sao goncalo,RJ
24475,-22.7772678,-43.0274463,sao goncalo,RJ
24476,-22.7709982,-43.0157589,sao goncalo,RJ
24710,-22.8226243,-43.0030937,sao goncalo,RJ
24711,-22.8189069,-42.9975120,sao goncalo,RJ
24715,-22.8027677,-42.9902818,sao goncalo,RJ
24716,-22.7898806,-43.0042805,sao goncalo,RJ
24717,-22.8080299,-43.0030340,sao goncalo,RJ
24720,-22.8132178,-42.9874103,sao goncalo,RJ
24721,-22.8014957,-42.9839086,sao goncalo,RJ
24722,-22.7965017,-42.9762299,sao goncalo,RJ
24723,-22.8176236,-42.9467636,sao goncalo,RJ
24724,-22.8057690,-42.9572672,sao goncalo,RJ
24725,-22.8114562,-42.9722086,sao goncalo,RJ
24726,-22.7885117,-42.9585658,sao goncalo,RJ
24727,-22.7833565,-42.9457216,sao goncalo,RJ
24730,-22.8290469,-42.9878425,sao goncalo,RJ
24731,-22.8228114,-42.9868511,sao goncalo,RJ
24732,-22.8270645,-42.9738977,sao goncalo,RJ
24733,-22.8290566,-42.9725472,são gonçalo,RJ
24734,-22.8294718,-42.9607570,sao goncalo,RJ
24735,-22.8458839,-42.9542631,sao goncalo,RJ
24736,-22.8200334,-42.9699222,sao goncalo,RJ
24737,-22.8416239,-42.9623132,sao goncalo,RJ
24738,-22.8517857,-42.9435428,sao goncalo,RJ
24740,-22.8329530,-42.9972467,sao goncalo,RJ
24741,-22.8413243,-42.9977521,sao goncalo,RJ
24742,-22.8387666,-43.0037952,sao goncalo,RJ
24743,-22.8459984,-42.9970676,sao goncalo,RJ
24744,-22.8423002,-43.0121432,sao goncalo,RJ
24745,-22.8528010,-43.0045440,sao goncalo,RJ
24746,-22.8390670,-42.9878928,sao goncalo,RJ
24750,-22.8546367,-43.0225844,sao goncalo,RJ
24751,-22.8678255,-43.0027491,sao goncalo,RJ
24752,-22.8822591,-42.9843617,sao goncalo,RJ
24753,-22.8862870,-42.9916687,sao goncalo,RJ
24754,-22.8723546,-43.0274328,sao goncalo,RJ
24755,-22.8592665,-43.0153079,sao goncalo,RJ
24756,-22.8859334,-43.0119831,sao goncalo,RJ
24800,-22.7424813,-42.8572108,itaborai,RJ
24801,-22.7395794,-42.8470134,itaborai,RJ
24802,-22.7290069,-42.8346684,itaborai,RJ
24803,-22.7327060,-42.8299851,itaborai,RJ
24804,-22.7470905,-42.8434221,itaborai,RJ
24805,-22.7353315,-42.8388377,itaborai,RJ
24806,-22.7515323,-42.8488985,itaborai,RJ
24808,-22.7567762,-42.8554197,itaborai,RJ
24809,-22.7657605,-42.8981873,itaborai,RJ
24812,-22.7501963,-42.8718772,itaborai,RJ
24813,-22.7541176,-42.8888355,itaborai,RJ
24815,-22.7356597,-42.8694393,itaborai,RJ
24830,-22.7113078,-42.8733143,itaborai,RJ
24840,-22.7189052,-42.8638657,itaborai,RJ
24845,-22.7860902,-42.8233236,itaborai,RJ
24846,-22.7153856,-42.8063858,itaborai,RJ
24850,-22.8089596,-42.8856793,itaboraí,RJ
24851,-22.8201554,-42.8928462,itaborai,RJ
24855,-22.7734597,-42.9156544,itaborai,RJ
24856,-22.7580791,-42.9106331,itaborai,RJ
24857,-22.7605349,-42.9314870,itaborai,RJ
24858,-22.7720994,-42.9226431,itaborai,RJ
24859,-22.7734023,-42.9098477,itaborai,RJ
24860,-22.7852725,-42.9198037,itaborai,RJ
24865,-22.7427597,-42.9166809,itaborai,RJ
24866,-22.7337312,-42.9327653,itaborai,RJ
24867,-22.7606544,-42.8713086,itaborai,RJ
24868,-22.7278461,-42.9511281,itaborai,RJ
24875,-22.7171448,-42.8875538,itaborai,RJ
24876,-22.7125342,-42.8954047,itaborai,RJ
24877,-22.7456129,-42.8844794,itaborai,RJ
24890,-22.7352187,-42.7278476,tangua,RJ
24900,-22.9196181,-42.8397896,marica,RJ
24901,-22.9236083,-42.8198571,marica,RJ
24902,-22.9270054,-42.8293157,marica,RJ
24903,-22.9116696,-42.8060973,marica,RJ
24904,-22.9105969,-42.8170462,marica,RJ
24905,-22.9345352,-42.9117529,marica,RJ
24908,-22.8989757,-42.8076153,marica,RJ
24909,-22.9137041,-42.8100459,marica,RJ
24910,-22.8959530,-42.8424333,marica,RJ
24911,-22.9026395,-42.8355918,marica,RJ
24912,-22.9111255,-42.8337756,marica,RJ
24913,-22.9142830,-42.8345633,marica,RJ
24914,-22.9234540,-42.8576025,marica,RJ
24915,-22.9559845,-42.8076154,marica,RJ
24916,-22.9445763,-42.8284413,marica,RJ
24917,-22.9718983,-42.9306040,marica,RJ
24921,-22.9526098,-42.8088726,marica,RJ
24922,-22.9485657,-42.7034324,marica,RJ
24923,-22.9552500,-42.6914365,marica,RJ
24924,-22.9127119,-42.7018168,marica,RJ
24927,-22.8973948,-42.7845378,marica,RJ
24930,-22.9261078,-42.8985036,marica,RJ
24931,-22.9346489,-42.8822804,marica,RJ
24932,-22.9172757,-42.8950051,marica,RJ
24933,-22.9565930,-42.8834944,marica,RJ
24934,-22.9462212,-42.8864595,marica,RJ
24935,-22.9509706,-42.9468334,marica,RJ
24936,-22.9542782,-42.9671189,marica,RJ
24937,-22.9511520,-42.9937613,marica,RJ
24938,-22.9353641,-42.9710462,marica,RJ
24939,-22.9177153,-42.9581118,marica,RJ
24940,-22.9260050,-42.9400140,marica,RJ
24941,-22.9132211,-42.8379591,marica,RJ
24942,-22.9310257,-42.9227211,marica,RJ
24943,-22.9094831,-42.9258268,marica,RJ
24944,-22.8955202,-42.9369407,marica,RJ
25010,-22.7904693,-43.3148145,duque de caxias,RJ
25011,-22.7914747,-43.3130081,duque de caxias,RJ
25015,-22.7802225,-43.3166054,duque de caxias,RJ
25020,-22.7789442,-43.3086235,duque de caxias,RJ
25025,-22.7845627,-43.3231361,duque de caxias,RJ
25030,-22.7735214,-43.3113968,duque de caxias,RJ
25035,-22.7553387,-43.3085317,duque de caxias,RJ
25036,-22.7495958,-43.3162048,duque de caxias,RJ
25040,-22.7409006,-43.3154672,duque de caxias,RJ
25041,-22.7357808,-43.3181276,duque de caxias,RJ
25042,-22.7359199,-43.3119360,duque de caxias,RJ
25044,-22.6735539,-43.2848257,duque de caxias,RJ
25045,-22.7228183,-43.3139158,duque de caxias,RJ
25046,-22.7235112,-43.3214864,duque de caxias,RJ
25050,-22.7533045,-43.2969964,duque de caxias,RJ
25051,-22.7612679,-43.2929856,duque de caxias,RJ
25055,-22.7573966,-43.2816691,duque de caxias,RJ
25056,-22.7544648,-43.2770475,duque de caxias,RJ
25060,-22.7640576,-43.3004131,duque de caxias,RJ
25065,-22.7574078,-43.2868707,duque de caxias,RJ
25070,-22.7801628,-43.3043036,duque de caxias,RJ
25071,-22.7854069,-43.3018370,duque de caxias,RJ
25075,-22.7741250,-43.2909266,duque de caxias,RJ
25080,-22.7596857,-43.2929706,duque de caxias,RJ
25081,-22.6169541,-43.3064764,duque de caxias,RJ
25085,-22.7958342,-43.2915262,duque de caxias,RJ
25086,-22.7541219,-43.2864715,duque de caxias,RJ
25211,-22.6706681,-43.2625556,duque de caxias,RJ
25212,-22.6764736,-43.2570200,duque de caxias,RJ
25213,-22.6749107,-43.2762004,duque de caxias,RJ
25214,-22.6897319,-43.2663696,duque de caxias,RJ
25215,-22.6825908,-43.2740414,duque de caxias,RJ
25220,-22.6854301,-43.2466554,duque de caxias,RJ
25221,-22.6980040,-43.2481054,duque de caxias,RJ
25222,-22.6743995,-43.2456066,duque de caxias,RJ
25223,-22.6833225,-43.2539536,duque de caxias,RJ
25225,-22.6963233,-43.2711846,duque de caxias,RJ
25230,-22.6897416,-43.2826887,duque de caxias,RJ
25231,-22.6835638,-43.2990690,duque de caxias,RJ
25233,-22.7035074,-43.2995792,duque de caxias,RJ
25235,-22.7028644,-43.3160002,duque de caxias,RJ
25237,-22.7535749,-43.3058931,duque de caxias,RJ
25240,-22.6456332,-43.2870914,duque de caxias,RJ
25241,-22.5712080,-43.3126845,duque de caxias,RJ
25243,-22.6595249,-43.2963323,duque de caxias,RJ
25245,-22.5912861,-43.3122981,duque de caxias,RJ
25250,-22.6072861,-43.2985747,duque de caxias,RJ
25251,-22.6541060,-43.2779927,duque de caxias,RJ
25253,-22.6120602,-43.2818528,duque de caxias,RJ
25255,-22.6445391,-43.2786019,duque de caxias,RJ
25260,-22.6536274,-43.2758897,duque de caxias,RJ
25261,-22.6453038,-43.2620337,duque de caxias,RJ
25264,-22.6452011,-43.2373669,duque de caxias,RJ
25265,-22.6495506,-43.2303413,duque de caxias,RJ
25266,-22.6387673,-43.2218184,duque de caxias,RJ
25267,-22.6351708,-43.2473533,duque de caxias,RJ
25268,-22.6526962,-43.2761256,duque de caxias,RJ
25270,-22.6238746,-43.2398147,duque de caxias,RJ
25271,-22.6374611,-43.2261758,duque de caxias,RJ
25272,-22.6242591,-43.2165213,duque de caxias,RJ
25275,-22.6388778,-43.2269254,duque de caxias,RJ
25510,-22.7906468,-43.3756434,sao joao de meriti,RJ
25515,-22.7976561,-43.3642750,sao joao de meriti,RJ
25520,-22.8036702,-43.3754619,sao joao de meriti,RJ
25525,-22.7961291,-43.3827519,sao joao de meriti,RJ
25530,-22.8059734,-43.3903648,sao joao de meriti,RJ
25535,-22.7911590,-43.4026109,sao joao de meriti,RJ
25540,-22.7840155,-43.3970323,sao joao de meriti,RJ
25545,-22.7896529,-43.3481721,sao joao de meriti,RJ
25550,-22.7751933,-43.3829298,sao joao de meriti,RJ
25555,-22.7813004,-43.3704084,sao joao de meriti,RJ
25560,-22.7700341,-43.3698619,sao joao de meriti,RJ
25561,-22.7686015,-43.3768933,sao joao de meriti,RJ
25565,-22.7831536,-43.3597900,sao joao de meriti,RJ
25570,-22.7677555,-43.3516488,sao joao de meriti,RJ
25571,-22.7644287,-43.3463496,sao joao de meriti,RJ
25575,-22.7705247,-43.3408706,sao joao de meriti,RJ
25576,-22.7782871,-43.3522441,sao joao de meriti,RJ
25580,-22.7833514,-43.3412415,sao joao de meriti,RJ
25581,-22.7884574,-43.3470978,sao joao de meriti,RJ
25585,-22.7936735,-43.3381681,sao joao de meriti,RJ
25586,-22.7985417,-43.3376013,sao joao de meriti,RJ
25610,-22.5021836,-43.1684345,petropolis,RJ
25615,-22.4961142,-43.1562044,petropolis,RJ
25620,-22.5102308,-43.1754439,petropolis,RJ
25625,-22.5158249,-43.1713672,petropolis,RJ
25630,-22.5242479,-43.1616171,petropolis,RJ
25635,-22.5290271,-43.1766110,petropolis,RJ
25638,-22.5276131,-43.1722013,petropolis,RJ
25640,-22.5227991,-43.1835662,petropolis,RJ
25645,-22.5407965,-43.2012351,petropolis,RJ
25650,-22.5310382,-43.2123094,petropolis,RJ
25651,-22.5247443,-43.2116036,petropolis,RJ
25655,-22.5204498,-43.1910123,petropolis,RJ
25660,-22.5120382,-43.2047259,petropolis,RJ
25665,-22.5091863,-43.2198275,petropolis,RJ
25670,-22.4895070,-43.2104144,petropolis,RJ
25675,-22.4969846,-43.2006073,petropolis,RJ
25680,-22.4896372,-43.1837627,petropolis,RJ
25684,-22.5073302,-43.1925459,petropolis,RJ
25685,-22.5081316,-43.1814147,petropolis,RJ
25689,-22.5091090,-43.1874671,petropolis,RJ
25710,-22.4755626,-43.1483702,petropolis,RJ
25715,-22.4715097,-43.1620278,petropolis,RJ
25716,-22.4802641,-43.1552295,petropolis,RJ
25720,-22.4322293,-43.1408604,petropolis,RJ
25725,-22.4278940,-43.2013898,petropolis,RJ
25730,-22.4086081,-43.1314091,petropolis,RJ
25740,-22.3746454,-43.1290937,petropolis,RJ
25745,-22.3915194,-43.1082936,petropolis,RJ
25750,-22.3385293,-43.1289988,petropolis,RJ
25755,-22.3324125,-43.1680211,petropolis,RJ
25770,-22.2688927,-43.0768126,petropolis,RJ
25780,-22.1739735,-42.9367890,sao jose do vale do rio preto,RJ
25802,-22.1172559,-43.2058604,tres rios,RJ
25803,-22.1170817,-43.2119245,tres rios,RJ
25804,-22.1175568,-43.2111713,tres rios,RJ
25805,-22.1139658,-43.2137625,tres rios,RJ
25806,-22.1163433,-43.2225242,tres rios,RJ
25807,-22.1084949,-43.2087534,tres rios,RJ
25808,-22.1037687,-43.2085781,tres rios,RJ
25809,-22.1008817,-43.2157325,tres rios,RJ
25810,-22.0902777,-43.2174113,tres rios,RJ
25811,-22.1059679,-43.1868424,tres rios,RJ
25812,-22.1053429,-43.1922167,tres rios,RJ
25815,-22.1104338,-43.1967688,tres rios,RJ
25820,-22.1160651,-43.1886346,tres rios,RJ
25821,-22.1219808,-43.1730483,tres rios,RJ
25845,-22.2437080,-43.0985492,areal,RJ
25850,-22.1642899,-43.2922201,paraiba do sul,RJ
25860,-22.2170477,-43.3152182,werneck,RJ
25870,-22.0339418,-43.2127663,comendador levy gasparian,RJ
25875,-22.0122244,-43.3371231,afonso arinos,RJ
25880,-21.9912984,-42.9077042,sapucaia,RJ
25882,-22.1844454,-43.0244877,anta,RJ
25884,-22.4021495,-43.1918338,piao,RJ
25886,-21.5419633,-43.8935879,nossa senhora da aparecida,RJ
25887,-22.2096774,-42.7947665,jamapara,RJ
25900,-22.6514195,-43.0665579,mage,RJ
25901,-22.6483386,-43.0583438,mage,RJ
25902,-22.6595457,-43.1168274,mage,RJ
25903,-22.6418658,-43.0724521,mage,RJ
25904,-22.6518147,-43.0536126,mage,RJ
25905,-22.6613909,-43.0352508,mage,RJ
25907,-22.6385544,-43.1600018,mage,RJ
25908,-22.6581561,-43.1190267,mage,RJ
25911,-22.5590721,-43.0449231,mage,RJ
25912,-22.5701940,-43.0587454,mage,RJ
25914,-22.5938128,-43.0693028,mage,RJ
25915,-22.6897399,-43.3463948,piabeta,RJ
25916,-22.6151152,-43.1248410,mage,RJ
25917,-22.8275702,-43.4073907,mage,RJ
25920,-22.6881478,-43.1066794,mage,RJ
25921,-22.6525358,-43.1265010,mage,RJ
25922,-22.6600386,-43.1347885,mage,RJ
25924,-22.6794612,-43.1676389,mage,RJ
25925,-22.6936828,-43.1097927,mage,RJ
25926,-22.7014240,-43.1595252,mage,RJ
25927,-22.5808586,-43.0240052,mage,RJ
25928,-22.6360168,-43.0253433,mage,RJ
25930,-22.6835847,-43.1605347,mage,RJ
25931,-22.6152685,-43.1712116,mage,RJ
25932,-22.6064146,-43.1647992,mage,RJ
25933,-22.5897254,-43.1838131,mage,RJ
25935,-22.6159332,-43.1797572,mage,RJ
25936,-22.6208649,-43.1920379,mage,RJ
25937,-22.6437383,-43.1829441,mage,RJ
25938,-22.6545713,-43.2033318,mage,RJ
25940,-22.6179319,-43.0041288,guapimirim,RJ
25941,-22.6258667,-43.0106778,guapimirim,RJ
25942,-22.5891848,-43.0087212,guapimirim,RJ
25943,-22.5510149,-42.9844205,guapimirim,RJ
25945,-22.5289341,-42.9854428,guapimirim,RJ
25946,-22.5277181,-42.9782663,guapimirim,RJ
25947,-22.5216050,-42.9670644,guapimirim,RJ
25948,-22.5166672,-42.9775828,guapimirim,RJ
25949,-22.5145467,-42.9690275,guapimirim,RJ
25953,-22.4119495,-42.9664149,teresopolis,RJ
25954,-22.4324450,-42.9482349,teresopolis,RJ
25955,-22.4216897,-42.9672410,teresopolis,RJ
25956,-22.4289516,-42.9651646,teresopolis,RJ
25957,-22.4311841,-42.9702211,teresopolis,RJ
25958,-22.4473128,-42.9711097,teresopolis,RJ
25959,-22.4518957,-42.9803678,teresopolis,RJ
25960,-22.4438838,-42.9819930,teresopolis,RJ
25961,-22.4367273,-42.9805722,teresopolis,RJ
25963,-22.4176773,-42.9767214,teresopolis,RJ
25964,-22.4279151,-42.9813656,teresopolis,RJ
25965,-22.4020629,-42.9757253,teresopolis,RJ
25966,-22.4013706,-42.9910019,teresopolis,RJ
25970,-22.3916281,-42.9956173,teresopolis,RJ
25973,-22.3795318,-42.9723288,teresopolis,RJ
25974,-22.3820450,-42.9802652,teresopolis,RJ
25975,-22.4133453,-42.9459503,teresopolis,RJ
25976,-22.3930121,-42.9485660,teresopolis,RJ
25977,-22.3628571,-42.8998013,teresopolis,RJ
25980,-22.3052037,-42.8883384,teresopolis,RJ
25985,-22.1339420,-42.7797476,teresopolis,RJ
25990,-22.4123371,-42.9833071,teresopolis,RJ
25995,-22.3885927,-42.9187603,teresopolis,RJ
26010,-22.7551063,-43.4285833,nova iguacu,RJ
26011,-22.7487851,-43.4316811,nova iguacu,RJ
26012,-22.7391201,-43.4389238,nova iguacu,RJ
26013,-22.7456751,-43.4438880,nova iguacu,RJ
26014,-22.7097697,-43.4623984,nova iguaçu,RJ
26015,-22.7449870,-43.4391149,nova iguacu,RJ
26020,-22.7330779,-43.4496139,nova iguacu,RJ
26021,-22.7265203,-43.4396354,nova iguacu,RJ
26022,-22.7322324,-43.4606767,nova iguacu,RJ
26023,-22.7184545,-43.4533301,nova iguacu,RJ
26025,-22.7306291,-43.4414157,nova iguacu,RJ
26030,-22.7292777,-43.4632255,nova iguacu,RJ
26031,-22.7331449,-43.4756430,nova iguacu,RJ
26032,-22.7311685,-43.4796972,nova iguacu,RJ
26033,-22.7229561,-43.4618987,nova iguacu,RJ
26035,-22.7227796,-43.4664552,nova iguacu,RJ
26040,-22.7154770,-43.4549745,nova iguacu,RJ
26041,-22.7097887,-43.4656579,nova iguacu,RJ
26042,-22.7084013,-43.4791403,nova iguacu,RJ
26043,-22.7010098,-43.4776199,nova iguacu,RJ
26050,-22.6923339,-43.4678329,nova iguacu,RJ
26051,-22.6937093,-43.4556937,nova iguacu,RJ
26052,-22.6826617,-43.4476343,nova iguacu,RJ
26053,-22.6764248,-43.4651484,nova iguacu,RJ
26055,-22.6708873,-43.4468208,nova iguacu,RJ
26060,-22.7059603,-43.4442609,nova iguacu,RJ
26061,-22.6950217,-43.4413438,nova iguacu,RJ
26062,-22.6632992,-43.4219065,nova iguacu,RJ
26063,-22.7186987,-43.4770407,nova iguacu,RJ
26064,-22.7001783,-43.4391190,nova iguacu,RJ
26065,-22.7036568,-43.4421625,nova iguaçu,RJ
26070,-22.7122616,-43.4339780,nova iguacu,RJ
26080,-22.7254666,-43.5110830,nova iguacu,RJ
26082,-22.7308499,-43.5016290,nova iguacu,RJ
26083,-22.7396252,-43.5113035,nova iguacu,RJ
26084,-22.7288301,-43.5166286,nova iguacu,RJ
26085,-22.7378824,-43.5406265,nova iguacu,RJ
26086,-22.7274951,-43.5233499,nova iguacu,RJ
26087,-22.7162889,-43.5153057,nova iguacu,RJ
26088,-22.7099946,-43.5208143,nova iguacu,RJ
26089,-22.7169384,-43.5117250,nova iguacu,RJ
26092,-22.6566610,-43.5299285,nova iguacu,RJ
26099,-22.6905721,-43.4395167,nova iguacu,RJ
26110,-22.7556725,-43.3693049,belford roxo,RJ
26112,-22.7488908,-43.4021886,belford roxo,RJ
26113,-22.7524999,-43.3948969,belford roxo,RJ
26115,-22.7410260,-43.3905891,belford roxo,RJ
26116,-22.7440304,-43.3868616,belford roxo,RJ
26120,-22.7409513,-43.4073758,belford roxo,RJ
26123,-22.7375592,-43.4071592,belford roxo,RJ
26125,-22.7330915,-43.4011890,belford roxo,RJ
26127,-22.7241738,-43.4152372,belford roxo,RJ
26130,-22.7645204,-43.4032427,belford roxo,RJ
26131,-22.7685659,-43.3988689,belford roxo,RJ
26135,-22.7488379,-43.4110955,belford roxo,RJ
26140,-22.7386455,-43.4177392,belford roxo,RJ
26143,-22.7277792,-43.4190798,belford roxo,RJ
26145,-22.7012955,-43.3942092,belford roxo,RJ
26150,-22.7168903,-43.4114331,belford roxo,RJ
26153,-22.7138671,-43.4253429,belford roxo,RJ
26155,-22.7214959,-43.4023675,belford roxo,RJ
26157,-22.7139899,-43.4045879,belford roxo,RJ
26160,-22.7303649,-43.3908471,belford roxo,RJ
26163,-22.7180286,-43.3886646,belford roxo,RJ
26165,-22.7300486,-43.3840140,belford roxo,RJ
26167,-22.7338153,-43.3786983,belford roxo,RJ
26170,-22.7353087,-43.3689986,belford roxo,RJ
26171,-22.7320093,-43.3635975,belford roxo,RJ
26172,-22.7277973,-43.3698853,belford roxo,RJ
26173,-22.7293975,-43.3564693,belford roxo,RJ
26175,-22.7237126,-43.3421822,belford roxo,RJ
26176,-22.7289257,-43.3704249,belford roxo,RJ
26177,-22.7169555,-43.3594206,belford roxo,RJ
26178,-22.7170801,-43.3762194,belford roxo,RJ
26180,-22.7093099,-43.3403968,belford roxo,RJ
26182,-22.7078441,-43.3388719,belford roxo,RJ
26183,-22.7188416,-43.3359504,belford roxo,RJ
26185,-22.7123068,-43.3346366,belford roxo,RJ
26187,-22.7316832,-43.3490227,belford roxo,RJ
26190,-22.7380541,-43.3378429,belford roxo,RJ
26193,-22.7437150,-43.3418157,belford roxo,RJ
26195,-22.7558874,-43.3565727,belford roxo,RJ
26196,-22.7478895,-43.3652395,belford roxo,RJ
26210,-22.7558765,-43.4501131,nova iguacu,RJ
26215,-22.7493838,-43.4437318,nova iguacu,RJ
26216,-22.7511116,-43.4601190,nova iguacu,RJ
26220,-22.7584057,-43.4429577,nova iguacu,RJ
26221,-22.7618953,-43.4413252,nova iguacu,RJ
26225,-22.7649749,-43.4386721,nova iguacu,RJ
26230,-22.7543434,-43.4287438,nova iguacu,RJ
26250,-22.7658060,-43.4441339,nova iguacu,RJ
26255,-22.7608389,-43.4566510,nova iguacu,RJ
26256,-22.7564140,-43.4680579,nova iguacu,RJ
26260,-22.7575145,-43.4741841,nova iguacu,RJ
26261,-22.7594539,-43.4828799,nova iguacu,RJ
26262,-22.7586595,-43.4686550,nova iguacu,RJ
26263,-22.7511163,-43.4803664,nova iguacu,RJ
26265,-22.7624017,-43.4918999,nova iguacu,RJ
26266,-22.7614908,-43.4998373,nova iguacu,RJ
26270,-22.7717869,-43.5137370,nova iguacu,RJ
26271,-22.7653881,-43.5137403,nova iguacu,RJ
26272,-22.7612682,-43.5046024,nova iguacu,RJ
26275,-22.7585222,-43.5081270,nova iguacu,RJ
26276,-22.7476554,-43.5004520,nova iguacu,RJ
26277,-22.7536587,-43.5056821,nova iguacu,RJ
26278,-22.7509503,-43.5104936,nova iguacu,RJ
26279,-22.7463408,-43.5159994,nova iguacu,RJ
26280,-22.7434555,-43.4820593,nova iguacu,RJ
26281,-22.7390515,-43.4746967,nova iguacu,RJ
26282,-22.7432678,-43.4708043,nova iguacu,RJ
26285,-22.7492610,-43.4574348,nova iguacu,RJ
26286,-22.7491937,-43.4695461,nova iguacu,RJ
26290,-22.7692390,-43.5253085,nova iguacu,RJ
26291,-22.7759222,-43.5355252,nova iguacu,RJ
26292,-22.7651117,-43.5590262,nova iguacu,RJ
26293,-22.7924908,-43.5752468,nova iguacu,RJ
26294,-22.7898008,-43.5417356,nova iguacu,RJ
26295,-22.7856464,-43.5687890,nova iguacu,RJ
26296,-22.8001256,-43.5935834,nova iguacu,RJ
26297,-22.8131525,-43.5888405,nova iguacu,RJ
26298,-22.8212896,-43.5839170,nova iguacu,RJ
26299,-22.8410362,-43.6151580,nova iguacu,RJ
26310,-22.7176904,-43.5640659,queimados,RJ
26311,-22.7230668,-43.5775312,queimados,RJ
26313,-22.7239869,-43.5685922,queimados,RJ
26315,-22.7267499,-43.5884264,queimados,RJ
26316,-22.6917030,-43.5946664,queimados,RJ
26317,-22.7150526,-43.5849653,queimados,RJ
26320,-22.7095068,-43.5802791,queimados,RJ
26321,-22.7081916,-43.5735177,queimados,RJ
26323,-22.7218804,-43.5612011,queimados,RJ
26325,-22.7204660,-43.5567973,queimados,RJ
26327,-22.7196172,-43.5490139,queimados,RJ
26330,-22.7356944,-43.5421972,queimados,RJ
26343,-22.7441832,-43.5362733,queimados,RJ
26357,-22.7209228,-43.5500601,queimados,RJ
26373,-22.7465403,-43.6207658,queimados,RJ
26375,-22.7393150,-43.5806816,queimados,RJ
26376,-22.7377637,-43.5721123,queimados,RJ
26377,-22.7338461,-43.5589185,queimados,RJ
26379,-22.7370149,-43.5636187,queimados,RJ
26380,-22.7074763,-43.5507108,queimados,RJ
26381,-22.6969098,-43.5574162,queimados,RJ
26382,-22.6923313,-43.5318167,queimados,RJ
26383,-22.7078697,-43.5613156,queimados,RJ
26385,-22.7057439,-43.5565621,queimados,RJ
26387,-22.7053957,-43.5373690,queimados,RJ
26393,-22.7116487,-43.5582499,queimados,RJ
26410,-22.7032200,-43.6306175,japeri,RJ
26413,-22.6963334,-43.6266414,japeri,RJ
26415,-22.6843860,-43.6218567,japeri,RJ
26420,-22.6845077,-43.6153232,japeri,RJ
26423,-22.6809779,-43.6113565,japeri,RJ
26425,-22.6832083,-43.6136514,japeri,RJ
26430,-22.6881718,-43.6064594,japeri,RJ
26433,-22.6502508,-43.6535512,japeri,RJ
26435,-22.6489974,-43.6581310,japeri,RJ
26440,-22.6438955,-43.6430082,japeri,RJ
26443,-22.6448068,-43.6579460,japeri,RJ
26445,-22.6744940,-43.6081322,japeri,RJ
26450,-22.6632076,-43.6107763,japeri,RJ
26453,-22.6695105,-43.6145255,japeri,RJ
26455,-22.6737324,-43.5980457,japeri,RJ
26460,-22.6716426,-43.5908818,japeri,RJ
26463,-22.6807263,-43.5967035,japeri,RJ
26465,-22.6719664,-43.5904722,japeri,RJ
26470,-22.6795455,-43.5930412,japeri,RJ
26473,-22.6575316,-43.5368458,japeri,RJ
26475,-22.6777793,-43.6022203,japeri,RJ
26480,-22.6679169,-43.5857733,japeri,RJ
26510,-22.8166283,-43.4163250,nilopolis,RJ
26511,-22.8167052,-43.4171732,nilopolis,RJ
26515,-22.8202772,-43.4227091,nilopolis,RJ
26520,-22.8124923,-43.4290963,nilopolis,RJ
26521,-22.8095007,-43.4325015,nilopolis,RJ
26525,-22.8057066,-43.4230791,nilopolis,RJ
26526,-22.8042571,-43.4210906,nilopolis,RJ
26530,-22.8016422,-43.4160179,nilopolis,RJ
26535,-22.7997601,-43.4104745,nilopolis,RJ
26540,-22.8079479,-43.4077310,nilopolis,RJ
26545,-22.8138211,-43.4023528,nilopolis,RJ
26550,-22.7707574,-43.4312991,mesquita,RJ
26551,-22.7817071,-43.4255224,mesquita,RJ
26553,-22.7863225,-43.4313851,mesquita,RJ
26554,-22.7908922,-43.4369222,mesquita,RJ
26556,-22.7777660,-43.4366235,mesquita,RJ
26557,-22.7711058,-43.4363887,mesquita,RJ
26560,-22.7728722,-43.4249755,mesquita,RJ
26562,-22.7700649,-43.4223397,mesquita,RJ
26564,-22.7732813,-43.4178171,mesquita,RJ
26570,-22.7781468,-43.4171343,mesquita,RJ
26572,-22.7846703,-43.4115055,mesquita,RJ
26574,-22.7776772,-43.4038670,mesquita,RJ
26580,-22.7872763,-43.4210479,mesquita,RJ
26582,-22.7917863,-43.4158937,mesquita,RJ
26584,-22.7970519,-43.4265860,mesquita,RJ
26585,-22.7983508,-43.4347504,mesquita,RJ
26587,-22.8046214,-43.4357429,mesquita,RJ
26600,-22.6148338,-43.7056834,paracambi,RJ
26650,-22.5372650,-43.6657992,engenheiro paulo de frontin,RJ
26660,-22.4843949,-43.6023061,sacra familia do tingua,RJ
26700,-22.5260463,-43.7332238,mendes,RJ
26900,-22.4555166,-43.4700830,miguel pereira,RJ
26910,-22.4769922,-43.4992742,governador portela,RJ
26920,-22.5465682,-43.5788454,conrado,RJ
26950,-22.4209571,-43.4210684,paty do alferes,RJ
26980,-22.3283936,-43.4127919,avelar,RJ
27110,-22.4742095,-43.8355685,barra do pirai,RJ
27113,-22.4664685,-43.8347575,barra do pirai,RJ
27115,-22.4582199,-43.8208427,barra do pirai,RJ
27120,-22.4627485,-43.8153509,barra do pirai,RJ
27123,-22.4741658,-43.8303681,barra do pirai,RJ
27130,-22.4640893,-43.8139445,barra do pirai,RJ
27135,-22.4714735,-43.8217608,barra do pirai,RJ
27140,-22.4815752,-43.8156547,barra do pirai,RJ
27143,-22.5085240,-43.8089054,barra do pirai,RJ
27145,-22.4800373,-43.8211570,barra do pirai,RJ
27150,-22.4857106,-43.8298514,barra do pirai,RJ
27155,-22.5012761,-43.9282790,vargem alegre,RJ
27160,-22.5270736,-43.8473175,dorandia,RJ
27163,-21.5176551,-43.8524629,california da barra,RJ
27165,-21.0677569,-45.0734402,sao jose do turvo,RJ
27170,-22.3770256,-43.8682922,ipiabas,RJ
27175,-22.6250010,-43.8966634,pirai,RJ
27185,-22.5945897,-44.0307961,arrozal,RJ
27195,-22.5256165,-43.8155907,santanesia,RJ
27197,-22.5119921,-44.0068173,pinheiral,RJ
27210,-22.4885548,-44.0719111,volta redonda,RJ
27211,-22.4868633,-44.0792198,volta redonda,RJ
27212,-22.4972797,-44.0739176,volta redonda,RJ
27213,-22.5060397,-44.0898391,volta redonda,RJ
27214,-22.4925883,-44.0722786,volta redonda,RJ
27215,-22.5060404,-44.0946911,volta redonda,RJ
27220,-22.4867788,-44.0611109,volta redonda,RJ
27230,-22.4871622,-44.0568242,volta redonda,RJ
27240,-22.4996275,-44.0545069,volta redonda,RJ
27250,-22.5077495,-44.0718356,volta redonda,RJ
27251,-22.5129762,-44.0837339,volta redonda,RJ
27253,-22.5158564,-44.0897557,volta redonda,RJ
27255,-22.5170976,-44.0980344,volta redonda,RJ
27256,-22.5274416,-44.0926383,volta redonda,RJ
27257,-22.5672261,-44.0818574,volta redonda,RJ
27258,-22.5369805,-44.0770620,volta redonda,RJ
27259,-22.5322637,-44.0794579,volta redonda,RJ
27260,-22.5204781,-44.1006256,volta redonda,RJ
27261,-22.5243313,-44.1021252,volta redonda,RJ
27262,-22.5217302,-44.1127631,volta redonda,RJ
27263,-22.5248054,-44.1176918,volta redonda,RJ
27264,-22.5304017,-44.1201498,volta redonda,RJ
27265,-22.5269866,-44.1274763,volta redonda,RJ
27267,-22.5263973,-44.1200239,volta redonda,RJ
27273,-22.5189735,-44.1361487,volta redonda,RJ
27274,-22.5077332,-44.1295434,volta redonda,RJ
27275,-22.5036111,-44.1154593,volta redonda,RJ
27276,-22.4955900,-44.1360322,volta redonda,RJ
27277,-22.4969528,-44.1274920,volta redonda,RJ
27278,-22.4901819,-44.1168905,volta redonda,RJ
27279,-22.4896209,-44.1137019,volta redonda,RJ
27280,-22.4898024,-44.1089141,volta redonda,RJ
27281,-22.4988022,-44.1049074,volta redonda,RJ
27283,-22.5002330,-44.0931887,volta redonda,RJ
27285,-22.4948224,-44.0877655,volta redonda,RJ
27286,-22.4764251,-44.0683347,volta redonda,RJ
27288,-22.4661429,-44.0987329,volta redonda,RJ
27310,-22.5428134,-44.1717223,barra mansa,RJ
27313,-22.5218700,-44.1919995,barra mansa,RJ
27320,-22.5159299,-44.1924279,barra mansa,RJ
27321,-22.5243983,-44.1841838,barra mansa,RJ
27322,-22.4640062,-44.1323154,barra mansa,RJ
27323,-22.5375111,-44.1684715,barra mansa,RJ
27325,-22.5343720,-44.1525990,barra mansa,RJ
27330,-22.5484653,-44.1676255,barra mansa,RJ
27331,-22.5520424,-44.1545395,barra mansa,RJ
27332,-22.5469415,-44.1319878,barra mansa,RJ
27333,-22.5433975,-44.1259602,barra mansa,RJ
27335,-22.5426078,-44.1153984,barra mansa,RJ
27336,-22.5527120,-44.1227287,barra mansa,RJ
27337,-22.5584108,-44.1706575,barra mansa,RJ
27338,-22.5642724,-44.1618662,barra mansa,RJ
27340,-22.5826965,-44.1748528,barra mansa,RJ
27343,-22.5628023,-44.1715897,barra mansa,RJ
27345,-22.5447330,-44.1764059,barra mansa,RJ
27347,-22.5556847,-44.1811294,barra mansa,RJ
27350,-22.5399906,-44.1908194,barra mansa,RJ
27351,-22.5317167,-44.2036996,barra mansa,RJ
27353,-22.5455499,-44.2326129,barra mansa,RJ
27360,-22.5771589,-44.2173210,barra mansa,RJ
27365,-22.4521841,-44.3047962,barra mansa,RJ
27410,-22.4134064,-44.2618305,quatis,RJ
27420,-22.4123582,-44.2660798,quatis,RJ
27430,-22.4048497,-44.2548983,quatis,RJ
27460,-22.7307295,-44.1304543,rio claro,RJ
27465,-22.6612770,-44.1024831,getulândia,RJ
27470,-22.6958038,-44.0029074,passa tres,RJ
27475,-22.8297873,-44.1968091,lidice,RJ
27510,-22.4652423,-44.4582546,resende,RJ
27511,-22.4687650,-44.4502777,resende,RJ
27512,-22.4731250,-44.4349352,resende,RJ
27513,-22.4813529,-44.4473834,resende,RJ
27514,-22.4743592,-44.4513590,resende,RJ
27515,-22.4751262,-44.4559859,resende,RJ
27516,-22.4786960,-44.4556245,resende,RJ
27520,-22.4716722,-44.4605669,resende,RJ
27521,-22.4749172,-44.4755716,resende,RJ
27522,-22.4750003,-44.4722804,resende,RJ
27523,-22.4889197,-44.4817755,resende,RJ
27524,-22.4795366,-44.4862208,resende,RJ
27525,-22.4794576,-44.4970060,resende,RJ
27532,-22.4608492,-44.4806309,resende,RJ
27533,-22.4565962,-44.4553998,resende,RJ
27534,-22.4566458,-44.4466288,resende,RJ
27535,-22.4567602,-44.4402794,resende,RJ
27536,-22.4559820,-44.4320281,resende,RJ
27537,-22.4516648,-44.3956879,resende,RJ
27540,-22.4587240,-44.4052607,resende,RJ
27541,-22.4644472,-44.4384011,resende,RJ
27542,-22.4639978,-44.4489313,resende,RJ
27553,-22.3308006,-44.5282270,visconde de maua,RJ
27555,-22.0566195,-44.9922496,engenheiro passos,RJ
27570,-22.4278019,-44.3062727,porto real,RJ
27580,-22.4792970,-44.5571413,itatiaia,RJ
27598,-22.4344873,-44.5320107,penedo,RJ
27600,-22.2459064,-43.7071105,valenca,RJ
27640,-22.3443584,-43.6816392,barao de juparana,RJ
27650,-22.1635801,-43.7671431,parapeuna,RJ
27655,-22.2864024,-43.9203682,conservatoria,RJ
27657,-22.2284232,-44.0665571,santa isabel do rio preto,RJ
27660,-22.1674510,-43.5837915,rio das flores,RJ
27665,-22.2099368,-43.6227926,taboas,RJ
27690,-22.0860525,-43.5593137,manuel duarte,RJ
27700,-22.4076729,-43.6676898,vassouras,RJ
27770,-22.2391386,-43.4235305,andrade pinto,RJ
27900,-22.3831316,-41.7784076,macae,RJ
27910,-22.3738347,-41.7806744,macae,RJ
27913,-22.3809924,-41.7743335,macae,RJ
27915,-22.3857564,-41.7757068,macae,RJ
27916,-22.3817275,-41.7783015,macae,RJ
27920,-22.3951967,-41.7922243,macae,RJ
27923,-22.3913581,-41.7814433,macae,RJ
27925,-22.4073660,-41.8396126,macae,RJ
27930,-22.4002135,-41.8155527,macae,RJ
27933,-22.3997813,-41.8034372,macae,RJ
27935,-22.3907799,-41.7911108,macae,RJ
27936,-22.3846636,-41.7887020,macae,RJ
27937,-22.3953102,-41.7945769,macae,RJ
27940,-22.3868650,-41.7847538,macae,RJ
27943,-22.3780834,-41.7850276,macae,RJ
27944,-22.3542580,-41.7669860,macae,RJ
27945,-22.3724566,-41.7943181,macae,RJ
27946,-22.3667861,-41.7934133,macae,RJ
27947,-22.3630333,-41.7969924,macae,RJ
27948,-22.3407958,-41.8678756,macae,RJ
27950,-22.3423727,-41.7597815,macae,RJ
27953,-22.3384704,-41.7554358,macae,RJ
27955,-22.3346096,-41.7527108,macae,RJ
27960,-22.3512002,-41.7733124,macae,RJ
27961,-22.3589901,-41.7718755,macae,RJ
27963,-22.3393975,-41.7563039,macae,RJ
27964,-22.3288585,-41.7475191,macae,RJ
27965,-22.3265915,-41.7316352,macae,RJ
27966,-22.3171640,-41.7259056,macae,RJ
27970,-22.3100720,-41.7239611,macae,RJ
27971,-22.3277404,-41.7406993,macae,RJ
27972,-22.3281018,-41.7643936,macae,RJ
27973,-22.3607217,-41.7722009,macae,RJ
27975,-22.3527647,-41.7698163,macae,RJ
27979,-22.2547227,-41.7926723,macae,RJ
27985,-22.2369289,-42.0623268,glicerio,RJ
27987,-22.5610370,-43.5648245,frade,RJ
27995,-22.2707288,-42.1589861,sana,RJ
27998,-22.1906836,-41.6574466,carapebus,RJ
28010,-21.7617504,-41.3226724,campos dos goytacazes,RJ
28013,-21.7627753,-41.3096327,campos dos goytacazes,RJ
28015,-21.7704176,-41.3056525,campos dos goytacazes,RJ
28016,-21.7655921,-41.2820208,campos dos goytacazes,RJ
28020,-21.7786486,-41.2970143,campos dos goytacazes,RJ
28021,-21.7949026,-41.2880847,campos dos goytacazes,RJ
28022,-21.8037620,-41.3020891,campos dos goytacazes,RJ
28024,-21.7766923,-41.3127793,campos dos goytacazes,RJ
28025,-21.7831001,-41.3241238,campos dos goytacazes,RJ
28026,-21.7803574,-41.3272677,campos dos goytacazes,RJ
28027,-21.7745659,-41.3232687,campos dos goytacazes,RJ
28030,-21.7622871,-41.3398800,campos dos goytacazes,RJ
28035,-21.7565060,-41.3320454,campos dos goytacazes,RJ
28040,-21.8345298,-41.4138001,campos dos goytacazes,RJ
28050,-21.7125945,-41.2789437,campos dos goytacazes,RJ
28051,-21.7495633,-41.3403020,campos dos goytacazes,RJ
28053,-21.7476118,-41.3451210,campos dos goytacazes,RJ
28055,-21.7423106,-41.3565855,campos dos goytacazes,RJ
28057,-21.7440763,-41.3495816,campos dos goytacazes,RJ
28060,-21.7281370,-41.3319542,campos dos goytacazes,RJ
28070,-21.7215274,-41.3221428,campos dos goytacazes,RJ
28073,-21.7214018,-41.3158991,campos dos goytacazes,RJ
28080,-21.7426679,-41.3131405,campos dos goytacazes,RJ
28083,-21.7339978,-41.3156657,campos dos goytacazes,RJ
28085,-21.7276002,-41.3059121,campos dos goytacazes,RJ
28090,-21.7162033,-41.3072278,campos dos goytacazes,RJ
28093,-21.7050466,-41.3057741,campos dos goytacazes,RJ
28095,-21.7410722,-41.3554454,campos dos goytacazes,RJ
28110,-21.9678056,-41.5484887,goitacazes,RJ
28140,-18.1260589,-42.9882305,santo amaro de campos,RJ
28143,-21.8425126,-41.2534155,campos dos goytacazes,RJ
28145,-20.7573452,-49.8818455,sao sebastiao de campos,RJ
28148,-22.9034603,-43.7876641,tocos,RJ
28155,-11.3146981,-34.7251298,santa maria,RJ
28165,-9.0960356,-40.1779491,vila nova de campos,RJ
28175,-22.3366139,-42.4622027,campos dos goytacazes,RJ
28178,-21.3752800,-41.3466700,morro do coco,RJ
28180,-21.4929324,-41.6151424,cardoso moreira,RJ
28200,-21.6700606,-41.0568724,sao joao da barra,RJ
28220,-21.7211959,-41.1617046,barcelos,RJ
28230,-21.5419755,-41.1759963,sao francisco de itabapoana,RJ
28250,-21.4238664,-41.6919527,italva,RJ
28300,-21.2034280,-41.8934682,itaperuna,RJ
28330,-21.4425490,-42.4235029,retiro do muriae,RJ
28333,-12.6021484,-37.0008539,raposo,RJ
28340,-21.2079491,-41.8897744,boa ventura,RJ
28348,-21.1804383,-42.1047714,comendador venancio,RJ
28350,-21.2108930,-42.1185408,laje do muriae,RJ
28360,-21.1342615,-41.6765631,bom jesus do itabapoana,RJ
28368,-21.0160870,-41.7169139,calheiros,RJ
28372,-21.2162010,-41.5916505,carabucu,RJ
28375,-20.9284325,-41.8676897,varre-sai,RJ
28380,-21.0445184,-41.9750479,natividade,RJ
28390,-20.9667060,-42.0414974,porciuncula,RJ
28396,-20.9301287,-41.9557554,purilandia,RJ
28398,-20.8215582,-41.9079460,santa clara,RJ
28400,-21.6462914,-41.7513352,sao fidelis,RJ
28405,-21.6416143,-41.7379714,ipuca,RJ
28415,-21.5896662,-41.8413112,pureza,RJ
28420,-21.6762721,-41.8776632,colônia,RJ
28425,-21.7147200,-41.9250000,cambiasca,RJ
28430,-21.5744169,-41.9116638,cambuci,RJ
28435,-21.6256455,-41.9851958,tres irmaos,RJ
28450,-22.2815560,-45.1034933,sao joao do paraiso,RJ
28455,-21.3601936,-41.9399351,sao jose de uba,RJ
28460,-21.4114505,-42.1963862,miracema,RJ
28463,-21.4299182,-42.1010910,paraiso do tobias,RJ
28470,-21.5528599,-42.1961888,santo antonio de padua,RJ
28490,-17.6181205,-40.3609109,monte alegre,RJ
28495,-21.6258300,-42.1048909,aperibe,RJ
28500,-21.9743643,-42.3542178,cantagalo,RJ
28510,-15.6328642,-43.0726359,santa rita da floresta,RJ
28525,-21.8468546,-42.2686272,boa sorte,RJ
28540,-22.0272568,-42.3662610,cordeiro,RJ
28545,-21.9847669,-42.2524484,macuco,RJ
28550,-21.9515030,-42.1320381,sao sebastiao do alto,RJ
28555,-22.3457670,-41.7576793,valao do barro,RJ
28557,-20.1433010,-41.8111936,ipituna,RJ
28570,-21.6788118,-42.0857507,itaocara,RJ
28580,-22.6842152,-43.5768108,laranjais,RJ
28595,-15.3071557,-38.8505305,portela,RJ
28605,-22.2699038,-42.5197193,nova friburgo,RJ
28610,-22.2847968,-42.5316541,nova friburgo,RJ
28611,-22.2853109,-42.5241522,nova friburgo,RJ
28613,-22.2882072,-42.5312451,nova friburgo,RJ
28614,-22.2929292,-42.5212766,nova friburgo,RJ
28615,-22.3237949,-42.5197308,nova friburgo,RJ
28616,-22.3157638,-42.4211951,nova friburgo,RJ
28620,-22.3083588,-42.5407429,nova friburgo,RJ
28621,-22.3234292,-42.5476139,nova friburgo,RJ
28623,-22.3019813,-42.5376540,nova friburgo,RJ
28625,-22.2830381,-42.5381190,nova friburgo,RJ
28630,-22.2512943,-42.5406274,nova friburgo,RJ
28633,-22.2380252,-42.5258636,nova friburgo,RJ
28634,-22.2148146,-42.5169526,nova friburgo,RJ
28635,-22.2377006,-42.5187545,nova friburgo,RJ
28637,-22.0553312,-42.6735640,sumidouro,RJ
28640,-21.9323432,-42.6074323,carmo,RJ
28644,-21.8248959,-42.5486928,porto velho do cunha,RJ
28650,-22.0530614,-42.5187981,duas barras,RJ
28660,-22.1596882,-42.4168650,bom jardim,RJ
28662,-22.1745582,-42.4725765,banquete,RJ
28664,-22.2050000,-42.3980600,sao jose do ribeirao,RJ
28680,-22.4708491,-42.6571210,cachoeiras de macacu,RJ
28685,-22.5628253,-42.6945741,japuiba,RJ
28695,-22.6023069,-42.7614262,papucaia,RJ
28735,-22.1091570,-41.4700236,quissama,RJ
28740,-22.0880708,-41.8673211,conceicao de macabu,RJ
28750,-22.0657077,-42.0697587,trajano de moraes,RJ
28755,-22.0702845,-42.1600192,visconde de imbe,RJ
28770,-21.9594376,-41.9999608,santa maria madalena,RJ
28779,-21.9558800,-42.0079100,santa maria madalena,RJ
28800,-22.7119279,-42.6300411,rio bonito,RJ
28810,-22.7519235,-42.5335568,boa esperanca,RJ
28820,-22.6430499,-42.4094445,silva jardim,RJ
28860,-22.4861251,-42.1931709,casimiro de abreu,RJ
28880,-22.5759596,-41.9886495,barra de sao joao,RJ
28890,-22.5363539,-41.9665771,rio das ostras,RJ
28891,-22.5301679,-41.9838736,rio das ostras,RJ
28892,-22.4306594,-41.9901332,rio das ostras,RJ
28893,-22.5234667,-41.9456248,rio das ostras,RJ
28894,-22.5143432,-41.9488436,rio das ostras,RJ
28895,-22.5076787,-41.9249245,rio das ostras,RJ
28896,-22.5075879,-41.9314274,rio das ostras,RJ
28897,-22.4932714,-41.9128414,rio das ostras,RJ
28898,-22.4491357,-41.8695458,rio das ostras,RJ
28899,-22.4767238,-41.9080501,rio das ostras,RJ
28900,-22.6722491,-42.0064878,cabo frio,RJ
28905,-22.8839184,-42.0255682,cabo frio,RJ
28906,-22.8779175,-42.0106296,cabo frio,RJ
28907,-22.8805005,-42.0196244,cabo frio,RJ
28908,-22.8939773,-42.0333001,cabo frio,RJ
28909,-22.8939752,-42.0444758,cabo frio,RJ
28910,-22.8809277,-42.0373202,cabo frio,RJ
28911,-22.8787353,-42.0446858,cabo frio,RJ
28912,-22.8484223,-42.0426969,cabo frio,RJ
28913,-22.8441651,-42.0314136,cabo frio,RJ
28915,-22.8643025,-42.0269134,cabo frio,RJ
28920,-22.8331611,-42.0248325,cabo frio,RJ
28921,-22.8335052,-42.0096563,cabo frio,RJ
28922,-22.8583554,-42.0078891,cabo frio,RJ
28923,-22.8212600,-41.9957534,cabo frio,RJ
28924,-22.8506988,-42.0050006,cabo frio,RJ
28925,-22.6524145,-42.0060061,cabo frio,RJ
28926,-22.6400530,-42.0054742,cabo frio,RJ
28927,-22.6264455,-42.0064487,cabo frio,RJ
28928,-22.6802414,-42.0082652,cabo frio,RJ
28929,-22.7502382,-42.0115913,cabo frio,RJ
28930,-22.9635660,-42.0506509,arraial do cabo,RJ
28940,-22.8370448,-42.1121261,sao pedro da aldeia,RJ
28941,-22.8098104,-42.1644053,sao pedro da aldeia,RJ
28942,-22.8415391,-42.1169801,sao pedro da aldeia,RJ
28943,-22.8538514,-42.0605377,sao pedro da aldeia,RJ
28944,-22.8093172,-42.1413108,sao pedro da aldeia,RJ
28945,-19.9433427,-43.9358548,sao pedro da aldeia,RJ
28948,-22.8153562,-42.1117265,sao pedro da aldeia,RJ
28949,-22.8322251,-42.1423268,sao pedro da aldeia,RJ
28950,-22.7665725,-41.9086752,armacao dos buzios,RJ
28960,-22.8392265,-42.2220686,iguaba grande,RJ
28970,-22.8696569,-42.3214149,araruama,RJ
28980,-22.7266135,-42.2920372,sao vicente de paula,RJ
28990,-22.9237565,-42.5044797,saquarema,RJ
28991,-22.9126943,-42.4765047,saquarema,RJ
28992,-22.9042691,-42.4204717,saquarema,RJ
28993,-22.8933161,-42.4700067,bacaxa,RJ
28994,-22.8961085,-42.4691976,saquarema,RJ
28995,-22.8799788,-42.4739214,saquarema,RJ
28997,-22.8599105,-42.5960011,saquarema,RJ
28998,-22.8827193,-42.5996536,saquarema,RJ
28999,-22.9266393,-42.6023151,saquarema,RJ
29001,-20.3218071,-40.3386115,vitoria,ES
29010,-20.3200385,-40.3329219,vitoria,ES
29014,-20.3187010,-40.3305617,vitoria,ES
29015,-20.3178716,-40.3375504,vitoria,ES
29016,-20.3179146,-40.3362604,vitoria,ES
29017,-20.3171643,-40.3240704,vitoria,ES
29018,-20.3188435,-40.3415662,vitoria,ES
29020,-20.3208462,-40.3462076,vitoria,ES
29023,-20.2970212,-40.3472713,vitoria,ES
29024,-20.2903421,-40.3412537,vitoria,ES
29025,-20.3161415,-40.3522224,vitoria,ES
29026,-20.3097968,-40.3520242,vitoria,ES
29027,-20.3085068,-40.3463354,vitoria,ES
29030,-20.2829998,-40.3364185,vitoria,ES
29031,-20.2825832,-40.3305998,vitoria,ES
29032,-20.2526154,-40.3195834,vitoria,ES
29033,-20.2787342,-40.3298337,vitoria,ES
29040,-20.3095470,-40.3191584,vitoria,ES
29041,-20.3117752,-40.3200272,vitoria,ES
29042,-20.3045925,-40.3205751,vitoria,ES
29043,-20.2962070,-40.3208352,vitoria,ES
29045,-20.2975007,-40.3063920,vitoria,ES
29046,-20.2953082,-40.3084372,vitoria,ES
29047,-20.2985203,-40.3096561,vitoria,ES
29048,-20.2898632,-40.3156624,vitoria,ES
29050,-20.3139606,-40.2987453,vitoria,ES
29051,-20.3127164,-40.3189896,vitoria,ES
29052,-20.3126873,-40.2976208,vitoria,ES
29053,-20.3139960,-40.3141016,vitoria,ES
29055,-20.3006147,-40.2950281,vitoria,ES
29056,-20.3045157,-40.2995761,vitoria,ES
29057,-20.2947724,-40.2964821,vitoria,ES
29060,-20.2845931,-40.2954046,vitoria,ES
29062,-20.2776548,-40.2963304,vitoria,ES
29065,-20.2770328,-40.2924687,vitoria,ES
29066,-20.2757902,-40.2892064,vitoria,ES
29070,-20.2641365,-40.2962859,vitoria,ES
29072,-20.2593103,-40.2944690,vitoria,ES
29075,-20.2687059,-40.3011743,vitoria,ES
29090,-20.2589206,-40.2675676,vitoria,ES
29092,-20.2476926,-40.2715881,vitoria,ES
29100,-20.3395960,-40.2954935,vila velha,ES
29101,-20.3450302,-40.2879037,vila velha,ES
29102,-20.3712804,-40.3072184,vila velha,ES
29103,-20.3846542,-40.3237283,vila velha,ES
29104,-20.3667019,-40.3171892,vila velha,ES
29105,-20.3786577,-40.3195014,vila velha,ES
29106,-20.3498038,-40.3067363,vila velha,ES
29107,-20.3540589,-40.3012889,vila velha,ES
29108,-20.3554603,-40.3141473,vila velha,ES
29109,-20.3552423,-40.3143317,vila velha,ES
29110,-20.3510045,-40.3212087,vila velha,ES
29111,-20.3509652,-40.3535359,vila velha,ES
29112,-20.3622577,-40.3540595,vila velha,ES
29113,-20.3777322,-40.3504794,vila velha,ES
29114,-20.3316162,-40.3425229,vila velha,ES
29115,-20.3354726,-40.3312281,vila velha,ES
29116,-20.3425117,-40.3376625,vila velha,ES
29117,-20.3437948,-40.3451187,vila velha,ES
29118,-20.3480186,-40.3373199,vila velha,ES
29119,-20.3503844,-40.3231631,vila velha,ES
29120,-20.3514645,-40.3199654,vila velha,ES
29121,-20.3382074,-40.3190293,vila velha,ES
29122,-20.3390437,-40.3090979,vila velha,ES
29124,-20.4406777,-40.3425960,vila velha,ES
29125,-20.4269171,-40.3272179,vila velha,ES
29126,-20.4118007,-40.3375622,vila velha,ES
29127,-20.4444259,-40.3573022,vila velha,ES
29128,-20.5095781,-40.3736306,vila velha,ES
29129,-20.5075541,-40.3611173,vila velha,ES
29130,-20.3892809,-40.4901874,viana,ES
29131,-20.4213850,-40.4603935,viana,ES
29132,-20.3905375,-40.4744820,viana,ES
29134,-20.3551635,-40.4312321,viana,ES
29135,-20.3513851,-40.4284277,viana,ES
29136,-20.3642601,-40.4210653,viana,ES
29137,-20.3689096,-40.4245911,viana,ES
29138,-20.3702965,-40.4164485,viana,ES
29140,-20.3410710,-40.3644415,cariacica,ES
29141,-20.3530423,-40.3729884,cariacica,ES
29142,-20.3636019,-40.3746254,cariacica,ES
29143,-20.3498775,-40.3840159,cariacica,ES
29144,-20.3473217,-40.3954420,cariacica,ES
29145,-20.3484825,-40.3942480,cariacica,ES
29146,-20.3405213,-40.3848980,cariacica,ES
29147,-20.3359256,-40.3899541,cariacica,ES
29148,-20.3346787,-40.4004907,cariacica,ES
29149,-20.3301334,-40.3904306,cariacica,ES
29150,-20.3224763,-40.3776278,cariacica,ES
29151,-20.3286016,-40.3694156,cariacica,ES
29152,-20.3170008,-40.3723201,cariacica,ES
29153,-20.3064531,-40.3709358,cariacica,ES
29154,-20.3094165,-40.3911533,cariacica,ES
29155,-20.2924810,-40.3840314,cariacica,ES
29156,-20.2785129,-40.4116752,cariacica,ES
29157,-20.2644096,-40.3895375,cariacica,ES
29158,-20.3125505,-40.4000007,cariacica,ES
29160,-20.2362155,-40.2720367,serra,ES
29161,-20.2239802,-40.2758185,serra,ES
29162,-20.1969802,-40.2711184,serra,ES
29163,-20.2181377,-40.2429718,serra,ES
29164,-20.2116852,-40.2396190,serra,ES
29165,-20.1991859,-40.2577397,serra,ES
29166,-20.1880797,-40.2416978,serra,ES
29167,-20.1795241,-40.2583221,serra,ES
29168,-20.1584729,-40.2460962,serra,ES
29169,-20.1501597,-40.2650680,serra,ES
29170,-20.1543314,-40.2689801,serra,ES
29171,-20.1384762,-40.2477944,serra,ES
29172,-20.1712851,-40.2045673,serra,ES
29173,-20.1586890,-40.1921487,serra,ES
29174,-20.0642105,-40.1829737,serra,ES
29175,-20.1402157,-40.1935816,serra,ES
29176,-20.1351437,-40.2998198,serra,ES
29177,-20.1215456,-40.3059788,serra,ES
29178,-20.1359039,-40.2983751,serra,ES
29179,-20.1173651,-40.2930984,serra,ES
29180,-20.0720178,-40.3621685,serra,ES
29182,-20.0645425,-40.2022624,serra,ES
29185,-19.9441602,-40.3844990,fundao,ES
29187,-20.0392694,-40.1871375,praia grande,ES
29190,-19.8225689,-40.2710835,aracruz,ES
29192,-19.8352600,-40.2615496,aracruz,ES
29193,-19.8317545,-40.2724754,aracruz,ES
29194,-19.8241592,-40.2642987,aracruz,ES
29195,-19.9301095,-40.1536507,coqueiral,ES
29197,-19.8222506,-40.0630335,aracruz,ES
29198,-19.8953114,-40.0991007,aracruz,ES
29199,-19.9270100,-40.1434640,aracruz,ES
29200,-20.6722333,-40.5000248,guarapari,ES
29201,-20.6819361,-40.5091237,guarapari,ES
29202,-20.6721158,-40.5170053,guarapari,ES
29203,-20.6763907,-40.5173954,guarapari,ES
29206,-20.7172381,-40.5242745,guarapari,ES
29208,-20.6824365,-40.5192011,guarapari,ES
29209,-20.7313124,-40.5527490,guarapari,ES
29210,-20.6652950,-40.5072471,guarapari,ES
29211,-20.6440460,-40.5127546,guarapari,ES
29212,-20.6417160,-40.5151244,guarapari,ES
29213,-20.6407610,-40.5089938,guarapari,ES
29214,-20.6566958,-40.5057439,guarapari,ES
29215,-20.6602168,-40.4985629,guarapari,ES
29216,-20.6529986,-40.4870781,guarapari,ES
29217,-20.6543214,-40.4902116,guarapari,ES
29220,-20.6280701,-40.4762160,guarapari,ES
29221,-20.6189164,-40.4564509,guarapari,ES
29222,-20.6424188,-40.5000674,guarapari,ES
29227,-20.6480837,-40.4908018,guarapari,ES
29230,-20.8003781,-40.6488498,anchieta,ES
29240,-20.6270319,-40.7493106,alfredo chaves,ES
29255,-20.4155088,-40.6890127,marechal floriano,ES
29258,-20.4155091,-40.6441184,araguaia,ES
29260,-20.3542070,-40.7032853,domingos martins,ES
29263,-20.3737829,-40.5631021,isabel,ES
29273,-20.3401831,-40.7316797,domingos martins,ES
29278,-20.0108572,-40.7984648,arace,ES
29280,-20.7892988,-40.8133985,iconha,ES
29285,-20.8399487,-40.7344110,piuma,ES
29290,-20.8604851,-40.9352601,rio novo do sul,ES
29295,-20.6448430,-41.0071700,vargem alta,ES
29297,-20.7068224,-41.0171279,jacigua,ES
29300,-20.8474597,-41.1200583,cachoeiro de itapemirim,ES
29301,-20.8417758,-41.1290238,cachoeiro de itapemirim,ES
29302,-20.8493777,-41.1293275,cachoeiro de itapemirim,ES
29303,-20.8529551,-41.1182067,cachoeiro de itapemirim,ES
29304,-20.8586495,-41.1168820,cachoeiro de itapemirim,ES
29305,-20.8552687,-41.1087105,cachoeiro de itapemirim,ES
29306,-20.8507731,-41.1058055,cachoeiro de itapemirim,ES
29307,-20.8447299,-41.1107500,cachoeiro de itapemirim,ES
29308,-20.8425270,-41.1188880,cachoeiro de itapemirim,ES
29309,-20.8372404,-41.1171380,cachoeiro de itapemirim,ES
29310,-20.8440514,-41.1397184,cachoeiro de itapemirim,ES
29311,-20.8457374,-41.1444351,cachoeiro de itapemirim,ES
29312,-20.8488840,-41.1530550,cachoeiro de itapemirim,ES
29313,-20.8323214,-41.1572603,cachoeiro de itapemirim,ES
29314,-20.8440716,-41.1535099,cachoeiro de itapemirim,ES
29315,-20.8471644,-41.1548455,cachoeiro de itapemirim,ES
29316,-20.8471488,-41.1129456,cachoeiro de itapemirim,ES
29317,-20.8471179,-41.1397472,cachoeiro de itapemirim,ES
29321,-20.9884882,-42.2372734,vargem grande do soturno,ES
29323,-20.7627291,-41.2716062,pacotuba,ES
29325,-20.7258309,-41.1340049,itaoca,ES
29327,-20.1027565,-40.5626486,burarama,ES
29328,-20.8833300,-41.2000000,corrego dos monos,ES
29329,-20.6877040,-41.2019522,conduru,ES
29330,-20.9492497,-40.8077868,itapemirim,ES
29338,-20.8983239,-40.7802491,itaipava,ES
29345,-21.0323181,-40.8226969,marataizes,ES
29350,-21.1229306,-41.0406103,presidente kennedy,ES
29360,-20.6053564,-41.2051964,castelo,ES
29370,-20.3612252,-41.2498338,conceicao do castelo,ES
29375,-20.3388530,-41.1329311,venda nova do imigrante,ES
29378,-20.3366880,-41.1851115,sao joao de vicosa,ES
29380,-20.4625086,-41.4146864,muniz freire,ES
29386,-20.3359729,-41.3904880,muniz freire,ES
29390,-20.3491119,-41.5337304,iuna,ES
29395,-20.2338547,-41.5068179,ibatiba,ES
29398,-20.3458037,-41.6409416,irupi,ES
29400,-21.0615707,-41.3629645,mimoso do sul,ES
29420,-19.9004362,-43.9990297,sao jose das torres,ES
29450,-21.1533235,-41.5674311,apiaca,ES
29460,-21.1265679,-41.6728061,bom jesus do norte,ES
29470,-21.0202787,-41.6531281,sao jose do calcado,ES
29475,-20.9461100,-41.6200000,alto calcado,ES
29480,-20.9520647,-41.3421870,muqui,ES
29490,-20.9251478,-41.1964940,atilio vivacqua,ES
29500,-20.7602063,-41.5351628,alegre,ES
29510,-19.8515817,-40.5707217,celina,ES
29515,-20.7715057,-41.5356073,cafe,ES
29520,-20.7567421,-41.4593122,rive,ES
29540,-20.5371123,-41.6652582,ibitirama,ES
29550,-20.7913873,-41.3920789,jeronimo monteiro,ES
29560,-20.7725950,-41.6750344,guacui,ES
29564,-20.7811100,-41.8005600,são pedro de rates,ES
29580,-20.6827667,-41.8427457,dores do rio preto,ES
29590,-20.6116737,-41.6946650,divino de sao lourenco,ES
29600,-20.0768216,-41.1237114,afonso claudio,ES
29609,-20.0789343,-41.1242940,afonso claudio,ES
29615,-19.8930306,-41.0579735,laranja da terra,ES
29619,-19.8252800,-41.1111100,laranja da terra,ES
29620,-19.8773180,-40.8742054,itarana,ES
29630,-20.1476873,-41.2915858,brejetuba,ES
29640,-20.1003615,-40.5320894,santa leopoldina,ES
29645,-20.0313911,-40.7511693,santa maria de jetiba,ES
29650,-19.9427707,-40.6064696,santa teresa,ES
29654,2.8545300,-70.3152002,santo antonio do canaa,ES
29660,-19.8798606,-40.6267396,santa teresa,ES
29665,-19.7393043,-40.6632289,sao roque do canaa,ES
29670,-19.8315934,-40.3701257,ibiracu,ES
29680,-19.7510070,-40.3866730,joao neiva,ES
29687,-19.6559092,-40.4633651,acioli,ES
29690,-19.7929920,-40.8539194,itaguacu,ES
29695,-19.6646963,-40.8365057,itaimbe,ES
29700,-19.5393020,-40.6259508,colatina,ES
29701,-19.5407494,-40.6288379,colatina,ES
29702,-19.5455172,-40.6341342,colatina,ES
29703,-19.5237102,-40.6393232,colatina,ES
29704,-19.5266443,-40.6624319,colatina,ES
29705,-19.5108220,-40.6331020,colatina,ES
29706,-19.5211775,-40.6468843,colatina,ES
29707,-19.5419566,-40.6432767,colatina,ES
29708,-19.5463415,-40.6231463,colatina,ES
29709,-19.5202418,-40.6847366,colatina,ES
29712,-19.5256708,-40.5701004,colatina,ES
29714,-19.5459961,-40.6330420,colatina,ES
29720,-19.2527215,-40.4609913,governador lindenberg,ES
29724,-19.2493965,-40.5182931,novo brasil,ES
29725,-19.4120263,-40.5429388,marilandia,ES
29730,-19.5125688,-41.0129263,baixo guandu,ES
29735,-19.3985897,-40.9052909,quilometro 14 do mutum,ES
29737,-19.2750000,-40.9075000,alto mutum preto,ES
29745,-19.1387533,-40.6155450,sao domingos do norte,ES
29750,-19.1959010,-40.8461663,pancas,ES
29752,-18.9727574,-40.8731947,vila verde,ES
29755,-19.4445487,-41.0152254,lajinha,ES
29760,-19.0582224,-41.0187981,alto rio novo,ES
29770,-18.8636929,-41.1187585,mantenopolis,ES
29772,-18.8849355,-41.0155498,santa luzia de mantenopolis,ES
29780,-19.0175389,-40.5372554,sao gabriel da palha,ES
29785,-18.9949236,-40.3830872,vila valerio,ES
29795,-18.9857161,-40.7422706,aguia branca,ES
29800,-18.7483137,-40.8858859,barra de sao francisco,ES
29807,-18.5865676,-40.8870414,monte sinai,ES
29815,-18.6648104,-40.7949570,paulista,ES
29820,-18.5430852,-40.9849768,agua doce do norte,ES
29822,-18.4767138,-41.0187785,vila nelita,ES
29824,-18.4127800,-41.0366700,santo agostinho,ES
29826,-18.6336100,-40.9427800,governador lacerda de aguiar,ES
29830,-18.7065808,-40.4063838,nova venecia,ES
29843,-18.6199345,-40.6041535,vila pavao,ES
29845,-18.5358369,-40.3013125,boa esperanca,ES
29850,-18.3688161,-40.8259742,ecoporanga,ES
29880,-18.0849700,-40.5210509,mucurici,ES
29884,-12.6385242,-37.9472551,itabaiana,ES
29885,-18.1298890,-40.5383307,ponto belo,ES
29890,-18.1311330,-40.3571119,montanha,ES
29894,-18.1985943,-40.2637934,vinhatico,ES
29900,-19.3943029,-40.0674480,linhares,ES
29901,-19.3984624,-40.0575463,linhares,ES
29902,-19.3805858,-40.0621435,linhares,ES
29903,-19.3924739,-40.0480837,linhares,ES
29904,-19.3755477,-40.0576462,linhares,ES
29905,-19.3646811,-40.0526144,linhares,ES
29906,-19.3554126,-40.0537378,linhares,ES
29907,-19.3753360,-40.0714965,linhares,ES
29908,-19.3496229,-40.0500176,linhares,ES
29909,-19.2995547,-40.0662058,linhares,ES
29913,-19.4082660,-40.0646003,linhares,ES
29918,-19.3917270,-40.0610845,linhares,ES
29920,-19.2624195,-40.3253246,rio bananal,ES
29925,-8.4458570,-53.4789081,sao jorge do tiradentes,ES
29927,-19.1891278,-40.1008612,sooretama,ES
29930,-18.7182122,-39.8548625,sao mateus,ES
29931,-18.7174829,-39.8660279,sao mateus,ES
29932,-18.7118467,-39.8724792,sao mateus,ES
29933,-18.7192123,-39.8478883,sao mateus,ES
29934,-18.7183286,-39.8385946,sao mateus,ES
29936,-18.7297705,-39.8478836,sao mateus,ES
29937,-18.7327885,-39.8423593,sao mateus,ES
29938,-18.7260162,-39.8557787,sao mateus,ES
29940,-18.7191495,-39.8740492,sao mateus,ES
29941,-18.7177744,-39.8742456,sao mateus,ES
29942,-18.7263885,-39.8673802,sao mateus,ES
29943,-18.7221858,-39.9177449,sao mateus,ES
29944,-18.7734636,-39.7550053,sao mateus,ES
29945,-18.7403644,-39.7546915,sao mateus,ES
29946,-18.7335873,-39.7729899,sao mateus,ES
29950,-18.9083551,-40.0758668,jaguare,ES
29960,-18.5769664,-39.7375752,conceicao da barra,ES
29965,-18.4187380,-39.7080641,itaunas,ES
29967,-19.2459341,-40.0911526,braco do rio,ES
29970,-18.2931637,-39.9585851,pedro canario,ES
29978,-18.0891582,-40.1095990,cristal do norte,ES
29980,-18.4108990,-40.2194018,pinheiros,ES
29985,-18.3209778,-40.4057214,sao joao do sobrado,ES
30001,-19.9239888,-43.9357061,belo horizonte,MG
30035,-19.9011554,-43.9184291,belo horizonte,MG
30108,-18.9919104,-49.4506763,belo horizonte,MG
30110,-19.9294765,-43.9369245,belo horizonte,MG
30111,-19.9178260,-43.9424179,belo horizonte,MG
30112,-19.9371775,-43.9356491,belo horizonte,MG
30120,-19.9185270,-43.9398900,belo horizonte,MG
30130,-19.9318556,-43.9326474,belo horizonte,MG
30140,-19.9310486,-43.9360326,belo horizonte,MG
30150,-19.9259531,-43.9270012,belo horizonte,MG
30160,-19.9274999,-43.9395749,belo horizonte,MG
30166,-19.9262316,-43.9377929,belo horizonte,MG
30170,-19.9271041,-43.9449636,belo horizonte,MG
30171,-19.9239993,-43.9443598,belo horizonte,MG
30180,-19.9264101,-43.9458644,belo horizonte,MG
30186,-19.9080579,-43.8838180,belo horizonte,MG
30190,-19.9246400,-43.9461217,belo horizonte,MG
30210,-19.9507880,-43.9183880,belo horizonte,MG
30220,-19.9401148,-43.9195802,belo horizonte,MG
30230,-19.9287570,-43.9115977,belo horizonte,MG
30240,-19.9296345,-43.9177791,belo horizonte,MG
30250,-19.9279216,-43.9217331,belo horizonte,MG
30260,-19.9243966,-43.9117834,belo horizonte,MG
30270,-19.9213425,-43.9061580,belo horizonte,MG
30280,-19.9080882,-43.9043952,belo horizonte,MG
30285,-19.9167494,-43.9018297,belo horizonte,MG
30286,-19.9265599,-43.9257855,belo horizonte,MG
30290,-19.9190216,-43.8831522,belo horizonte,MG
30295,-19.9136769,-43.8834826,belo horizonte,MG
30310,-19.9466342,-43.9285228,belo horizonte,MG
30315,-19.9538028,-43.9309036,belo horizonte,MG
30320,-19.9671295,-43.9399357,belo horizonte,MG
30328,-19.9698859,-43.9423990,belo horizonte,MG
30330,-19.9448979,-43.9395852,belo horizonte,MG
30335,-19.9250675,-43.9384290,belo horizonte,MG
30350,-19.9480765,-43.9476182,belo horizonte,MG
30360,-19.9644429,-43.9485582,belo horizonte,MG
30380,-19.9458315,-43.9525959,belo horizonte,MG
30390,-19.9927615,-43.9663601,belo horizonte,MG
30410,-19.9239279,-43.9682074,belo horizonte,MG
30411,-19.9261040,-43.9662349,belo horizonte,MG
30420,-19.9308131,-43.9989355,belo horizonte,MG
30421,-19.9371060,-43.9763102,belo horizonte,MG
30430,-19.9335047,-43.9622887,belo horizonte,MG
30431,-19.9354869,-43.9668497,belo horizonte,MG
30441,-19.9371283,-43.9577219,belo horizonte,MG
30451,-19.9325943,-43.9626585,belo horizonte,MG
30455,-19.9693405,-43.9614679,belo horizonte,MG
30460,-19.9423152,-43.9723615,belo horizonte,MG
30480,-19.9282841,-43.9751689,belo horizonte,MG
30490,-19.9515094,-43.9749000,belo horizonte,MG
30492,-19.9691523,-43.9673896,belo horizonte,MG
30493,-19.9732038,-43.9648388,belo horizonte,MG
30494,-19.9600596,-43.9616485,belo horizonte,MG
30510,-19.9382441,-43.9922568,belo horizonte,MG
30512,-19.9431399,-44.0001225,belo horizonte,MG
30514,-19.9522664,-43.9923654,belo horizonte,MG
30516,-19.9516404,-43.9901473,belo horizonte,MG
30518,-19.9524503,-44.0032553,belo horizonte,MG
30520,-19.9404111,-44.0184524,belo horizonte,MG
30525,-19.9342371,-44.0139830,belo horizonte,MG
30530,-19.9293172,-44.0001255,belo horizonte,MG
30532,-19.9390311,-44.0041111,belo horizonte,MG
30535,-19.9238847,-43.9914588,belo horizonte,MG
30540,-19.9629744,-43.9951966,belo horizonte,MG
30550,-19.9436149,-43.9818465,belo horizonte,MG
30555,-19.9538646,-43.9776575,belo horizonte,MG
30570,-19.9580614,-43.9789111,belo horizonte,MG
30575,-19.9738011,-43.9726401,belo horizonte,MG
30580,-19.9622055,-43.9871915,belo horizonte,MG
30590,-19.9623287,-43.9936005,belo horizonte,MG
30610,-19.9629874,-44.0031348,belo horizonte,MG
30620,-19.9833192,-44.0013739,belo horizonte,MG
30622,-19.9877460,-43.9914925,belo horizonte,MG
30624,-19.9958332,-43.9967827,belo horizonte,MG
30626,-20.0017711,-44.0102000,belo horizonte,MG
30627,-19.9953537,-44.0204435,belo horizonte,MG
30628,-20.0000183,-43.9950986,belo horizonte,MG
30640,-19.9773772,-44.0206408,belo horizonte,MG
30642,-19.9831320,-44.0122242,belo horizonte,MG
30644,-19.9899813,-44.0131817,belo horizonte,MG
30660,-19.9859518,-44.0249583,belo horizonte,MG
30662,-19.9856119,-44.0411925,belo horizonte,MG
30664,-20.0012747,-44.0368290,belo horizonte,MG
30666,-20.0102739,-44.0307320,belo horizonte,MG
30668,-20.0008569,-44.0289066,belo horizonte,MG
30670,-20.0025459,-44.0213512,belo horizonte,MG
30672,-20.0250576,-44.0690570,belo horizonte,MG
30686,-19.9961320,-44.0332126,belo horizonte,MG
30690,-19.9776646,-44.0496965,belo horizonte,MG
30692,-19.9867476,-44.0485979,belo horizonte,MG
30710,-19.9133799,-43.9587019,belo horizonte,MG
30720,-19.9143232,-43.9757033,belo horizonte,MG
30730,-19.9153048,-43.9868828,belo horizonte,MG
30750,-19.9000907,-43.9781179,belo horizonte,MG
30760,-19.9080982,-43.9618177,belo horizonte,MG
30770,-19.9064867,-43.9707845,belo horizonte,MG
30775,-19.8964907,-43.9687573,belo horizonte,MG
30810,-19.8977169,-43.9851764,belo horizonte,MG
30820,-19.9059281,-43.9967838,belo horizonte,MG
30830,-19.9025391,-44.0032853,belo horizonte,MG
30840,-19.8902776,-43.9993664,belo horizonte,MG
30850,-19.9200457,-44.0040507,belo horizonte,MG
30855,-19.9221154,-44.0135816,belo horizonte,MG
30860,-19.9191237,-44.0097412,belo horizonte,MG
30865,-19.9134342,-44.0216639,belo horizonte,MG
30870,-19.9068581,-44.0089733,belo horizonte,MG
30880,-19.9024378,-44.0167201,belo horizonte,MG
30881,-19.8955345,-44.0154755,belo horizonte,MG
30882,-19.8816196,-44.0093412,belo horizonte,MG
31010,-19.9150810,-43.9175584,belo horizonte,MG
31015,-19.9111284,-43.9257366,belo horizonte,MG
31030,-19.9061206,-43.9237043,belo horizonte,MG
31035,-19.8982689,-43.9205695,belo horizonte,MG
31050,-19.8985696,-43.8952450,belo horizonte,MG
31060,-19.8939409,-43.9038559,belo horizonte,MG
31070,-19.8886099,-43.8980586,belo horizonte,MG
31080,-19.8848667,-43.9092968,belo horizonte,MG
31110,-19.9049183,-43.9368917,belo horizonte,MG
31130,-19.8919616,-43.9423806,belo horizonte,MG
31140,-19.8945742,-43.9312346,belo horizonte,MG
31150,-19.8796783,-43.9437321,belo horizonte,MG
31155,-19.8730555,-43.9378658,belo horizonte,MG
31160,-19.8789232,-43.9315050,belo horizonte,MG
31170,-19.8865065,-43.9238572,belo horizonte,MG
31210,-19.9067122,-43.9488965,belo horizonte,MG
31230,-19.8974403,-43.9571778,belo horizonte,MG
31235,-19.8921803,-43.9545993,belo horizonte,MG
31250,-19.8866197,-43.9590037,belo horizonte,MG
31255,-19.8694951,-43.9509440,belo horizonte,MG
31260,-19.8602067,-43.9407347,belo horizonte,MG
31270,-19.8596239,-43.9556017,belo horizonte,MG
31275,-19.8586559,-43.9670704,belo horizonte,MG
31310,-19.8733998,-43.9823261,belo horizonte,MG
31320,-19.8853613,-43.9839047,belo horizonte,MG
31330,-19.8778269,-43.9954214,belo horizonte,MG
31340,-19.8647736,-43.9896220,belo horizonte,MG
31360,-19.8728686,-44.0103658,belo horizonte,MG
31365,-19.8660571,-44.0007451,belo horizonte,MG
31370,-19.8466117,-44.0063611,belo horizonte,MG
31510,-19.8143364,-43.9655771,belo horizonte,MG
31515,-19.8232946,-43.9612459,belo horizonte,MG
31520,-19.8195173,-43.9688259,belo horizonte,MG
31525,-19.8259241,-43.9724107,belo horizonte,MG
31530,-19.8263985,-43.9798384,belo horizonte,MG
31535,-19.8147237,-43.9810227,belo horizonte,MG
31540,-19.8287013,-43.9890769,belo horizonte,MG
31545,-19.8353280,-44.0041446,belo horizonte,MG
31550,-19.8398390,-43.9859370,belo horizonte,MG
31555,-19.8416008,-43.9802218,belo horizonte,MG
31560,-19.8384999,-43.9744118,belo horizonte,MG
31565,-19.8339002,-43.9667902,belo horizonte,MG
31570,-19.8076807,-43.9804268,belo horizonte,MG
31573,-19.8109523,-43.9899865,belo horizonte,MG
31575,-19.8057363,-43.9964017,belo horizonte,MG
31578,-19.8135811,-44.0020856,belo horizonte,MG
31580,-19.8223471,-43.9978084,belo horizonte,MG
31585,-19.8241281,-44.0066442,belo horizonte,MG
31610,-19.8128339,-43.9541500,belo horizonte,MG
31615,-19.8072399,-43.9622132,belo horizonte,MG
31620,-19.8023743,-43.9670655,belo horizonte,MG
31630,-19.8011100,-43.9565345,belo horizonte,MG
31640,-19.8052980,-43.9737994,belo horizonte,MG
31650,-19.8158808,-43.9654689,belo horizonte,MG
31652,-19.7982641,-43.9770476,belo horizonte,MG
31655,-19.7893556,-43.9846383,belo horizonte,MG
31660,-19.8074390,-43.9848597,belo horizonte,MG
31680,-19.8004172,-43.9946994,belo horizonte,MG
31710,-19.8400417,-43.9593392,belo horizonte,MG
31720,-19.8322309,-43.9529556,belo horizonte,MG
31725,-19.8398205,-43.9448747,belo horizonte,MG
31730,-19.8360577,-43.9453824,belo horizonte,MG
31741,-19.8452029,-43.9416528,belo horizonte,MG
31742,-19.8303597,-43.9369514,belo horizonte,MG
31744,-19.8327860,-43.9495722,belo horizonte,MG
31746,-19.8103458,-43.9355703,belo horizonte,MG
31748,-19.8037904,-43.9395284,belo horizonte,MG
31749,-19.8408328,-43.9729832,belo horizonte,MG
31760,-19.8357982,-43.9397845,belo horizonte,MG
31765,-19.8310852,-43.9356578,belo horizonte,MG
31785,-19.8052695,-43.9406793,belo horizonte,MG
31810,-19.8600664,-43.9307397,belo horizonte,MG
31812,-19.8535412,-43.9318511,belo horizonte,MG
31814,-19.8508426,-43.9252482,belo horizonte,MG
31820,-19.8996347,-44.0023992,belo horizonte,MG
31840,-19.8410809,-43.9271974,belo horizonte,MG
31842,-19.8376816,-43.9240525,belo horizonte,MG
31844,-19.8384142,-43.9156712,belo horizonte,MG
31845,-19.8501464,-43.9168752,belo horizonte,MG
31846,-19.8335128,-43.9113245,belo horizonte,MG
31870,-19.8436430,-43.9040635,belo horizonte,MG
31872,-19.8254364,-43.8979225,belo horizonte,MG
31910,-19.8699279,-43.9197065,belo horizonte,MG
31920,-19.8708554,-43.9125580,belo horizonte,MG
31930,-19.8642785,-43.9084244,belo horizonte,MG
31950,-19.8675411,-43.8994836,belo horizonte,MG
31960,-19.8620085,-43.9024362,belo horizonte,MG
31970,-19.8575923,-43.8858686,belo horizonte,MG
31975,-19.8511028,-43.8858383,belo horizonte,MG
31980,-19.8546154,-43.9147397,belo horizonte,MG
31985,-19.8540653,-43.9052556,belo horizonte,MG
31990,-19.8543118,-43.8983307,belo horizonte,MG
31995,-19.8408110,-43.8944261,belo horizonte,MG
31998,-19.8432081,-43.8752868,belo horizonte,MG
32010,-19.9330455,-44.0776444,contagem,MG
32013,-19.9254796,-44.0857075,contagem,MG
32015,-19.9235821,-44.0918462,contagem,MG
32016,-19.9263893,-44.0940383,contagem,MG
32017,-19.9113105,-44.0848242,contagem,MG
32020,-19.9113669,-44.0742000,contagem,MG
32025,-19.9131147,-44.0989667,contagem,MG
32040,-19.9151288,-44.0718254,contagem,MG
32041,-19.9114955,-44.0741625,contagem,MG
32042,-19.9016140,-44.0765498,contagem,MG
32043,-19.8991675,-44.0858439,contagem,MG
32044,-19.8922317,-44.0955422,contagem,MG
32046,-19.8782109,-44.0891577,contagem,MG
32050,-19.8319062,-44.1449682,contagem,MG
32051,-19.8400348,-44.1278652,contagem,MG
32052,-19.8965136,-44.0868377,contagem,MG
32055,-19.8576909,-44.1446106,contagem,MG
32060,-19.8643151,-44.1169212,contagem,MG
32062,-19.8608147,-44.1090050,contagem,MG
32065,-19.8974872,-44.1307979,contagem,MG
32070,-19.9140583,-44.1037500,contagem,MG
32071,-19.9080465,-44.0970201,contagem,MG
32072,-19.9284643,-44.1121343,contagem,MG
32073,-19.9280421,-44.1164494,contagem,MG
32110,-19.8840694,-44.0224214,contagem,MG
32113,-19.8827881,-44.0356498,contagem,MG
32115,-19.8931809,-44.0275231,contagem,MG
32140,-19.8940296,-44.0422440,contagem,MG
32141,-19.8927768,-44.0664999,contagem,MG
32143,-19.9115191,-44.0428537,contagem,MG
32145,-19.8853692,-44.0474414,contagem,MG
32146,-19.8812922,-44.0567078,contagem,MG
32150,-19.8912699,-44.0555461,contagem,MG
32152,-19.8885682,-44.0817677,contagem,MG
32180,-19.8672524,-44.0299784,contagem,MG
32181,-19.8972012,-44.0349139,contagem,MG
32183,-19.8632839,-44.0391948,contagem,MG
32185,-19.8475732,-44.0294302,contagem,MG
32186,-19.8520395,-44.0208431,contagem,MG
32187,-19.8487315,-44.0384165,contagem,MG
32210,-19.9506091,-44.0282172,contagem,MG
32215,-19.9621966,-44.0172827,contagem,MG
32220,-19.9655685,-44.0242509,contagem,MG
32223,-19.9626436,-44.0374093,contagem,MG
32230,-19.9703407,-44.0358141,contagem,MG
32235,-19.9766056,-44.0366769,contagem,MG
32240,-19.9560860,-44.0521211,contagem,MG
32241,-19.9678788,-44.0546960,contagem,MG
32242,-19.9714063,-44.0639264,contagem,MG
32250,-19.9217013,-44.0902808,contagem,MG
32260,-19.9547161,-44.0389637,contagem,MG
32265,-19.9520738,-44.0449255,contagem,MG
32280,-19.9473285,-44.0578287,contagem,MG
32285,-19.9304305,-44.0707122,contagem,MG
32310,-19.9387689,-44.0383417,contagem,MG
32315,-19.9416281,-44.0418586,contagem,MG
32340,-19.9392839,-44.0514490,contagem,MG
32341,-19.9320997,-44.0533763,contagem,MG
32342,-19.9194002,-44.0529940,contagem,MG
32370,-19.9285616,-44.0356227,contagem,MG
32371,-19.9262788,-44.0354359,contagem,MG
32372,-19.9205695,-44.0264096,contagem,MG
32400,-20.0184490,-44.0678030,ibirite,MG
32404,-20.0069714,-44.0489579,ibirite,MG
32405,-20.0242025,-44.0406737,ibirite,MG
32407,-20.0244690,-44.0633306,ibirite,MG
32410,-20.0383295,-44.0587202,ibirite,MG
32412,-20.0290913,-44.0654132,ibirite,MG
32415,-20.0180936,-44.0914762,ibirite,MG
32417,-20.0207500,-44.1177853,ibirite,MG
32419,-20.0136456,-44.0701095,ibirite,MG
32420,-19.9805793,-44.0641088,ibirite,MG
32421,-20.0160415,-44.0778693,ibirite,MG
32422,-20.0052172,-44.0758527,ibirite,MG
32423,-19.9934074,-44.0651521,ibirite,MG
32424,-19.9893473,-44.0589549,ibirite,MG
32425,-20.0039443,-44.0629727,ibirite,MG
32430,-19.9965795,-44.0725904,ibirite,MG
32431,-20.0099743,-44.0887769,ibirite,MG
32432,-20.0006743,-44.0866771,ibirite,MG
32440,-19.9892213,-44.0580174,ibirite,MG
32450,-20.0383208,-44.1389196,sarzedo,MG
32470,-20.0581590,-44.1785871,mario campos,MG
32553,-19.9697140,-44.1755867,betim,MG
32600,-19.9666379,-44.2026662,betim,MG
32602,-19.9564316,-44.1965655,betim,MG
32603,-19.9643315,-44.2084437,betim,MG
32604,-19.9517990,-44.1960375,betim,MG
32605,-19.9335974,-44.1836411,betim,MG
32606,-19.9362860,-44.1987740,betim,MG
32610,-19.9590661,-44.1884173,betim,MG
32611,-19.8614277,-44.1560075,betim,MG
32616,-19.9342739,-44.2393380,betim,MG
32623,-19.9251099,-44.2599421,betim,MG
32625,-19.9516559,-44.2237941,betim,MG
32628,-19.9467386,-44.2714890,betim,MG
32630,-19.9557606,-44.2046988,betim,MG
32634,-20.0100786,-44.2503044,betim,MG
32635,-20.0065676,-44.2258666,betim,MG
32639,-20.0249508,-44.2352536,betim,MG
32640,-19.9885466,-44.2159922,betim,MG
32641,-20.0218904,-44.2231768,betim,MG
32642,-20.0198766,-44.2217316,betim,MG
32649,-19.9833389,-44.1961336,betim,MG
32652,-19.9493697,-44.1797317,betim,MG
32653,-19.9519595,-44.1715954,betim,MG
32654,-19.9880219,-44.1725751,betim,MG
32655,-19.9707870,-44.1704533,betim,MG
32656,-19.9787025,-44.1869702,betim,MG
32657,-20.0033200,-44.1707990,betim,MG
32659,-19.9965073,-44.1367419,betim,MG
32660,-19.9488907,-44.1612064,betim,MG
32661,-19.9818920,-44.1474456,betim,MG
32662,-19.9522707,-44.1430228,betim,MG
32664,-19.9506736,-44.1125270,betim,MG
32665,-19.9765957,-44.1486652,betim,MG
32666,-19.9410601,-44.1281924,betim,MG
32667,-19.9656259,-44.1386829,betim,MG
32668,-19.9894932,-44.1212379,betim,MG
32669,-19.9608904,-44.1090363,betim,MG
32670,-19.9599864,-44.1712436,betim,MG
32671,-19.9501841,-44.1775219,betim,MG
32672,-19.9391206,-44.1730172,betim,MG
32673,-19.9407831,-44.1633051,betim,MG
32675,-19.9364132,-44.1384542,betim,MG
32676,-19.9445968,-44.1295255,betim,MG
32677,-19.9430035,-44.1136240,betim,MG
32678,-19.9348883,-44.1088105,betim,MG
32681,-19.9507063,-44.1236492,betim,MG
32682,-19.9398828,-44.1027497,betim,MG
32684,-19.9504664,-44.1078278,betim,MG
32685,-19.9469287,-44.1014700,betim,MG
32687,-19.9412079,-44.0972819,betim,MG
32688,-19.9302652,-44.0989692,betim,MG
32689,-19.9510987,-44.0722424,betim,MG
32690,-19.9428944,-44.1146466,betim,MG
32900,-20.0667574,-44.3061958,igarape,MG
32920,-20.0533657,-44.2609771,sao joaquim de bicas,MG
33010,-19.7656814,-43.8540811,santa luzia,MG
33015,-19.7565457,-43.8441281,santa luzia,MG
33016,-19.7567944,-43.8539663,santa luzia,MG
33020,-19.7567668,-43.8370539,santa luzia,MG
33022,-19.7547161,-43.8381737,santa luzia,MG
33025,-19.7766475,-43.8509249,santa luzia,MG
33030,-19.7758764,-43.8729710,santa luzia,MG
33035,-19.7648934,-43.8662231,santa luzia,MG
33040,-19.7881840,-43.8759397,santa luzia,MG
33045,-19.8148297,-43.8673440,santa luzia,MG
33048,-20.7089044,-46.6167013,santa luzia,MG
33054,-19.7519868,-43.8340438,santa luzia,MG
33060,-21.0902577,-43.4183071,santa luzia,MG
33065,-19.8407016,-43.7959722,santa luzia,MG
33080,-19.7403843,-44.2155168,santa luzia,MG
33082,-19.8050472,-43.8493130,santa luzia,MG
33084,-20.3951159,-43.4921764,santa luzia,MG
33105,-19.7832672,-43.9303811,santa luzia,MG
33110,-19.7819867,-43.9184830,santa luzia,MG
33113,-19.8072428,-43.8677371,santa luzia,MG
33115,-19.7962316,-43.9157185,santa luzia,MG
33120,-19.7871744,-43.9175127,santa luzia,MG
33125,-19.7886877,-43.9396957,santa luzia,MG
33130,-19.7796911,-43.9389534,santa luzia,MG
33140,-19.7706397,-43.9342586,santa luzia,MG
33145,-19.7757533,-43.9292854,santa luzia,MG
33146,-19.8158794,-43.8619332,santa luzia,MG
33147,-19.3949839,-44.7650644,santa luzia,MG
33170,-19.7820264,-43.8909521,santa luzia,MG
33171,-19.7634175,-43.8677642,santa luzia,MG
33172,-19.7797483,-43.8925043,santa luzia,MG
33200,-19.7310973,-43.9414657,vespasiano,MG
33350,-19.7078226,-43.9731265,sao jose da lapa,MG
33400,-19.6365201,-43.8996514,lagoa santa,MG
33500,-19.6335660,-43.9854297,confins,MG
33600,-19.6131176,-44.0398923,pedro leopoldo,MG
33680,-19.6997563,-44.0453173,vera cruz de minas,MG
33805,-19.7686279,-44.0866527,ribeirao das neves,MG
33808,-19.7780242,-44.1063679,ribeirao das neves,MG
33809,-19.7834797,-44.1075639,ribeirao das neves,MG
33820,-19.7696517,-44.1348191,ribeirao das neves,MG
33821,-19.7701227,-44.1383066,ribeirao das neves,MG
33822,-19.8084554,-44.0904684,ribeirao das neves,MG
33823,-19.7628338,-44.1386760,ribeirao das neves,MG
33825,-19.7624920,-44.1281644,ribeirao das neves,MG
33826,-19.7583325,-44.1005998,ribeirão das neves,MG
33830,-19.7445959,-44.1378222,ribeirao das neves,MG
33833,-19.7637485,-44.1251071,ribeirao das neves,MG
33836,-19.7848008,-44.1202887,ribeirao das neves,MG
33840,-19.7468226,-44.0815449,ribeirao das neves,MG
33841,-19.7611534,-44.0982133,ribeirao das neves,MG
33855,-19.7525032,-44.0711705,ribeirao das neves,MG
33858,-19.7571296,-44.0849547,ribeirao das neves,MG
33860,-19.7694233,-44.0739412,ribeirao das neves,MG
33861,-19.7726156,-44.0714294,ribeirao das neves,MG
33863,-19.7822670,-44.0684620,ribeirao das neves,MG
33880,-19.7761239,-44.0829451,ribeirao das neves,MG
33882,-19.7869420,-44.1205523,ribeirao das neves,MG
33900,-19.7978076,-44.0187756,ribeirao das neves,MG
33902,-19.7933183,-44.0182096,ribeirao das neves,MG
33903,-19.7938652,-44.0369243,ribeirao das neves,MG
33910,-19.7858724,-44.0842971,ribeirao das neves,MG
33913,-19.7777739,-44.0237051,ribeirao das neves,MG
33914,-19.7798828,-44.1325779,ribeirao das neves,MG
33915,-19.7771986,-44.0329752,ribeirao das neves,MG
33920,-19.7738877,-44.0501194,ribeirao das neves,MG
33921,-19.7839389,-44.0810123,ribeirao das neves,MG
33925,-19.7779030,-43.9904878,ribeirao das neves,MG
33927,-19.7820278,-44.0825367,ribeirao das neves,MG
33930,-19.7898719,-44.0078451,ribeirao das neves,MG
33933,-19.7887753,-44.0173846,ribeirao das neves,MG
33934,-19.7825242,-43.9828862,ribeirao das neves,MG
33935,-19.8052602,-44.0278218,ribeirao das neves,MG
33936,-19.8050046,-44.0133215,ribeirao das neves,MG
33937,-19.8047530,-44.0645414,ribeirao das neves,MG
33938,-19.8190555,-44.0512089,ribeirao das neves,MG
33939,-19.7825836,-44.0718706,ribeirao das neves,MG
33940,-19.8144265,-44.0262726,ribeirao das neves,MG
33943,-19.8055630,-44.0244862,ribeirao das neves,MG
33944,-19.8117369,-44.0280257,ribeirao das neves,MG
33980,-19.6625585,-43.6893006,taquaracu de minas,MG
34000,-20.0015429,-43.8881029,nova lima,MG
34001,-19.9931910,-43.8518338,nova lima,MG
34002,-19.9991932,-43.8478299,nova lima,MG
34003,-19.9866158,-43.8616796,nova lima,MG
34004,-19.9940940,-43.8870580,nova lima,MG
34006,-19.9804863,-43.9398150,nova lima,MG
34007,-20.0343354,-43.9664298,nova lima,MG
34008,-20.0001010,-43.9283686,nova lima,MG
34009,-20.0573481,-43.9289532,nova lima,MG
34010,-20.0742709,-43.9128294,nova lima,MG
34011,-20.0902954,-43.9575054,nova lima,MG
34012,-20.0053248,-43.8509813,nova lima,MG
34015,-20.0371140,-43.9265422,nova lima,MG
34018,-20.1116266,-43.9343694,nova lima,MG
34300,-20.0899107,-43.7891234,rio acima,MG
34400,-19.9661560,-43.8053197,raposos,MG
34505,-19.8891370,-43.8079986,sabara,MG
34515,-19.8886997,-43.7969975,sabara,MG
34525,-19.8967387,-43.8079034,sabara,MG
34535,-19.9051659,-43.8239903,sabara,MG
34545,-19.8923705,-43.8350975,sabara,MG
34555,-19.8900848,-43.8262179,sabara,MG
34565,-19.8804550,-43.8303970,sabara,MG
34575,-19.8834150,-43.8383156,sabara,MG
34576,-19.8581467,-43.8610675,sabara,MG
34580,-19.8823447,-43.8500162,sabara,MG
34585,-19.8840815,-43.8537299,sabara,MG
34590,-19.8809428,-43.8650159,sabara,MG
34600,-19.8628788,-43.8606699,sabara,MG
34650,-19.8694905,-43.8951588,sabara,MG
34700,-19.8780873,-43.8959996,sabara,MG
34710,-19.8804893,-43.9033774,sabara,MG
34720,-19.8418978,-43.8645808,sabara,MG
34725,-19.8624742,-43.8455426,sabara,MG
34730,-19.8332835,-43.8433180,sabara,MG
34735,-19.8330942,-43.8621050,sabará,MG
34740,-19.7846157,-43.7543450,ravena,MG
34800,-19.8849004,-43.6649529,caete,MG
34940,-19.9582603,-43.6968178,morro vermelho,MG
34950,-19.7592862,-43.6334673,rocas novas,MG
34990,-19.7026279,-43.5829776,nova uniao,MG
35001,-18.8559389,-41.9487440,governador valadares,MG
35010,-18.8553497,-41.9465211,governador valadares,MG
35012,-18.8581108,-41.9570602,governador valadares,MG
35020,-18.8599763,-41.9381012,governador valadares,MG
35022,-18.8425648,-41.9112534,governador valadares,MG
35023,-18.8780078,-41.9694998,governador valadares,MG
35024,-18.8396267,-41.9116452,governador valadares,MG
35030,-18.8703100,-41.9561639,governador valadares,MG
35032,-18.8672549,-41.9610413,governador valadares,MG
35039,-18.8787246,-41.9753081,governador valadares,MG
35040,-18.8967428,-41.9788736,governador valadares,MG
35041,-18.8987255,-41.9565562,governador valadares,MG
35042,-18.9002322,-41.9506608,governador valadares,MG
35043,-18.8962266,-41.9495256,governador valadares,MG
35044,-18.8854755,-41.9473222,governador valadares,MG
35045,-18.8831905,-41.9639414,governador valadares,MG
35046,-18.8891768,-41.9682955,governador valadares,MG
35047,-18.8577089,-41.9731600,governador valadares,MG
35050,-18.8777890,-41.9676856,governador valadares,MG
35051,-18.8726408,-41.9734218,governador valadares,MG
35052,-18.8589205,-41.9719687,governador valadares,MG
35053,-18.8612922,-41.9658239,governador valadares,MG
35054,-18.8456595,-41.9766934,governador valadares,MG
35055,-18.8501805,-41.9916260,governador valadares,MG
35057,-18.8435058,-41.9584737,governador valadares,MG
35058,-18.8465711,-41.9539101,governador valadares,MG
35059,-18.8423172,-41.9529669,governador valadares,MG
35060,-18.8545631,-41.9500211,governador valadares,MG
35062,-18.8374886,-41.9631121,governador valadares,MG
35063,-18.8400328,-41.9707603,governador valadares,MG
35064,-18.8414779,-41.9327092,governador valadares,MG
35065,-18.8473457,-41.9615774,governador valadares,MG
35105,-18.8719455,-41.9630823,baguari,MG
35108,-19.4954591,-42.4435456,goiabal,MG
35109,-18.9785623,-44.0467922,chonim,MG
35110,-18.5803602,-41.9190882,mathias lobato,MG
35112,-18.5571397,-41.9086587,frei inocencio,MG
35113,-18.4412611,-41.4999763,nova modica,MG
35114,-18.3565567,-41.5964975,pescador,MG
35115,-18.5081146,-42.0821098,marilac,MG
35116,-20.0161704,-42.7911077,mesquita,MG
35117,-19.2251956,-42.3294992,naque,MG
35118,-19.3278527,-42.2885829,periquito,MG
35120,-19.1703201,-41.8615913,itanhomi,MG
35123,-19.0711831,-41.8632454,capitao andrade,MG
35125,-19.0048455,-41.6518398,tumiritinga,MG
35130,-19.1935882,-42.0431009,engenheiro caldas,MG
35133,-19.0530102,-42.0223618,sao jose do acacio,MG
35135,-19.1536361,-42.0796450,fernandes tourinho,MG
35138,-18.9788264,-41.9796831,alpercata,MG
35140,-19.2850733,-42.0038886,tarumirim,MG
35143,-19.2661169,-41.8142692,sao vicente do rio doce,MG
35145,-19.2296377,-42.1018872,sobralia,MG
35146,-19.3443568,-42.1590901,sao joao do oriente,MG
35147,-19.1319120,-42.6145157,acucena,MG
35148,-19.3780119,-42.1084590,dom cavati,MG
35150,-19.0762741,-42.5478801,acucena,MG
35156,-19.1367624,-42.2241121,periquito,MG
35157,-19.2273723,-42.3305915,naque,MG
35160,-19.4992900,-42.5471753,ipatinga,MG
35161,-19.4401826,-42.5673600,ipatinga,MG
35162,-19.4687867,-42.5638948,ipatinga,MG
35163,-19.4423643,-42.5603237,ipatinga,MG
35164,-19.4536679,-42.5439423,ipatinga,MG
35166,-19.2258721,-42.6142486,mesquita,MG
35167,-19.3909264,-42.5469088,santana do paraiso,MG
35168,-19.1690424,-42.6778931,joanesia,MG
35170,-19.5067132,-42.6286140,coronel fabriciano,MG
35171,-19.5120785,-42.6100858,coronel fabriciano,MG
35172,-19.4764155,-42.6422586,coronel fabriciano,MG
35177,-19.6461877,-42.8664603,antonio dias,MG
35179,-17.9308576,-44.9565938,santana do paraiso,MG
35180,-19.5453406,-42.6438485,timoteo,MG
35181,-19.5480058,-42.5988337,timoteo,MG
35182,-19.5760717,-42.6431684,timoteo,MG
35183,-19.5576418,-42.6686215,timoteo,MG
35184,-19.5348096,-42.6672844,timoteo,MG
35185,-19.7084150,-42.7089110,marlieria,MG
35188,-19.6293693,-42.7440541,jaguaracu,MG
35189,-19.2086967,-42.9764152,braunas,MG
35190,-19.4376546,-42.2135167,iapu,MG
35192,-19.2438836,-42.2129956,sao sebastiao da barra,MG
35193,-19.4295377,-42.2573568,bugre,MG
35194,-19.1751481,-42.6790760,joanesia,MG
35195,-19.2343844,-42.4799217,belo oriente,MG
35196,-19.3121484,-42.3731897,perpetuo socorro,MG
35197,-20.7724677,-43.4492263,sao sebastiao de braunas,MG
35198,-19.4158255,-42.4108253,ipaba,MG
35199,-19.6050310,-42.2986146,vargem alegre,MG
35200,-19.5004153,-41.0728615,aimores,MG
35202,-19.5100894,-41.1125305,conceicao do capim,MG
35212,-19.6667088,-41.2520789,penha do capim,MG
35215,-18.4692737,-43.4413012,são sebastião da vala,MG
35220,-19.3982480,-41.2274755,itueta,MG
35222,-19.4133044,-41.2477856,quatituba,MG
35225,-19.3606511,-41.3837485,santa rita do itueto,MG
35228,-17.6652415,-40.6738416,são josé do itueto,MG
35230,-19.3248854,-41.2492347,resplendor,MG
35232,-19.2553861,-41.1522294,calixto,MG
35236,-20.0075812,-44.0411629,independencia,MG
35238,-19.0991628,-41.0338053,campo alegre de minas,MG
35240,-19.1675553,-41.4718022,conselheiro pena,MG
35243,-19.0687940,-41.5302712,barra do cuiete,MG
35245,-19.1202007,-41.3782674,aldeia,MG
35246,-18.9761035,-41.1008210,cuparaque,MG
35248,-18.9828398,-41.2239030,goiabeira,MG
35249,-19.4175579,-41.7275642,alvarenga,MG
35250,-18.9990536,-41.5391726,galileia,MG
35255,-18.8412264,-41.5138540,sapucaia do norte,MG
35258,-18.9183042,-41.3592997,sao geraldo do baixio,MG
35260,-18.7659232,-41.3024398,central de minas,MG
35263,-13.7999863,-50.8054358,floresta,MG
35265,-18.8628787,-41.5165753,divino das laranjeiras,MG
35267,-18.2762423,-42.9978494,central de santa helena,MG
35270,-18.6599708,-41.4043713,mendes pimentel,MG
35275,-18.5910135,-41.4880175,sao felix de minas,MG
35277,-18.7142776,-41.1707625,sao joao do manteninha,MG
35280,-18.5657800,-41.2356410,itabirinha,MG
35285,-18.4965512,-41.3003687,boa uniao de itabirinha,MG
35290,-18.7779547,-40.9833612,mantena,MG
35295,-18.6654347,-41.1004767,barra do ariranha,MG
35296,-18.5801774,-41.1451961,limeira de mantena,MG
35298,-18.4944675,-41.1031824,nova belem,MG
35300,-19.7870356,-42.1378858,caratinga,MG
35301,-19.7946798,-42.1460090,caratinga,MG
35302,-19.7821511,-42.1293404,caratinga,MG
35303,-19.7813208,-42.1519750,caratinga,MG
35304,-19.7742313,-42.1367957,caratinga,MG
35305,-19.7910307,-42.1447200,caratinga,MG
35311,-19.8521560,-42.2071701,sapucaia,MG
35315,-19.7015456,-43.4242411,caratinga,MG
35319,-20.0898079,-43.8595585,santa efigenia,MG
35321,-20.2413610,-42.0341696,santo antonio do manhuacu,MG
35322,-18.9083867,-42.8297913,sao joao do jacutinga,MG
35323,-19.6057264,-41.9675918,imbe de minas,MG
35324,-19.6249805,-42.2302172,entre folhas,MG
35325,-19.7601648,-42.0755653,piedade de caratinga,MG
35326,-19.8729480,-42.1325877,santa rita de minas,MG
35328,-20.0220918,-42.1783488,santa barbara do leste,MG
35330,-19.5466358,-42.1126708,inhapim,MG
35334,-19.4980793,-41.9811286,sao sebastiao do anta,MG
35335,-19.5408454,-42.0454105,sao domingos das dores,MG
35338,-19.6341729,-42.1034938,ubaporanga,MG
35340,-19.7234068,-42.5234116,bom jesus do galho,MG
35345,-19.8349582,-42.4028691,corrego novo,MG
35348,-19.7269865,-42.4121602,pingo-d agua,MG
35350,-20.0958748,-42.4429135,raul soares,MG
35352,-20.0817853,-42.3435198,bicuiba,MG
35354,-20.0166437,-42.3035042,vermelho velho,MG
35355,-19.9605329,-42.4424790,sao vicente da estrela,MG
35358,-19.9299138,-42.1987933,santana do tabuleiro,MG
35359,-20.0367267,-42.2671156,vermelho novo,MG
35360,-20.1710946,-42.5247461,sao pedro dos ferros,MG
35362,-20.0934086,-42.6256918,aguas ferreas,MG
35364,-20.5209632,-42.3299795,pedra bonita,MG
35365,-20.2942809,-42.4737207,abre campo,MG
35367,-20.2952306,-42.3444967,matipo,MG
35368,-20.4736725,-42.4834978,sericita,MG
35370,-20.2225213,-42.6491712,rio casca,MG
35380,-20.3521922,-42.7473522,urucania,MG
35382,-20.2460929,-42.7361360,piedade de ponte nova,MG
35384,-20.2370023,-42.8137661,santa cruz do escalvado,MG
35388,-20.3167644,-42.6087251,santo antonio do grama,MG
35390,-20.4574972,-42.6600509,jequeri,MG
35395,-20.4091309,-42.5552840,grota,MG
35398,-20.5099240,-42.5262441,sao vicente do grama,MG
35400,-20.3910115,-43.5070472,ouro preto,MG
35406,-20.3099976,-43.5779243,sao bartolomeu,MG
35407,-20.4196883,-43.6145448,rodrigo silva,MG
35409,-20.4130373,-43.6411280,santa rita de ouro preto,MG
35410,-20.3390740,-43.6816743,cachoeira do campo,MG
35411,-20.2875895,-43.4812317,antonio pereira,MG
35412,-20.3127155,-43.6998484,amarantina,MG
35413,-20.3181731,-43.9393165,santo antonio do leite,MG
35418,-20.4706161,-43.5166425,lavras novas,MG
35420,-20.3749723,-43.4180852,mariana,MG
35421,-20.3937787,-43.4458229,passagem de mariana,MG
35423,-23.1328960,-50.3748050,bandeirantes,MG
35424,-20.3947635,-43.2779286,cachoeira do brumado,MG
35425,-20.3459491,-43.2974215,monsenhor horta,MG
35426,-20.3591036,-43.2115050,furquim,MG
35428,-20.1918606,-43.4693715,santa rita durao,MG
35429,-20.2133436,-43.1998408,claudio manuel,MG
35430,-20.4100605,-42.8988169,ponte nova,MG
35431,-20.4221309,-42.9185975,ponte nova,MG
35435,-20.4626626,-42.9041347,vau-acu,MG
35436,-20.5717814,-43.0097197,guaraciaba,MG
35437,-20.4863714,-43.1985705,diogo de vasconcelos,MG
35438,-20.3629138,-43.1440222,acaiaca,MG
35439,-20.4313733,-42.8038068,oratorios,MG
35440,-20.1642524,-42.9684282,dom silverio,MG
35441,-20.1020112,-42.8409990,sem peixe,MG
35442,-20.2452287,-42.8972786,rio doce,MG
35444,-20.5087388,-42.8009159,amparo da serra,MG
35447,-20.2833141,-43.0393454,barra longa,MG
35450,-20.2530617,-43.8009689,itabirito,MG
35460,-20.1394408,-44.1768609,brumadinho,MG
35464,-20.1427744,-44.0373782,brumadinho,MG
35470,-20.3315955,-44.0513583,moeda,MG
35473,-20.4108746,-44.0257581,belo vale,MG
35475,-12.9795544,-44.0529200,santana do paraopeba,MG
35476,-20.4667763,-44.3379362,piedade dos gerais,MG
35478,-20.3932375,-44.3383428,crucilandia,MG
35480,-20.3044068,-44.0475473,bonfim,MG
35485,-20.4210588,-44.4402774,rio manso,MG
35488,-20.3638314,-44.4311286,itaguara,MG
35490,-20.6711048,-44.0658718,entre rios de minas,MG
35494,-20.6587458,-44.3289701,desterro de entre rios,MG
35495,-20.6259687,-43.9499353,sao bras do suacui,MG
35498,-20.5378661,-43.9827931,jeceaba,MG
35500,-20.1403597,-44.8840796,divinopolis,MG
35501,-20.1621091,-44.9019160,divinopolis,MG
35502,-20.1296948,-44.8910724,divinopolis,MG
35503,-20.1517153,-44.8750409,divinopolis,MG
35504,-20.1593069,-44.8857203,divinopolis,MG
35505,-20.1003463,-44.9727602,santo antonio dos campos,MG
35506,-20.2748362,-45.0049806,sao sebastiao do oeste,MG
35510,-20.1890405,-44.7694630,carmo do cajuru,MG
35514,-20.3858812,-44.4812882,itaguara,MG
35515,-19.9529255,-45.0832068,perdigao,MG
35516,-19.9839589,-44.8575363,sao goncalo do para,MG
35517,-18.8426570,-43.2470955,boa vista de minas,MG
35519,-19.8740600,-44.9870133,nova serrana,MG
35520,-20.3958576,-44.3392224,crucilandia,MG
35521,-20.3280241,-44.2405895,bonfim,MG
35525,-20.2677406,-44.3076964,rio manso,MG
35526,-20.4692267,-44.2231688,piedade dos gerais,MG
35530,-20.4372049,-44.7620341,claudio,MG
35532,-20.3684793,-44.6874180,monsenhor joao alexandre,MG
35534,-20.5391898,-44.6362226,carmopolis de minas,MG
35536,-20.5098604,-44.4761295,piracema,MG
35537,-20.6523624,-44.4918558,passa tempo,MG
35540,-20.6985639,-44.8267604,oliveira,MG
35541,-20.7680469,-44.5797804,morro do ferro,MG
35543,-20.4699627,-44.9798079,sao francisco de paula,MG
35544,-19.9850998,-44.8541003,sao goncalo do para,MG
35545,-20.0441029,-45.0162398,perdigao,MG
35547,-20.5596681,-44.8691729,carmo da mata,MG
35550,-20.4697545,-45.1232424,itapecerica,MG
35551,-20.4728539,-45.0540758,lamounier,MG
35552,-20.4322536,-45.1309216,neolandia,MG
35555,-20.6267443,-45.1558113,camacho,MG
35557,-20.2827768,-44.8314684,carmo do cajuru,MG
35558,-20.2514649,-43.7877061,sao jose dos salgados,MG
35560,-20.0715224,-45.2871499,santo antonio do monte,MG
35565,-20.2605303,-45.2092769,pedra do indaia,MG
35567,-18.7614637,-43.8927970,sao sebastiao do oeste,MG
35568,-20.4481796,-45.5571438,corrego fundo,MG
35570,-20.4625356,-45.4330590,formiga,MG
35578,-20.4498470,-45.5535919,corrego fundo,MG
35580,-20.1403742,-45.5062574,japaraiba,MG
35582,-20.3705796,-45.6631196,pains,MG
35585,-20.4815972,-45.8029318,pimenta,MG
35588,-20.2883015,-45.5413007,arcos,MG
35590,-20.0240648,-45.5371898,lagoa da prata,MG
35593,-28.4675258,-52.8203456,martins guimaraes,MG
35595,-19.7939806,-45.6817158,luz,MG
35596,-19.9248070,-45.7027163,esteios,MG
35600,-19.7403371,-45.2586343,bom despacho,MG
35602,-19.5738642,-45.3048016,engenho do ribeiro,MG
35603,-19.9445744,-45.1663420,araujos,MG
35604,-19.8428616,-45.4123121,moema,MG
35606,-19.3385573,-45.2274874,martinho campos,MG
35607,-19.4572399,-45.0607515,ibitira,MG
35608,-19.6924679,-45.1356624,alberto isaacson,MG
35610,-19.4665345,-45.6005195,dores do indaia,MG
35613,-19.5320032,-45.7878127,estrela do indaia,MG
35617,-19.4402372,-45.7937400,serra da saudade,MG
35620,-19.1582065,-45.4463003,abaete,MG
35621,-18.7813980,-45.5052461,biquinhas,MG
35622,-18.9045511,-45.5336491,paineiras,MG
35623,-18.8779255,-45.4127304,pocoes de paineiras,MG
35624,-19.1471114,-45.7145401,cedro do abaete,MG
35625,-19.2712295,-45.5554442,quartel geral,MG
35628,-18.6052295,-45.3532994,morada nova de minas,MG
35640,-19.2240244,-45.0002372,pompeu,MG
35650,-19.6842350,-44.8917579,pitangui,MG
35655,-19.7348820,-44.8076147,onca de pitangui,MG
35657,-19.7176020,-45.0248377,leandro ferreira,MG
35660,-19.8535411,-44.6088223,para de minas,MG
35661,-19.8703047,-44.5933257,para de minas,MG
35662,-19.8816297,-44.7424363,para de minas,MG
35663,-19.8272160,-44.5775448,para de minas,MG
35665,-19.8808124,-44.7438073,torneiros,MG
35666,-19.5150176,-44.6767389,maravilhas,MG
35667,-19.6300232,-44.6608392,pequi,MG
35668,-19.7506936,-44.8969290,conceicao do para,MG
35669,-19.4469636,-44.7474351,papagaios,MG
35670,-19.9912384,-44.4287295,mateus leme,MG
35672,-20.0078774,-44.4714171,azurita,MG
35674,-20.0941761,-44.4336480,serra azul,MG
35675,-19.9592080,-44.3382499,juatuba,MG
35680,-20.0778631,-44.5761338,itauna,MG
35681,-20.0795907,-44.5943443,itauna,MG
35685,-20.1993455,-44.4267259,itatiaiucu,MG
35688,-20.2282402,-44.4007772,santa terezinha de minas,MG
35690,-19.8900817,-44.4311810,florestal,MG
35694,-19.7869392,-44.4448357,sao jose da varginha,MG
35695,-19.9548994,-44.7076980,igaratinga,MG
35698,-19.9190787,-44.7001233,antunes,MG
35700,-19.4579950,-44.2481282,sete lagoas,MG
35701,-19.4605085,-44.2314597,sete lagoas,MG
35702,-19.4488136,-44.2304223,sete lagoas,MG
35703,-19.4360033,-44.2052535,sete lagoas,MG
35706,-19.2887962,-43.9536139,baldim,MG
35707,-19.3252642,-43.9347061,sao vicente,MG
35709,-19.3874264,-44.0560227,funilandia,MG
35710,-19.4937331,-44.3868076,inhauma,MG
35715,-19.4772703,-44.1580091,prudente de morais,MG
35720,-19.5608326,-44.0755813,matozinhos,MG
35725,-19.5416380,-44.0304154,mocambeiro,MG
35730,-19.5500468,-44.1337362,capim branco,MG
35732,-19.3678051,-43.9611290,baldim,MG
35733,-20.3631710,-44.4427306,são vicente,MG
35736,-19.3578773,-44.0706387,funilandia,MG
35738,-19.4793377,-44.1576400,prudente de morais,MG
35740,-19.7819282,-44.2606141,esmeraldas,MG
35750,-19.6979181,-44.1767582,melo viana,MG
35760,-19.5691724,-44.4496931,fortuna de minas,MG
35763,-19.4925817,-44.3884623,inhauma,MG
35765,-19.5242490,-44.4518579,cachoeira da prata,MG
35767,-19.2324713,-44.0238313,jequitiba,MG
35770,-19.3036564,-44.4095270,caetanopolis,MG
35774,-19.2785791,-44.4008855,paraopeba,MG
35777,-19.2019528,-44.2477527,aracai,MG
35780,-19.1271092,-44.3202779,cordisburgo,MG
35785,-19.1335158,-44.1119872,santana de pirapama,MG
35790,-18.7634184,-44.4331568,curvelo,MG
35791,-18.8065332,-44.1540148,santa rita do cedro,MG
35793,-19.1404590,-44.6563439,anguereta,MG
35794,-18.7568498,-44.8995078,felixlandia,MG
35796,-18.7292877,-44.3613430,inimutaba,MG
35798,-18.5437711,-44.6033367,morro da garca,MG
35800,-19.2478236,-42.9577907,ferros,MG
35804,-19.3305600,-42.8780600,esmeraldas de ferros,MG
35810,-19.3525130,-43.1405931,passabem,MG
35815,-19.2925622,-43.1750645,sao sebastiao do rio preto,MG
35820,-19.4165838,-43.3217250,itambe do mato dentro,MG
35830,-19.5016668,-43.7672469,jaboticatubas,MG
35845,-19.5172913,-43.9533975,santana do riacho,MG
35850,-18.8138486,-43.6747265,congonhas do norte,MG
35860,-19.0237067,-43.4237307,conceicao do mato dentro,MG
35863,-18.8075861,-43.5120864,santo antonio do norte,MG
35865,-18.9597160,-43.2551629,dom joaquim,MG
35868,-18.8082020,-43.2347104,gororos,MG
35875,-19.2195986,-43.3819392,morro do pilar,MG
35878,-19.0865757,-43.1409827,carmesia,MG
35880,-19.2284204,-43.2532105,santo antonio do rio abaixo,MG
35894,-19.0542814,-42.9245511,dores de guanhães,MG
35900,-19.6307987,-43.2222537,itabira,MG
35901,-19.6550665,-43.2339577,itabira,MG
35902,-19.6517268,-43.2051217,itabira,MG
35903,-19.6560503,-43.2208202,itabira,MG
35904,-19.5942916,-43.1981185,itabira,MG
35905,-19.6198467,-43.4360563,ipoema,MG
35907,-19.5104843,-43.3673487,senhora do carmo,MG
35908,-19.7077077,-43.4752497,bom jesus do amparo,MG
35910,-19.4109692,-43.6516943,santa maria de itabira,MG
35920,-19.7649143,-43.0299400,nova era,MG
35930,-19.8147037,-43.1704090,joao monlevade,MG
35931,-19.8365386,-43.1790654,joao monlevade,MG
35932,-19.8502077,-43.1769964,joao monlevade,MG
35935,-19.8051128,-43.4412432,sao goncalo do rio abaixo,MG
35938,-19.8280287,-43.0906255,bela vista de minas,MG
35940,-19.9284242,-43.1635408,rio piracicaba,MG
35950,-20.1094727,-43.0636151,alvinopolis,MG
35955,-20.1615934,-43.3006529,fonseca,MG
35960,-19.9616777,-43.4103493,santa barbara,MG
35963,-19.9637977,-43.4581025,barra feliz,MG
35969,-20.0755927,-43.4075667,catas altas,MG
35970,-19.9347376,-43.4805557,barao de cocais,MG
35975,-19.8598662,-43.4507476,cocais,MG
35984,-19.8379602,-42.7651478,dionisio,MG
35986,-19.9253883,-42.7092049,sao jose do goiabal,MG
35995,-19.8704376,-42.9634768,sao domingos do prata,MG
36010,-21.7645714,-43.3459732,juiz de fora,MG
36011,-21.7628690,-43.3432349,juiz de fora,MG
36013,-21.7581861,-43.3496830,juiz de fora,MG
36015,-21.7573475,-43.3540601,juiz de fora,MG
36016,-21.7680196,-43.3531600,juiz de fora,MG
36020,-21.7711890,-43.3335659,juiz de fora,MG
36021,-21.7745515,-43.3413439,juiz de fora,MG
36025,-21.7753680,-43.3539647,juiz de fora,MG
36026,-21.7792234,-43.3485423,juiz de fora,MG
36030,-21.7892422,-43.3467745,juiz de fora,MG
36031,-21.7963497,-43.3477390,juiz de fora,MG
36032,-21.7996627,-43.3577112,juiz de fora,MG
36033,-21.7880431,-43.3644174,juiz de fora,MG
36035,-21.7525071,-43.3675358,juiz de fora,MG
36036,-21.7610756,-43.3669565,juiz de fora,MG
36037,-21.7720621,-43.3834107,juiz de fora,MG
36038,-21.7864283,-43.3839560,juiz de fora,MG
36039,-21.7937030,-43.4003385,juiz de fora,MG
36045,-21.7414646,-43.3596218,juiz de fora,MG
36046,-21.7318564,-43.3595476,juiz de fora,MG
36047,-21.7195475,-43.3543729,juiz de fora,MG
36048,-21.6888640,-43.3418233,juiz de fora,MG
36050,-21.7344934,-43.3488312,juiz de fora,MG
36051,-21.7375673,-43.3442780,juiz de fora,MG
36052,-21.7469688,-43.3462319,juiz de fora,MG
36060,-21.7415525,-43.3353259,juiz de fora,MG
36061,-21.7504791,-43.3325033,juiz de fora,MG
36062,-21.7564097,-43.3383865,juiz de fora,MG
36070,-21.7657853,-43.3305555,juiz de fora,MG
36071,-21.7729023,-43.3161927,juiz de fora,MG
36072,-21.7692910,-43.2950327,juiz de fora,MG
36073,-21.7867068,-43.3049633,juiz de fora,MG
36080,-21.7428428,-43.3730208,juiz de fora,MG
36081,-21.7400355,-43.3885968,juiz de fora,MG
36083,-21.7365311,-43.4021598,juiz de fora,MG
36084,-21.7425710,-43.4109273,juiz de fora,MG
36085,-21.7150407,-43.4059151,juiz de fora,MG
36087,-21.7069307,-43.4252862,juiz de fora,MG
36088,-21.7117541,-43.4364484,juiz de fora,MG
36090,-21.6923726,-43.4333930,juiz de fora,MG
36091,-21.7055023,-43.4714549,juiz de fora,MG
36092,-21.6660210,-43.4338669,juiz de fora,MG
36094,-21.5821460,-43.4867339,juiz de fora,MG
36104,-21.8291421,-43.1881436,sarandira,MG
36106,-21.7140285,-43.6084454,rosario de minas,MG
36108,-21.5510704,-43.5121012,ewbank da camara,MG
36110,-21.6773236,-43.2201964,chacara,MG
36120,-21.8694853,-43.3197712,matias barbosa,MG
36123,-21.9634521,-43.3144529,simao pereira,MG
36126,-21.9492062,-43.4138797,belmiro braga,MG
36130,-22.0854218,-43.8271680,rio preto,MG
36132,-21.9579724,-43.7033966,santa barbara do monte verde,MG
36135,-22.1490543,-44.0941192,santa rita de jacutinga,MG
36140,-21.8418350,-43.8018163,lima duarte,MG
36144,-16.9755628,-41.4299562,conceicao da ibitipoca,MG
36145,-21.8608430,-43.9354076,olaria,MG
36146,-21.6087473,-44.0895691,santana do garambeu,MG
36148,-21.7061963,-43.7450211,pedro teixeira,MG
36150,-21.4750978,-43.1272530,rio novo,MG
36152,-21.5358350,-43.1989423,goiana,MG
36155,-21.5936990,-43.2737460,coronel pacheco,MG
36157,-21.5071676,-43.3215592,piau,MG
36160,-21.3561525,-43.0486915,guarani,MG
36165,-21.3600750,-43.2478435,tabuleiro,MG
36170,-21.2730088,-43.0283534,pirauba,MG
36180,-21.2714167,-43.1786712,rio pomba,MG
36185,-21.1604169,-43.2162723,silveirania,MG
36190,-21.1970090,-43.3431880,merces,MG
36195,-21.2909539,-43.4184764,paiva,MG
36200,-21.2273551,-43.7726847,barbacena,MG
36201,-21.2257223,-43.7889173,barbacena,MG
36202,-21.2106696,-43.7789588,barbacena,MG
36204,-21.2084660,-43.7593302,barbacena,MG
36205,-21.2226436,-43.7560905,barbacena,MG
36206,-21.2605223,-43.6729236,costas da mantiqueira,MG
36207,-21.1950796,-43.6502177,senhora das dores,MG
36208,-21.3005647,-43.6279954,correia de almeida,MG
36210,-21.1489265,-43.5136410,desterro do melo,MG
36212,-21.1912066,-43.9751058,barroso,MG
36213,-21.1098976,-44.0233677,dores de campos,MG
36215,-21.2449155,-43.5595352,santa barbara do tugurio,MG
36220,-21.3211401,-43.7520647,antonio carlos,MG
36225,-21.4334812,-43.9632060,ibertioga,MG
36227,-21.4704295,-44.1924056,piedade do rio grande,MG
36230,-21.6071454,-43.7571327,bias fortes,MG
36235,-21.5627443,-43.9160194,santa rita do ibitipoca,MG
36240,-21.4598312,-43.5522614,santos dumont,MG
36243,-21.5150564,-43.6180476,dores do paraibuna,MG
36245,-23.4054133,-46.4550471,sao joao da serra,MG
36250,-21.3394659,-43.4588093,oliveira fortes,MG
36255,-21.3411624,-43.3775585,aracitaba,MG
36260,-21.0231592,-43.4126349,alto rio doce,MG
36263,-18.9777464,-48.2692380,abreus,MG
36264,-19.6385484,-43.7596515,vitorinos,MG
36265,-20.9060404,-43.3654357,cipotanea,MG
36270,-21.0635514,-43.7632737,ressaquinha,MG
36272,-21.1494435,-43.7671934,alfredo vasconcelos,MG
36275,-21.0303632,-43.5842609,senhora dos remedios,MG
36280,-20.9499940,-43.8044101,carandai,MG
36290,-20.9256265,-43.6207977,capela nova,MG
36300,-21.1344545,-44.2621650,sao joao del rei,MG
36301,-21.1231386,-44.2502239,sao joao del rei,MG
36302,-21.1064222,-44.2289037,sao joao del rei,MG
36303,-21.1039742,-44.2209531,sao joao del rei,MG
36305,-21.1325994,-44.2388675,sao joao del rei,MG
36307,-21.1399143,-44.2578329,sao joao del rei,MG
36309,-21.1455927,-44.2765709,sao joao del rei,MG
36315,-21.2258021,-44.3245888,rio das mortes,MG
36316,-21.2438362,-44.4121849,sao sebastiao da vitoria,MG
36318,-21.3057073,-44.3154642,sao joao del rei,MG
36320,-21.0590672,-44.0834116,prados,MG
36325,-21.1098079,-44.1747791,tiradentes,MG
36328,-21.1332804,-44.2080804,santa cruz de minas,MG
36330,-21.0239630,-44.2216043,coronel xavier chaves,MG
36335,-21.0260975,-44.3235865,ritapolis,MG
36340,-20.9164457,-44.2419645,resende costa,MG
36345,-20.9192877,-44.0677916,lagoa dourada,MG
36350,-20.9131765,-44.5111509,sao tiago,MG
36352,-21.0783684,-44.2870681,merces de agua limpa,MG
36360,-21.1296474,-44.4763568,conceicao da barra de minas,MG
36370,-21.2184265,-44.6158210,nazareno,MG
36390,-21.2976856,-44.6576425,itutinga,MG
36400,-20.6558040,-43.7778593,conselheiro lafaiete,MG
36401,-20.6578418,-43.7765949,conselheiro lafaiete,MG
36402,-20.6632317,-43.7759350,conselheiro lafaiete,MG
36404,-20.6735371,-43.7775908,conselheiro lafaiete,MG
36405,-20.6761864,-43.7880317,conselheiro lafaiete,MG
36406,-20.6704719,-43.7974103,conselheiro lafaiete,MG
36407,-20.6592121,-43.8069270,conselheiro lafaiete,MG
36408,-20.6534207,-43.7976925,conselheiro lafaiete,MG
36415,-20.5098945,-43.8616875,congonhas,MG
36417,-20.5622291,-43.8568075,alto maranhao,MG
36419,-20.5214060,-43.8013761,congonhas,MG
36420,-20.5206921,-43.7044355,ouro branco,MG
36422,-20.7935513,-43.9313701,casa grande,MG
36424,-20.7433936,-43.8809510,queluzito,MG
36426,-20.8271981,-43.8088814,cristiano otoni,MG
36428,-20.8739065,-43.7375309,caranaiba,MG
36430,-20.7878738,-43.6856509,santana dos montes,MG
36440,-20.6777503,-43.6098186,itaverava,MG
36450,-20.6914455,-43.4981257,catas altas da noruega,MG
36455,-20.7880292,-43.4734034,lamim,MG
36460,-20.8563160,-43.4826571,rio espera,MG
36465,-20.8409777,-43.5485363,rio melo,MG
36470,-20.7953724,-43.3448997,senhora de oliveira,MG
36475,-20.7692227,-43.1831179,presidente bernardes,MG
36480,-20.6624339,-43.2997061,piranga,MG
36485,-20.6081244,-43.3327933,santo antonio do pirapetinga,MG
36490,-20.6267910,-43.2866577,pinheiros altos,MG
36500,-21.1177605,-42.9428709,uba,MG
36501,-21.0227948,-43.0247733,uba,MG
36502,-21.1248770,-42.9267795,uba,MG
36503,-21.1187681,-42.9194702,uba,MG
36504,-21.1136871,-42.9373313,uba,MG
36505,-21.1082936,-42.9476404,uba,MG
36506,-21.1102287,-42.9593824,uba,MG
36507,-21.1163770,-42.9562183,uba,MG
36510,-21.2001832,-42.8660331,rodeiro,MG
36512,-21.1726252,-43.0219328,tocantins,MG
36513,-20.9764525,-43.1886330,dores do turvo,MG
36515,-21.1511552,-42.7978973,guidoval,MG
36520,-21.0103593,-42.8384838,visconde do rio branco,MG
36525,-21.0046353,-42.7203457,guiricema,MG
36530,-20.9231942,-42.8331927,sao geraldo,MG
36532,-20.9157601,-42.8369314,sao geraldo,MG
36540,-20.9138650,-43.1009961,senador firmino,MG
36542,-20.8534785,-43.2423977,bras pires,MG
36544,-20.8730174,-42.9812665,paula candido,MG
36546,-20.9895414,-43.0052347,divinesia,MG
36550,-20.8580087,-42.8016836,coimbra,MG
36555,-20.8405941,-42.6555993,ervalia,MG
36560,-20.7886289,-42.7960277,cajuri,MG
36568,-20.6265937,-43.1381240,porto firme,MG
36570,-20.7547346,-42.8775200,vicosa,MG
36572,-20.7610830,-42.8856231,vicosa,MG
36574,-20.8129723,-42.9253343,vicosa,MG
36576,-20.6990288,-42.9994686,porto firme,MG
36580,-20.6538051,-42.8551545,teixeiras,MG
36585,-20.5964654,-42.7164240,pedra do anta,MG
36590,-20.7194224,-42.7157808,sao miguel do anta,MG
36592,-20.6870874,-42.6202141,canaa,MG
36594,-20.6671706,-42.5211071,araponga,MG
36600,-21.7189073,-43.0651239,bicas,MG
36604,-21.6241792,-43.0176390,rochedo de minas,MG
36606,-21.7289908,-43.0417868,guarara,MG
36608,-21.6969330,-42.9611725,maripa de minas,MG
36610,-21.8397681,-43.1223072,pequeri,MG
36620,-21.9503230,-43.1667635,santana do deserto,MG
36630,-22.0570201,-43.0900843,chiador,MG
36640,-21.8658106,-43.0075077,mar de espanha,MG
36649,-21.8656594,-42.9987493,mar de espanha,MG
36650,-21.8042965,-42.9458767,senador cortes,MG
36660,-21.8727283,-42.6937952,alem paraiba,MG
36664,-21.8683135,-42.6987404,angustura,MG
36666,-21.8415185,-42.6194328,alem paraiba,MG
36670,-21.3552218,-43.0337497,santo antonio do aventureiro,MG
36675,-21.2275709,-42.8268253,sao domingos,MG
36680,-21.5377736,-43.0117878,sao joao nepomuceno,MG
36688,-30.0052025,-51.1909917,sao joao nepomuceno,MG
36690,-21.4604597,-42.9636694,descoberto,MG
36700,-21.5301643,-42.6408986,leopoldina,MG
36702,-21.5520943,-42.6850253,tebas,MG
36707,-19.8219044,-44.0099534,ribeiro junqueira,MG
36708,-20.6767970,-43.3516046,piacatuba,MG
36710,-21.6139901,-42.8372175,argirita,MG
36720,-21.7725329,-42.5375976,volta grande,MG
36725,-21.7429747,-42.4603961,estrela dalva,MG
36730,-21.6613824,-42.3496932,pirapetinga,MG
36740,-21.5241585,-42.4641251,recreio,MG
36750,-21.3758663,-42.3156744,palma,MG
36753,-21.4407121,-42.3600007,cisneiros,MG
36756,-21.9234547,-46.3928458,itapirucu,MG
36760,-21.3607674,-42.4756724,laranjal,MG
36770,-21.3880541,-42.6905046,cataguases,MG
36771,-21.4115723,-42.6797645,cataguases,MG
36772,-21.3975016,-42.7008435,cataguases,MG
36773,-21.3826551,-42.7035854,cataguases,MG
36774,-21.3777403,-42.6900804,cataguases,MG
36777,-21.2816004,-43.6890031,sereno,MG
36778,-18.9574594,-49.4492542,vista alegre,MG
36779,-21.2943569,-42.7287648,cataguarino,MG
36780,-21.3140307,-42.8642340,astolfo dutra,MG
36784,-21.3167138,-42.8130630,dona euzebia,MG
36787,-21.3446523,-42.8318709,sao manoel do guaiacu,MG
36788,-21.4165537,-42.8166157,itamarati de minas,MG
36790,-21.1934276,-42.6144497,mirai,MG
36793,-20.8760751,-42.5553007,sao sebastiao da vargem alegre,MG
36795,-21.2876361,-42.5553968,santana de cataguases,MG
36800,-20.7325160,-42.0299438,carangola,MG
36803,-19.8889673,-45.1492365,alvorada,MG
36805,-20.7008978,-42.2157819,ponte alta de minas,MG
36810,-20.7849485,-42.4981232,sao francisco do gloria,MG
36815,-20.7248763,-42.3052733,fervedouro,MG
36820,-20.6101086,-42.1463714,divino,MG
36828,-20.5061757,-42.2058485,orizania,MG
36830,-20.6482347,-41.9092501,espera feliz,MG
36832,-20.6978995,-41.9224513,caiana,MG
36834,-20.5239247,-41.9063081,caparao,MG
36840,-20.8055187,-42.0125039,faria lemos,MG
36844,-20.9096635,-42.0351810,tombos,MG
36846,-20.0339505,-44.1403085,catune,MG
36847,-20.8321896,-42.1552919,pedra dourada,MG
36850,-21.0138323,-42.1197184,antonio prado de minas,MG
36855,-21.0978848,-42.1838519,eugenopolis,MG
36860,-21.1519817,-42.2109012,patrocinio do muriae,MG
36870,-21.2429330,-42.2357285,barao de monte alto,MG
36873,-23.5433655,-46.8894420,silveira carvalho,MG
36876,-21.2370166,-42.3068571,cachoeira alegre,MG
36878,-20.9790157,-42.5097325,rosario da limeira,MG
36880,-21.1300158,-42.3681452,muriae,MG
36881,-21.1366253,-42.3601294,muriae,MG
36883,-21.1391422,-42.3733224,muriae,MG
36884,-21.1302959,-42.3811322,muriae,MG
36886,-21.1363880,-42.3992829,muriae,MG
36887,-21.1280138,-42.3973484,muriae,MG
36888,-21.1251667,-42.3859320,muriae,MG
36889,-21.1290530,-42.3570509,muriae,MG
36891,-21.5818979,-42.7413762,macuco,MG
36892,-19.9550692,-43.9438718,vermelho,MG
36893,-20.8906771,-42.3439125,miradouro,MG
36895,-20.8648666,-42.2445095,vieiras,MG
36900,-20.2526883,-42.0405985,manhuacu,MG
36905,-20.2406913,-42.1466044,realeza,MG
36906,-20.1921372,-42.1873479,sao pedro do avai,MG
36908,-20.0975321,-42.1576386,sao sebastiao do sacramento,MG
36910,-20.3832559,-42.2517061,santa margarida,MG
36913,-20.3843357,-42.2509753,santa margarida,MG
36915,-15.3326703,-40.2675411,ribeirao de sao domingos,MG
36918,-20.3924175,-42.1522443,sao joao do manhuacu,MG
36920,-20.2450603,-41.9829382,reduto,MG
36923,-20.4396076,-42.1039230,luisburgo,MG
36925,-20.1726714,-42.2710836,caputira,MG
36930,-20.1106743,-41.9997297,simonesia,MG
36935,-19.9231984,-41.9211715,alegria,MG
36940,-20.0955301,-41.9216526,santana do manhuacu,MG
36947,-19.9330020,-41.6934446,conceicao de ipanema,MG
36950,-19.8002227,-41.7153062,ipanema,MG
36953,-19.7634878,-41.6139970,taparuba,MG
36955,-19.8261825,-41.4385537,mutum,MG
36958,-19.8926412,-41.3692444,roseiral,MG
36960,-19.6180460,-41.6297355,pocrane,MG
36970,-20.3558413,-41.9561697,manhumirim,MG
36972,-20.2573116,-41.8731073,martins soares,MG
36974,-20.2017189,-41.7997042,durande,MG
36976,-20.4265092,-41.9642222,alto jequitiba,MG
36979,-20.4440535,-41.8703241,alto caparao,MG
36980,-20.1439572,-41.6116978,lajinha,MG
36985,-20.0448378,-41.6915455,chale,MG
36990,-20.0066253,-41.7485629,sao jose do mantimento,MG
37002,-21.5555787,-45.4374242,varginha,MG
37004,-21.5605407,-45.4318184,varginha,MG
37006,-21.5654434,-45.4382451,varginha,MG
37007,-21.0379314,-45.0008589,varginha,MG
37010,-21.5590493,-45.4456030,varginha,MG
37011,-21.5814505,-45.4337885,varginha,MG
37012,-21.5675281,-45.4489911,varginha,MG
37014,-21.5501794,-45.4463940,varginha,MG
37018,-21.5480992,-45.4373211,varginha,MG
37022,-21.5950223,-45.4279878,varginha,MG
37026,-21.5733004,-45.4414968,varginha,MG
37030,-21.5439540,-45.4501558,varginha,MG
37031,-21.5583090,-45.4623889,varginha,MG
37034,-21.5452595,-45.4557462,varginha,MG
37036,-21.5315463,-45.4530765,varginha,MG
37038,-21.5386141,-45.4465871,varginha,MG
37044,-21.5574459,-45.4224094,varginha,MG
37045,-21.5558670,-45.4172097,varginha,MG
37048,-21.5704973,-45.4178466,varginha,MG
37056,-21.5742584,-45.4236606,varginha,MG
37060,-21.5811492,-45.4204861,varginha,MG
37062,-21.5857303,-45.4404379,varginha,MG
37064,-21.5874563,-45.4324082,varginha,MG
37066,-21.5983799,-45.4309235,varginha,MG
37068,-21.5832086,-45.4361347,varginha,MG
37070,-21.5910439,-45.4473326,varginha,MG
37072,-21.5903740,-45.4524479,varginha,MG
37074,-21.5895209,-45.4486369,varginha,MG
37077,-21.5827502,-45.4549320,varginha,MG
37110,-21.6085027,-45.5664667,eloi mendes,MG
37115,-21.3253370,-46.3680392,monte belo,MG
37120,-21.5501475,-45.7350087,paraguacu,MG
37130,-21.4273590,-45.9465126,alfenas,MG
37131,-21.4364585,-45.9424216,alfenas,MG
37132,-21.4377751,-45.9522149,alfenas,MG
37133,-21.4287988,-45.9659633,alfenas,MG
37134,-21.5087990,-46.1982458,divisa nova,MG
37135,-21.4221728,-45.9643444,alfenas,MG
37136,-21.4184951,-45.9623135,alfenas,MG
37137,-21.4106484,-45.9486971,alfenas,MG
37138,-21.4090211,-45.8293665,fama,MG
37140,-21.3587121,-46.1449666,areado,MG
37142,-21.5099806,-46.1957911,divisa nova,MG
37143,-21.5316420,-46.1195102,serrania,MG
37144,-21.2941294,-45.5619293,fama,MG
37145,-21.2558336,-46.1448786,alterosa,MG
37147,-20.5482044,-45.1193502,divino espirito santo,MG
37148,-21.0964736,-46.2044326,conceicao da aparecida,MG
37150,-20.9716110,-46.1213299,carmo do rio claro,MG
37160,-21.2367887,-45.7599849,campos gerais,MG
37163,-21.3720061,-45.7753974,corrego do ouro,MG
37165,-21.1094995,-45.8298343,campo do meio,MG
37170,-21.0951295,-45.5615053,boa esperanca,MG
37175,-20.9405775,-45.8272374,ilicinea,MG
37177,-20.7618961,-45.9256094,guape,MG
37190,-21.3705596,-45.5129304,tres pontas,MG
37195,-21.2505629,-45.5062557,santana da vargem,MG
37200,-21.2447086,-44.9992016,lavras,MG
37205,-21.1754182,-44.9277255,ijaci,MG
37210,-21.3174390,-44.8699793,itumirim,MG
37212,-21.0629909,-44.6335216,macuco de minas,MG
37215,-21.4024703,-44.9208124,ingai,MG
37218,-20.7991103,-45.1406867,ijaci,MG
37220,-21.0329008,-44.7568595,bom sucesso,MG
37223,-21.1544137,-44.7538235,ibituruna,MG
37225,-21.4610086,-45.2205443,carmo da cachoeira,MG
37235,-21.1897149,-45.4395291,coqueiral,MG
37240,-21.5116142,-44.9029747,luminarias,MG
37245,-21.4891348,-44.6425776,carrancas,MG
37250,-21.2363522,-45.2362691,nepomuceno,MG
37260,-21.0961656,-45.0882360,perdoes,MG
37262,-20.9026773,-44.8968988,santo antonio do amparo,MG
37264,-21.1854584,-45.0599289,ribeirao vermelho,MG
37267,-21.0202648,-45.1824790,cana verde,MG
37270,-20.8937647,-45.2756131,campo belo,MG
37273,-20.9421832,-45.3874321,aguanil,MG
37275,-20.8752966,-45.5162372,cristais,MG
37278,-20.9328624,-45.1430142,santana do jacare,MG
37280,-20.7712792,-45.2742794,candeias,MG
37300,-21.7397499,-44.3100357,andrelandia,MG
37305,-21.4843122,-44.3316429,madre de deus de minas,MG
37310,-21.9485550,-44.1865459,bom jardim de minas,MG
37315,-21.9870678,-44.0325979,tabuao,MG
37330,-22.2081644,-44.2348426,passa vinte,MG
37340,-22.1765421,-44.4228950,bocaina de minas,MG
37350,-22.0262271,-44.3200087,liberdade,MG
37360,-21.9151590,-44.2536004,arantina,MG
37370,-21.7011268,-44.4458583,sao vicente de minas,MG
37400,-21.8347937,-45.4018804,campanha,MG
37405,-21.7569278,-45.5421196,monsenhor paulo,MG
37407,-21.5846949,-45.0715428,sao bento abade,MG
37408,-21.7223731,-44.9835637,sao thome das letras,MG
37410,-21.6933708,-45.2597687,tres coracoes,MG
37411,-21.6950528,-45.2587926,tres coracoes,MG
37412,-21.6786670,-45.2529429,tres coracoes,MG
37413,-21.6875155,-45.2371438,três corações,MG
37414,-21.6983484,-45.2527005,tres coracoes,MG
37415,-21.7067068,-45.2635996,três corações,MG
37416,-21.7202077,-45.2654941,três corações,MG
37417,-21.6845607,-45.2642710,tres coracoes,MG
37418,-21.6659470,-45.2810455,três corações,MG
37420,-21.8543209,-45.2972273,cambuquira,MG
37430,-21.8824708,-45.0873783,conceicao do rio verde,MG
37440,-21.9808048,-44.9316957,caxambu,MG
37443,-21.9616609,-44.8890363,baependi,MG
37445,-21.8393188,-44.8105956,cruzilia,MG
37447,-21.6818086,-44.6011619,minduri,MG
37450,-21.9788484,-44.6057695,aiuruoca,MG
37452,-21.8898130,-44.5122418,serranos,MG
37454,-21.9089334,-44.5195420,seritinga,MG
37456,-22.0015720,-44.4619001,carvalhos,MG
37458,-22.1718306,-44.6425987,alagoa,MG
37460,-22.3871887,-44.9672863,passa quatro,MG
37464,-22.2967928,-44.9367631,itanhandu,MG
37465,-22.3320306,-45.0922553,virginia,MG
37466,-22.2854256,-44.8670875,itamonte,MG
37467,-22.2187925,-44.9777763,sao sebastiao do rio verde,MG
37468,-22.1843870,-44.9712770,pouso alto,MG
37469,-22.2480385,-44.9348978,santana do capivari,MG
37470,-22.1181802,-45.0545949,sao lourenco,MG
37472,-22.1212433,-45.1247338,carmo de minas,MG
37474,-22.2508712,-45.1572688,dom vicoso,MG
37476,-22.2104299,-45.2646509,cristina,MG
37478,-22.0563373,-45.0440857,soledade de minas,MG
37480,-21.9742237,-45.3491682,lambari,MG
37484,-22.0670204,-45.5419322,heliodora,MG
37485,-22.0012005,-45.2884644,jesuania,MG
37488,-22.0691434,-45.2623718,olimpio noronha,MG
37490,-21.8125960,-45.5477271,sao goncalo do sapucai,MG
37496,-21.8756267,-45.7885859,turvolandia,MG
37498,-21.7919183,-45.7009233,cordislandia,MG
37500,-22.4204531,-45.4530068,itajuba,MG
37501,-22.4317038,-45.4405244,itajuba,MG
37502,-22.4348274,-45.4512715,itajuba,MG
37503,-22.4400639,-45.4714254,itajuba,MG
37504,-22.4292588,-45.4762011,itajuba,MG
37505,-22.4197850,-45.4675260,itajuba,MG
37508,-22.3944793,-45.5413365,piranguinho,MG
37510,-22.3286105,-45.5263477,sao jose do alegre,MG
37511,-22.5295380,-45.4962540,pirangucu,MG
37512,-22.5342579,-45.3611933,wenceslau braz,MG
37514,-22.5064659,-45.2770479,delfim moreira,MG
37516,-22.4489500,-45.1634511,marmelopolis,MG
37517,-22.3089141,-45.3733474,maria da fe,MG
37520,-22.2458853,-45.4658149,pedralva,MG
37524,-22.1182818,-45.5115645,natercia,MG
37527,-22.1579430,-45.4520643,conceicao das pedras,MG
37530,-22.4785356,-45.6179413,brasopolis,MG
37535,-22.5818599,-45.6350393,luminosa,MG
37540,-22.2472109,-45.7075207,santa rita do sapucai,MG
37542,-22.4634441,-46.0171844,estiva,MG
37545,-22.3558140,-45.7823346,cachoeira de minas,MG
37546,-22.3868397,-45.8853128,itaim,MG
37548,-22.4139076,-45.7964704,conceicao dos ouros,MG
37550,-22.2350828,-45.9339218,pouso alegre,MG
37551,-22.2284758,-45.9449833,pouso alegre,MG
37552,-22.2202590,-45.9378123,pouso alegre,MG
37553,-22.2221157,-45.9290067,pouso alegre,MG
37554,-22.2250869,-45.9233526,pouso alegre,MG
37555,-22.2153308,-45.9124762,pouso alegre,MG
37556,-22.2091604,-45.8551437,pouso alegre,MG
37557,-22.2424340,-45.9422803,pouso alegre,MG
37558,-22.2485445,-45.9355935,pouso alegre,MG
37559,-22.1860368,-46.0631088,ipuiuna,MG
37560,-22.2686964,-45.9171478,pouso alegre,MG
37561,-22.2665568,-45.9163566,pouso alegre,MG
37563,-22.3697541,-46.0967437,tocos do moji,MG
37564,-22.2625841,-46.1711239,borda da mata,MG
37566,-22.0380706,-45.9550999,espirito santo do dourado,MG
37567,-22.1615203,-45.7607965,sao sebastiao da bela vista,MG
37568,-21.9339730,-45.9241437,sao joao da mata,MG
37570,-22.2784853,-46.3713016,ouro fino,MG
37572,-20.5909337,-44.6369936,crisolia,MG
37576,-22.3194602,-46.3259095,inconfidentes,MG
37578,-22.4426542,-46.3487757,bueno brandao,MG
37580,-22.4302179,-46.5734051,monte siao,MG
37582,-21.8798941,-45.8564797,careacu,MG
37584,-21.8654042,-45.6508235,congonhal,MG
37586,-22.1595870,-46.1754546,senador jose bento,MG
37588,-21.9343134,-46.1263369,ipuiuna,MG
37589,-21.0948809,-45.8319756,silvianopolis,MG
37590,-22.2881467,-46.6119009,jacutinga,MG
37596,-22.2012285,-46.6154567,albertina,MG
37600,-22.6118739,-46.0581566,cambui,MG
37605,-22.6311625,-46.0192545,corrego do bom jesus,MG
37610,-22.4700524,-46.1470917,bom repouso,MG
37615,-22.5872446,-46.1770973,senador amaral,MG
37620,-22.6138492,-46.3625579,munhoz,MG
37630,-22.7432507,-46.3737965,toledo,MG
37640,-22.8554782,-46.3195013,extrema,MG
37650,-22.7554997,-46.1400133,camanducaia,MG
37652,-22.7074101,-46.0352622,sao mateus de minas,MG
37653,-22.8601740,-46.0325702,monte verde,MG
37655,-22.7683854,-46.2225708,itapeva,MG
37660,-22.5515337,-45.7785728,paraisopolis,MG
37670,-22.5504409,-45.9213203,consolacao,MG
37680,-22.6596883,-45.8545881,goncalves,MG
37690,-22.7502416,-45.7479212,sapucai-mirim,MG
37701,-21.7891313,-46.5675707,pocos de caldas,MG
37702,-21.7875666,-46.5392069,pocos de caldas,MG
37703,-21.7902815,-46.5376154,pocos de caldas,MG
37704,-21.7928389,-46.5673652,pocos de caldas,MG
37705,-21.8073845,-46.5440459,pocos de caldas,MG
37706,-21.8304102,-46.5493908,pocos de caldas,MG
37709,-21.8002744,-46.5155803,pocos de caldas,MG
37710,-21.8069757,-46.5099973,pocos de caldas,MG
37713,-21.8320479,-46.5591415,pocos de caldas,MG
37714,-21.7988844,-46.6009327,pocos de caldas,MG
37716,-21.7959336,-46.5901957,pocos de caldas,MG
37718,-21.8812904,-46.6162550,pocos de caldas,MG
37720,-21.6480023,-46.3997861,botelhos,MG
37723,-21.5954734,-46.3194949,botelhos,MG
37725,-21.6381773,-46.5167499,palmeiral,MG
37730,-21.7111112,-46.2466090,campestre,MG
37740,-21.7301254,-46.3864678,bandeira do sul,MG
37750,-21.6804089,-45.9205299,machado,MG
37757,-21.7801509,-45.9674677,poco fundo,MG
37760,-21.7785022,-45.8428254,carvalhopolis,MG
37775,-22.0499974,-46.3291073,santa rita de caldas,MG
37780,-21.9138528,-46.3924119,caldas,MG
37785,-23.4896996,-46.6374257,santana de caldas,MG
37790,-22.0633684,-46.4405686,ibitiura de minas,MG
37795,-22.0704714,-46.5735482,andradas,MG
37800,-21.3059584,-46.7140779,guaxupe,MG
37805,-21.2529938,-46.5789649,juruaia,MG
37810,-21.3019692,-46.7934431,guaranesia,MG
37815,-19.3217249,-48.9220081,santa cruz do prata,MG
37820,-21.3641328,-46.9398955,arceburgo,MG
37855,-21.1267444,-46.6271622,sao pedro da uniao,MG
37860,-21.1114108,-46.4205627,nova resende,MG
37865,-21.0111841,-46.4016619,petunia,MG
37880,-21.4738233,-46.3960917,cabo verde,MG
37890,-21.3689815,-46.5231566,muzambinho,MG
37900,-20.7196382,-46.6048485,passos,MG
37901,-20.7358472,-46.5990691,passos,MG
37902,-20.7292842,-46.6138365,passos,MG
37903,-20.7148930,-46.6277434,passos,MG
37904,-20.7091313,-46.6179163,passos,MG
37905,-20.8561795,-46.7201591,fortaleza de minas,MG
37910,-20.3531467,-46.8429412,delfinopolis,MG
37920,-20.5544391,-46.5481936,sao joao batista do gloria,MG
37922,-20.3296353,-46.3711135,vargem bonita,MG
37925,-20.4691072,-45.9607997,piumhi,MG
37926,-20.2903447,-45.9013638,doresopolis,MG
37927,-20.3457436,-46.4838767,são josé do barreiro,MG
37928,-20.2405567,-46.3820971,sao roque de minas,MG
37930,-20.6165565,-46.0462501,capitolio,MG
37940,-20.8586700,-46.3868960,alpinopolis,MG
37945,-20.7155296,-46.3166000,sao jose da barra,MG
37948,-21.0181422,-46.5186556,bom jesus da penha,MG
37950,-20.9139520,-46.9862962,sao sebastiao do paraiso,MG
37952,-20.9157645,-47.1561983,guardinha,MG
37955,-21.0815934,-47.0445279,itamogi,MG
37958,-21.1870540,-46.9762261,monte santo de minas,MG
37960,-20.7806381,-47.0986171,sao tomas de aquino,MG
37965,-21.0181746,-46.7432090,jacui,MG
37968,-21.0110862,-46.8117331,monte santo de minas,MG
37970,-20.7443872,-46.8612127,pratapolis,MG
37973,-20.8408589,-46.7990059,itamogi,MG
37975,-20.7442884,-46.7513806,itau de minas,MG
37980,-20.5829307,-46.9221356,cassia,MG
37990,-20.4639195,-47.1256900,ibiraci,MG
37993,-20.6210998,-47.0551657,capetinga,MG
37997,-20.4015468,-47.2856087,claraval,MG
38010,-19.7484331,-47.9362445,uberaba,MG
38015,-19.7479199,-47.9261749,uberaba,MG
38017,-19.7401985,-47.9247930,uberaba,MG
38020,-19.7606893,-47.9468715,uberaba,MG
38022,-19.7601890,-47.9391453,uberaba,MG
38025,-19.7568535,-47.9301727,uberaba,MG
38026,-19.7617066,-47.9211032,uberaba,MG
38030,-19.7675521,-47.9330059,uberaba,MG
38031,-19.7724580,-47.9289776,uberaba,MG
38035,-19.7629064,-47.9006895,uberaba,MG
38036,-19.7684228,-47.9141343,uberaba,MG
38037,-19.7799718,-47.9136052,uberaba,MG
38038,-19.7779822,-47.8939703,uberaba,MG
38040,-19.7864217,-47.9377269,uberaba,MG
38041,-19.7831690,-47.9217033,uberaba,MG
38045,-19.7740467,-47.9552653,uberaba,MG
38046,-19.7737698,-47.9966356,uberaba,MG
38048,-19.7701787,-47.9448464,uberaba,MG
38050,-19.7583127,-47.9555246,uberaba,MG
38051,-19.7576183,-47.9833686,uberaba,MG
38055,-19.7508867,-47.9684946,uberaba,MG
38056,-19.7350743,-47.9870422,uberaba,MG
38057,-19.7371447,-47.9659229,uberaba,MG
38060,-19.7455459,-47.9450859,uberaba,MG
38061,-19.7442559,-47.9553393,uberaba,MG
38064,-19.7072305,-47.9681842,uberaba,MG
38065,-19.7396460,-47.9355519,uberaba,MG
38066,-19.7342541,-47.9430947,uberaba,MG
38067,-19.7287071,-47.9355337,uberaba,MG
38070,-19.7310053,-47.9229156,uberaba,MG
38071,-19.7236769,-47.9163950,uberaba,MG
38072,-19.7318579,-47.9125189,uberaba,MG
38073,-19.7350051,-47.8933401,uberaba,MG
38080,-19.7424656,-47.9146124,uberaba,MG
38081,-19.7528086,-47.9127038,uberaba,MG
38082,-19.7493668,-47.8982607,uberaba,MG
38106,-19.3911061,-46.7280662,ponte alta,MG
38108,-19.9752190,-47.7766587,delta,MG
38110,-20.0577918,-48.1081179,agua comprida,MG
38120,-19.9212405,-48.3754942,conceicao das alagoas,MG
38130,-19.7625370,-48.5746977,campo florido,MG
38140,-19.3068266,-48.9228010,prata,MG
38150,-19.6685681,-48.3093985,verissimo,MG
38160,-19.3364370,-47.1132218,nova ponte,MG
38170,-19.3606550,-47.2856264,perdizes,MG
38175,-19.3160040,-47.5282929,santa juliana,MG
38178,-19.2283856,-47.4644893,pedrinopolis,MG
38180,-19.5823992,-46.9537957,araxa,MG
38181,-19.5757388,-46.9317278,araxa,MG
38182,-19.6052275,-46.9258749,araxa,MG
38183,-19.5965615,-46.9374885,araxa,MG
38184,-19.6018555,-46.9447815,araxa,MG
38185,-19.9252825,-46.8278520,tapira,MG
38190,-19.8700113,-47.4441145,sacramento,MG
38195,-19.9328947,-47.5520605,conquista,MG
38198,-19.8585276,-47.5834196,guaxima,MG
38200,-20.0273782,-48.9335096,frutal,MG
38205,-18.8670628,-48.2641170,aparecida de minas,MG
38210,-19.9075905,-48.7020297,pirajuba,MG
38220,-20.1379764,-48.7021594,planura,MG
38230,-20.2794550,-49.2025515,fronteira,MG
38240,-19.9010264,-49.3688203,itapagipe,MG
38250,-19.6957491,-49.0833014,comendador gomes,MG
38260,-19.8587381,-49.7721758,sao francisco de sales,MG
38270,-19.5343018,-49.5020946,campina verde,MG
38272,-19.5615042,-50.0160733,honorópolis,MG
38280,-19.7293654,-50.1995661,iturama,MG
38282,-19.7029082,-50.4142471,alexandrita,MG
38288,-19.5210340,-50.3342314,uniao de minas,MG
38290,-19.7115563,-50.7214274,carneirinho,MG
38292,-22.4160534,-47.6393595,sao sebastiao do pontal,MG
38294,-19.9051521,-50.7260120,estrela da barra,MG
38295,-19.5456224,-50.5822843,limeira do oeste,MG
38300,-18.9763553,-49.4629746,ituiutaba,MG
38301,-18.9536191,-49.4581758,ituiutaba,MG
38302,-18.9680227,-49.4494059,ituiutaba,MG
38303,-18.9820595,-49.4388529,ituiutaba,MG
38304,-18.9892192,-49.4519872,ituiutaba,MG
38305,-19.0025775,-49.4789299,ituiutaba,MG
38307,-18.9770985,-49.4809727,ituiutaba,MG
38308,-18.9617541,-49.4779510,ituiutaba,MG
38310,-19.2127659,-49.7847844,gurinhata,MG
38320,-18.8516272,-50.1407906,santa vitoria,MG
38325,-19.0432905,-50.4880521,chaveslandia,MG
38328,-19.0403945,-50.4907549,perdilandia,MG
38350,-18.6927406,-49.9435765,ipiacu,MG
38360,-18.6832639,-49.5699387,capinopolis,MG
38370,-18.5317816,-49.4943230,cachoeira dourada,MG
38380,-18.7235035,-49.1992779,canapolis,MG
38390,-18.5852749,-49.2006196,centralina,MG
38400,-18.9132479,-48.2782122,uberlandia,MG
38401,-18.8916160,-48.2898155,uberlandia,MG
38402,-18.8739982,-48.2741398,uberlandia,MG
38405,-18.8926980,-48.2499399,uberlandia,MG
38406,-18.8758213,-48.2318965,uberlandia,MG
38407,-18.9149673,-48.1938792,uberlandia,MG
38408,-18.9240802,-48.2492672,uberlandia,MG
38409,-18.9280513,-48.2145825,uberlandia,MG
38410,-18.9541749,-48.2379106,uberlandia,MG
38411,-18.9495190,-48.2762900,uberlandia,MG
38412,-18.9502373,-48.3094707,uberlandia,MG
38413,-18.9316897,-48.3150551,uberlandia,MG
38414,-18.9213974,-48.3294633,uberlandia,MG
38415,-18.8970556,-48.3291030,uberlandia,MG
38420,-18.8688474,-48.8797474,monte alegre de minas,MG
38421,-18.9774654,-48.3585508,uberlandia,MG
38425,-18.9760119,-48.2742537,uberlandia,MG
38430,-18.5993384,-48.6941285,tupaciguara,MG
38433,-18.8988006,-48.1575140,uberlandia,MG
38435,-18.4330418,-49.1845109,arapora,MG
38439,-18.9476737,-48.1759117,martinesia,MG
38440,-18.6526444,-48.1922355,araguari,MG
38441,-18.6570480,-48.2093335,araguari,MG
38442,-18.6450995,-48.2049934,araguari,MG
38443,-18.6348248,-48.2047305,araguari,MG
38444,-18.6309175,-48.1895248,araguari,MG
38445,-18.6422014,-48.1780146,araguari,MG
38446,-18.6610025,-48.1809792,araguari,MG
38447,-18.6607822,-48.1896092,araguari,MG
38455,-18.5340130,-48.1962951,amanhece,MG
38460,-18.6053123,-47.8833709,cascalho rico,MG
38465,-18.4336255,-49.1856717,arapora,MG
38470,-18.4972904,-47.7229317,grupiara,MG
38475,-18.8688509,-48.8785466,monte alegre de minas,MG
38480,-18.5968446,-48.6976030,tupaciguara,MG
38490,-19.0367544,-47.9183474,indianopolis,MG
38500,-18.7325532,-47.4963676,monte carmelo,MG
38510,-18.9860547,-47.4632510,irai de minas,MG
38520,-18.8849565,-47.5858636,romaria,MG
38525,-18.7412829,-47.7019248,estrela do sul,MG
38530,-18.4349386,-47.6081204,douradoquara,MG
38540,-18.4744765,-47.4078365,abadia dos dourados,MG
38550,-18.4762742,-47.1968213,coromandel,MG
38570,-17.7693178,-47.0982011,guarda-mor,MG
38600,-17.2241790,-46.8742646,paracatu,MG
38602,-17.2256207,-46.8823999,paracatu,MG
38603,-17.2334155,-46.8793456,paracatu,MG
38606,-18.1298372,-46.1708927,paracatu,MG
38607,-17.2252101,-46.8555948,paracatu,MG
38610,-16.3638140,-46.8953082,unai,MG
38625,-16.0556682,-47.1436524,cabeceira grande,MG
38630,-16.0597186,-46.2552820,uruana de minas,MG
38640,-16.2301718,-45.9914173,riachinho,MG
38649,-15.9726874,-45.0958268,urucuia,MG
38650,-16.5625277,-45.9986359,bonfinopolis de minas,MG
38654,-16.6518633,-46.2692803,dom bosco,MG
38658,-16.5095941,-46.4918858,natalandia,MG
38660,-15.6272145,-46.4263289,buritis,MG
38665,-15.2142495,-46.8157387,serra bonita,MG
38680,-15.9203507,-46.1077350,arinos,MG
38689,-15.3000722,-45.6260073,chapada gaucha,MG
38690,-14.9572167,-46.2298152,formoso,MG
38700,-18.5951410,-46.5186794,patos de minas,MG
38701,-18.5764075,-46.5259859,patos de minas,MG
38702,-18.5719491,-46.5161483,patos de minas,MG
38703,-18.5768667,-46.4947707,patos de minas,MG
38705,-18.5950289,-46.5005076,patos de minas,MG
38706,-18.6196476,-46.5054498,patos de minas,MG
38711,-18.8330767,-46.5947954,santana de patos,MG
38717,-19.1739879,-45.4183444,pilar,MG
38720,-18.7761804,-46.4042172,lagoa formosa,MG
38730,-18.8449947,-46.7952821,guimarania,MG
38735,-18.9533341,-46.6737843,cruzeiro da fortaleza,MG
38738,-21.8513394,-50.7145612,brejo bonito,MG
38740,-18.9470735,-46.9914676,patrocinio,MG
38741,-18.9675520,-47.0006924,patrocinio,MG
38742,-18.9368741,-47.0016881,patrocinio,MG
38743,-18.9284532,-47.0003590,patrocinio,MG
38744,-18.9357592,-46.9867062,patrocinio,MG
38745,-18.9255873,-46.9667452,patrocinio,MG
38747,-18.9424315,-46.9852114,patrocinio,MG
38748,-18.9609952,-46.9922515,patrocinio,MG
38749,-18.8391273,-46.9467216,sao joao da serra negra,MG
38750,-18.4124944,-46.4169600,presidente olegario,MG
38755,-17.8390360,-46.5182425,lagoa grande,MG
38760,-19.1112383,-46.6816955,serra do salitre,MG
38770,-17.7320054,-46.1658873,joao pinheiro,MG
38772,-17.5954443,-45.8898464,olhos d'agua do oeste,MG
38773,-17.3977897,-45.8331477,joao pinheiro,MG
38775,-17.6414769,-45.8260782,joao pinheiro,MG
38776,-17.2054054,-47.8018407,luizlandia do oeste,MG
38779,-17.0050270,-46.0061647,brasilandia de minas,MG
38780,-17.9872371,-46.9038076,vazante,MG
38785,-18.1694484,-46.7984145,lagamar,MG
38790,-18.3250709,-45.7996979,sao goncalo do abaete,MG
38794,-18.3832823,-46.0346373,varjao de minas,MG
38800,-19.3178692,-46.0522540,sao gotardo,MG
38803,-19.3660611,-46.1214227,guarda dos ferreiros,MG
38805,-19.6345746,-45.9509328,santa rosa da serra,MG
38810,-19.1994237,-46.2432190,rio paranaiba,MG
38819,-19.6769893,-51.1889375,rio paranaiba,MG
38840,-18.9983454,-46.3093583,carmo do paranaiba,MG
38845,-18.8598466,-46.0860165,carmo do paranaiba,MG
38860,-19.0364162,-46.1522511,arapua,MG
38870,-19.2222999,-45.9698552,matutina,MG
38880,-18.9859091,-45.9520091,tiros,MG
38900,-20.0151613,-45.9768476,bambui,MG
38910,-20.1722089,-45.7120816,iguatama,MG
38930,-19.9966312,-46.2197615,medeiros,MG
38950,-19.5150392,-46.5616082,ibia,MG
38960,-19.7519367,-46.3836482,pratinha,MG
38970,-19.6967576,-46.1698551,campos altos,MG
38980,-19.8887919,-46.0207132,tapirai,MG
38990,-19.8245294,-45.9060053,corrego danta,MG
39100,-18.2403479,-43.6005079,diamantina,MG
39110,-18.0884351,-43.7422717,sao joao da chapada,MG
39112,-17.8113276,-43.4217273,senador mourao,MG
39113,-17.6966099,-43.3317808,desembargador otoni,MG
39120,-18.4708137,-43.7610136,gouveia,MG
39130,-18.4472726,-43.6588714,datas,MG
39135,-18.6189152,-43.5739277,presidente kubitschek,MG
39140,-18.7374492,-43.3734946,alvorada de minas,MG
39150,-18.5983638,-43.3886446,serro,MG
39153,-18.4194738,-43.4954187,sao goncalo do rio das pedras,MG
39155,-18.4722726,-43.4969279,milho verde,MG
39160,-18.4628986,-43.3026067,santo antonio do itambe,MG
39165,-18.3625467,-43.1711370,serra azul de minas,MG
39170,-18.2938741,-43.0099962,rio vermelho,MG
39175,-21.3586765,-46.1505426,pedra menina,MG
39180,-18.0786794,-43.2469761,felicio dos santos,MG
39185,-18.0037839,-43.3781259,sao goncalo do rio preto,MG
39188,-18.0718636,-43.4734403,couto de magalhaes de minas,MG
39190,-17.9486261,-43.2228002,senador modestino goncalves,MG
39200,-18.3657866,-44.4544019,corinto,MG
39205,-18.2081637,-45.2264967,tres marias,MG
39207,-18.2562300,-45.0666200,andrequice,MG
39210,-18.2968643,-44.2211702,santo hipolito,MG
39215,-18.3228833,-44.1181068,monjolos,MG
39219,-18.1088450,-44.2623684,augusto de lima,MG
39220,-18.1074725,-44.2598094,augusto de lima,MG
39230,-17.8746716,-44.1704373,buenopolis,MG
39237,-18.8445107,-44.8618978,felixlandia,MG
39238,-18.7112836,-45.1535214,felixlandia,MG
39240,-17.7580992,-44.1697061,joaquim felicio,MG
39243,-18.7319032,-44.3617947,inimutaba,MG
39245,-18.6376248,-44.0592810,presidente juscelino,MG
39248,-18.5430116,-44.6018093,morro da garca,MG
39250,-17.8704582,-44.6030275,lassance,MG
39260,-17.5980708,-44.7486535,varzea da palma,MG
39265,-19.8640318,-43.9064140,guaicui,MG
39270,-17.3408454,-44.9335341,pirapora,MG
39280,-17.3645557,-44.9846472,buritizeiro,MG
39290,-16.3661928,-45.0719530,sao romao,MG
39295,-16.9454332,-45.3233930,santa fe de minas,MG
39300,-15.9676072,-44.8617650,sao francisco,MG
39314,-15.3137911,-45.6096250,chapada gaucha,MG
39315,-16.1249357,-45.7407533,urucuia,MG
39317,-16.0530755,-45.1460878,pintopolis,MG
39318,-16.2151909,-44.9081519,icarai de minas,MG
39320,-16.2898244,-44.7827682,ubai,MG
39325,-16.3748944,-45.0154034,bentópolis de minas,MG
39328,-16.6313387,-45.0642238,ponto chique,MG
39330,-16.2157064,-44.4339444,brasilia de minas,MG
39335,-15.9942717,-44.2773889,japonvar,MG
39336,-16.1209774,-44.5844931,luislandia,MG
39338,-16.5057283,-44.8116778,campo azul,MG
39340,-16.6603346,-44.3461162,coracao de jesus,MG
39344,-16.4986524,-44.2609448,luiz pires de minas,MG
39347,-16.4081329,-44.2177175,alvacao,MG
39350,-16.8625423,-44.8823009,ibiai,MG
39355,-16.8524875,-44.3473207,sao joao da lagoa,MG
39360,-16.9858993,-44.5898099,lagoa dos patos,MG
39363,-17.2849907,-43.9499324,engenheiro navarro,MG
39365,-16.5341439,-44.5305311,sao joao do pacui,MG
39370,-17.2287864,-44.4325204,jequitai,MG
39373,-16.2539158,-44.1643266,mirabela,MG
39378,-16.8649811,-44.0683028,patis,MG
39380,-17.0438363,-44.2060842,claro dos pocoes,MG
39385,-19.2638411,-45.2469600,vista alegre,MG
39387,-17.3133461,-44.2324170,francisco dumont,MG
39390,-17.1152122,-43.8128704,bocaiuva,MG
39397,-17.0136746,-43.6708561,guaraciama,MG
39398,-17.4016039,-43.5710054,olhos d'agua,MG
39400,-16.7219761,-43.8629136,montes claros,MG
39401,-16.7246331,-43.8724784,montes claros,MG
39402,-16.7403237,-43.8481663,montes claros,MG
39403,-16.7527252,-43.8718243,montes claros,MG
39404,-16.7029038,-43.8317384,montes claros,MG
39405,-16.7053485,-43.8458906,montes claros,MG
39406,-16.7222289,-43.8308610,montes claros,MG
39407,-16.7355387,-43.8594749,montes claros,MG
39408,-16.7275734,-43.8861296,montes claros,MG
39414,-20.9261002,-45.1882202,nova esperanca,MG
39416,-16.4514900,-43.8217600,vila nova de minas,MG
39417,-17.2854614,-43.9502644,engenheiro navarro,MG
39425,-16.0803584,-44.0804604,patis,MG
39430,-15.9338099,-44.0024161,sao joao da ponte,MG
39437,-15.9015463,-44.3010922,lontra,MG
39440,-15.8077656,-43.3092677,janauba,MG
39442,-15.8013986,-43.3103255,janaúba,MG
39445,-15.8452610,-43.3336478,janauba,MG
39447,-15.8210829,-43.3000511,janaúba,MG
39450,-15.7033764,-44.0226688,varzelandia,MG
39455,-15.6589489,-44.1580221,ibiracatu,MG
39458,-15.5911519,-43.6101844,verdelandia,MG
39460,-14.7536387,-43.9396547,manga,MG
39465,-14.7490847,-44.4104368,miravania,MG
39467,-14.2971042,-44.1676417,juvenilia,MG
39470,-15.0966206,-44.1025957,itacarambi,MG
39472,-16.5434305,-43.7462538,capitao eneas,MG
39473,-16.0414418,-43.5541711,cacarema,MG
39475,-14.8816785,-44.0869278,sao joao das missoes,MG
39478,-14.8545831,-43.9198365,matias cardoso,MG
39480,-15.4834205,-44.3798942,januaria,MG
39489,-15.2967626,-44.4127412,conego marinho,MG
39490,-15.3233324,-44.7578999,bonito de minas,MG
39492,-15.6056149,-44.3839825,pedras de maria da cruz,MG
39495,-14.4167860,-44.3821622,montalvania,MG
39497,-14.5198155,-44.3948458,sao sebastiao dos pocoes,MG
39500,-15.1525851,-42.8709809,monte azul,MG
39505,-15.0828950,-43.1193498,gameleiras,MG
39508,-15.3407999,-43.6723321,jaiba,MG
39510,-14.9236542,-42.8130925,espinosa,MG
39516,-15.0477253,-42.9519858,mamonas,MG
39517,-15.5315834,-43.0681854,pai pedro,MG
39518,-15.8095546,-42.8713843,serranopolis de minas,MG
39520,-15.7428281,-43.0280696,porteirinha,MG
39523,-15.6548851,-43.0654078,tocandira,MG
39525,-15.8031417,-43.3010987,nova porteirinha,MG
39526,-15.3647382,-42.9803447,catuti,MG
39527,-15.3931606,-42.8608437,mato verde,MG
39529,-16.0034043,-43.0465308,riacho dos machados,MG
39530,-15.6178343,-42.5421155,rio pardo de minas,MG
39535,-15.3982625,-42.3084156,vargem grande do rio pardo,MG
39536,-15.5071603,-42.2135832,indaiabira,MG
39538,-16.2920942,-43.1566294,santo antonio do retiro,MG
39540,-15.3159284,-42.0183416,sao joao do paraiso,MG
39547,-15.1713222,-42.5003361,montezuma,MG
39550,-15.8122153,-42.2270953,taiobeiras,MG
39553,-15.3285280,-41.7397400,ninheira,MG
39555,-15.6203422,-41.7458922,berizal,MG
39558,-16.1161532,-42.5303298,fruta de leite,MG
39560,-16.1643303,-42.2932535,salinas,MG
39563,-16.0885993,-41.7516557,santa cruz de salinas,MG
39565,-16.4055819,-42.2618834,rubelita,MG
39568,-16.0123757,-42.4155529,novorizonte,MG
39569,-15.9178882,-41.8010132,curral de dentro,MG
39570,-16.5155620,-42.8602657,grao mogol,MG
39573,-16.3472085,-42.5310758,padre carvalho,MG
39575,-16.5449869,-42.5162599,josenopolis,MG
39580,-16.4877640,-43.4174996,francisco sa,MG
39585,-16.2400508,-43.2749549,catuni,MG
39590,-16.8458723,-43.5880452,juramento,MG
39592,-16.8505539,-43.6972639,glaucilandia,MG
39594,-17.0594067,-43.3169118,itacambira,MG
39596,-16.8653087,-42.9956564,botumirim,MG
39597,-0.9331793,-48.2798855,adao colares,MG
39598,-16.7190681,-42.8650274,cristalia,MG
39600,-16.8823388,-42.0899371,aracuai,MG
39602,-17.0079931,-42.0739308,aracuai,MG
39610,-16.6075154,-41.7709719,itinga,MG
39615,-16.7595188,-41.4968122,ponto dos volantes,MG
39620,-16.2274127,-41.4783528,medina,MG
39623,-19.8932373,-43.9863047,tuparece,MG
39625,-16.5583019,-41.5031889,itaobim,MG
39628,-16.2971668,-41.7941731,comercinho,MG
39629,-16.1920798,-41.7261677,agua branca de minas,MG
39630,-16.7987568,-42.3363136,virgem da lapa,MG
39635,-16.6134712,-42.1825776,coronel murta,MG
39640,-16.9227674,-42.4784750,berilo,MG
39642,-16.9045130,-42.6109153,jose goncalves de minas,MG
39644,-17.0100813,-42.3499585,francisco badaro,MG
39645,-17.0900763,-42.2508918,jenipapo de minas,MG
39648,-17.0954850,-42.5342773,chapada do norte,MG
39650,-17.2240933,-42.5852921,minas novas,MG
39655,-17.0860670,-42.7035707,leme do prado,MG
39660,-17.2997499,-42.7324102,turmalina,MG
39662,-17.2575000,-43.0436100,cacaratiba,MG
39663,-17.4013801,-42.7332763,veredinha,MG
39664,-21.7705992,-43.3552302,mendonca,MG
39665,-17.5355834,-43.0160204,carbonita,MG
39670,-17.8602802,-42.8619859,itamarandiba,MG
39678,-17.8680159,-42.5561088,aricanduva,MG
39680,-17.6960811,-42.5164573,capelinha,MG
39685,-17.7290054,-42.2703482,angelandia,MG
39688,-17.6015620,-42.1490460,setubinha,MG
39690,-17.8476977,-42.0808486,malacacheta,MG
39695,-17.9597879,-42.0080036,franciscopolis,MG
39700,-18.5455861,-42.5611702,pecanha,MG
39703,-18.5305429,-42.6228749,cantagalo,MG
39704,-20.0743798,-42.8206738,sao geraldo do baguari,MG
39705,-18.5461681,-42.7655924,sao joao evangelista,MG
39706,-18.6233828,-46.5088736,nelson de sena,MG
39707,-18.2773199,-42.6722653,sao jose do jacuri,MG
39708,-18.1688964,-42.7670746,frei lagonegro,MG
39710,-18.6200274,-42.2826679,coroaci,MG
39711,-19.9314093,-41.6919104,conceição de tronqueiras,MG
39715,-18.4746541,-42.3096013,virgolandia,MG
39716,-18.4746574,-42.3081546,virgolandia,MG
39718,-18.4557710,-42.2491044,nacip raydan,MG
39720,-18.8249831,-42.4804187,gonzaga,MG
39723,-19.1616335,-42.5042985,sao geraldo da piedade,MG
39725,-18.8279078,-42.4390793,santa efigenia de minas,MG
39728,-18.7819202,-42.3672423,sardoa,MG
39730,-18.8138679,-42.7013623,virginopolis,MG
39735,-18.7975283,-42.6065636,divinolandia de minas,MG
39740,-18.7757652,-42.9316620,guanhaes,MG
39741,-18.6787455,-42.7757276,correntinho,MG
39742,-18.8470096,-42.7759399,sapucaia de guanhaes,MG
39745,-18.9065325,-43.0812367,senhora do porto,MG
39750,-18.6672471,-43.0818026,sabinopolis,MG
39755,-18.4728542,-43.0594867,materlandia,MG
39765,-18.4350957,-42.8691114,paulistas,MG
39770,-18.2320947,-42.8398648,coluna,MG
39775,-18.2326817,-42.4909549,jose raydan,MG
39780,-18.1908969,-42.4114858,santa maria do suacui,MG
39784,-18.3575540,-42.5972306,sao pedro do suacui,MG
39785,-18.3199428,-42.1426278,sao jose da safira,MG
39790,-17.9781751,-42.3924847,agua boa,MG
39795,-18.0888796,-42.5700345,sao sebastiao do maranhao,MG
39800,-17.8544148,-41.5086698,teofilo otoni,MG
39801,-17.8580653,-41.4952792,teofilo otoni,MG
39802,-17.8714113,-41.4996952,teofilo otoni,MG
39803,-17.8772282,-41.5082244,teofilo otoni,MG
39804,-17.8574541,-41.5193539,teofilo otoni,MG
39807,-21.7817327,-43.3415635,topazio,MG
39809,-18.9051977,-42.7470177,mucuri,MG
39810,-17.1874306,-41.6974031,carai,MG
39812,-9.2908884,-44.9544229,ponto do marambaia,MG
39813,-17.1582112,-41.5650149,marambainha,MG
39814,-17.4295881,-41.0001800,pavao,MG
39815,-17.4004645,-41.6698751,itaipe,MG
39816,-17.1077399,-41.6622401,catuji,MG
39817,-17.4127285,-41.2195928,novo oriente de minas,MG
39818,-17.0741401,-41.4869054,padre paraiso,MG
39820,-17.4600765,-41.8854411,novo cruzeiro,MG
39823,-17.2758286,-42.0149917,queixada,MG
39825,-17.6316041,-41.7468405,ladainha,MG
39826,-17.6797200,-41.8763900,concordia de mucuri,MG
39827,-17.8050103,-41.7875529,pote,MG
39830,-18.0376094,-41.6823682,itambacuri,MG
39835,-18.2400032,-41.7280553,campanario,MG
39837,-18.4779282,-41.7833636,jampruca,MG
39840,-18.0728212,-41.4888776,frei gaspar,MG
39848,-18.4801486,-41.3871753,sao jose do divino,MG
39850,-18.0575509,-41.1352310,ataleia,MG
39855,-18.0695724,-41.2732844,ouro verde de minas,MG
39860,-17.8440813,-40.3491558,nanuque,MG
39862,-18.1803500,-40.9136434,vila pereira,MG
39864,-17.6569980,-40.8713127,carlos chagas,MG
39865,-17.6993807,-40.7658426,presidente pena,MG
39866,-17.9100000,-41.0136100,epaminondas otoni,MG
39868,-17.7819069,-40.2448472,serra dos aimores,MG
39870,-16.8914464,-40.9177279,fronteira dos vales,MG
39873,-17.0768570,-40.7181809,machacalis,MG
39874,-16.9376237,-40.6842753,santa helena de minas,MG
39875,-17.0274097,-40.5557615,bertopolis,MG
39878,-17.2617032,-40.5927009,umburatiba,MG
39880,-17.0822013,-40.9391998,aguas formosas,MG
39885,-17.2601390,-41.0068828,crisolita,MG
39888,-19.7616101,-43.8499222,nova santa luzia,MG
39890,-16.6691990,-41.0254857,joaima,MG
39893,-16.8633370,-41.2549255,monte formoso,MG
39895,-16.6419634,-40.7603220,felisburgo,MG
39900,-16.1762876,-40.6930296,almenara,MG
39912,-15.7219166,-41.0028939,divisopolis,MG
39915,-15.6902918,-40.7384460,mata verde,MG
39917,-15.8857977,-40.5622830,bandeira,MG
39920,-15.8950905,-40.1881118,jordania,MG
39923,-22.6750859,-46.1175272,estrela de jordania,MG
39925,-16.0054481,-39.9545798,salto da divisa,MG
39928,-16.2509546,-40.1495967,santa maria do salto,MG
39930,-16.1562069,-40.2947099,jacinto,MG
39931,-16.1453583,-40.2968884,avaí do jacinto,MG
39935,-16.5346023,-40.1904646,santo antonio do jacinto,MG
39940,-16.6511312,-40.5676753,rio do prado,MG
39945,-16.7445648,-40.4143061,palmopolis,MG
39948,-16.8412798,-40.3187202,dois de abril,MG
39950,-16.3838710,-40.5358855,rubim,MG
39955,-16.5199318,-40.4444745,itapiru,MG
39960,-16.4403362,-41.0091851,jequitinhonha,MG
39970,-15.9947417,-41.2725570,pedra azul,MG
39980,-15.9625092,-41.4884032,cachoeira de pajeu,MG
39990,-15.6553670,-41.4813962,aguas vermelhas,MG
39995,-15.7259204,-41.3414846,divisa alegre,MG
39999,-15.5268182,-41.4942315,aguas vermelhas,MG
40010,-12.9702344,-38.5122953,salvador,BA
40015,-12.9643206,-38.4930670,salvador,BA
40020,-12.9757452,-38.5127434,salvador,BA
40024,-12.9776647,-38.5145616,salvador,BA
40025,-12.9717698,-38.5066280,salvador,BA
40040,-12.9785232,-38.5095231,salvador,BA
40045,-12.9726990,-38.5051833,salvador,BA
40050,-12.9778040,-38.5043725,salvador,BA
40055,-12.9712813,-38.5010241,salvador,BA
40060,-12.9825349,-38.5169766,salvador,BA
40070,-12.9851464,-38.5137149,salvador,BA
40080,-12.9883022,-38.5213053,salvador,BA
40081,-12.9951179,-38.5275538,salvador,BA
40100,-12.9915513,-38.5147986,salvador,BA
40105,-12.9932233,-38.5089150,salvador,BA
40110,-12.9931857,-38.5214564,salvador,BA
40130,-13.0026288,-38.5287078,salvador,BA
40140,-13.0051181,-38.5231276,salvador,BA
40150,-12.9977914,-38.5211027,salvador,BA
40155,-13.0044459,-38.5182063,salvador,BA
40157,-13.0023520,-38.5193269,salvador,BA
40170,-13.0080347,-38.5107276,salvador,BA
40210,-13.0012719,-38.5094046,salvador,BA
40213,-12.9964382,-38.5101404,salvador,BA
40215,-12.9861019,-38.4754168,salvador,BA
40220,-12.9994908,-38.4923006,salvador,BA
40221,-13.0034251,-38.4956420,salvador,BA
40223,-13.0027527,-38.4990197,salvador,BA
40226,-13.0017421,-38.5139809,salvador,BA
40230,-12.9969144,-38.5029265,salvador,BA
40231,-12.9964600,-38.5044151,salvador,BA
40240,-12.9891331,-38.4994281,salvador,BA
40241,-12.9803645,-38.4969805,salvador,BA
40243,-12.9794011,-38.4974179,salvador,BA
40245,-12.9862542,-38.5042930,salvador,BA
40250,-12.9791555,-38.4905792,salvador,BA
40251,-12.9765846,-38.4906561,salvador,BA
40252,-12.9815374,-38.4915015,salvador,BA
40253,-12.9821706,-38.4874393,salvador,BA
40254,-12.9806880,-38.4891880,salvador,BA
40255,-12.9738078,-38.4961683,salvador,BA
40260,-12.9733932,-38.4926135,salvador,BA
40265,-12.9746420,-38.4810815,salvador,BA
40270,-12.9712693,-38.4878358,salvador,BA
40275,-12.9788976,-38.4667665,salvador,BA
40276,-12.9830606,-38.4794895,salvador,BA
40279,-12.9859707,-38.4717246,salvador,BA
40280,-12.9850818,-38.4714064,salvador,BA
40283,-12.9860962,-38.4911957,salvador,BA
40285,-12.9889189,-38.4881102,salvador,BA
40286,-12.9913229,-38.4860719,salvador,BA
40290,-12.9929811,-38.4924979,salvador,BA
40295,-12.9984474,-38.4868771,salvador,BA
40296,-12.9942296,-38.4805349,salvador,BA
40300,-12.9645860,-38.4956413,salvador,BA
40301,-12.9656184,-38.5013217,salvador,BA
40302,-12.9657315,-38.4959719,salvador,BA
40310,-12.9594851,-38.4813828,salvador,BA
40313,-12.9640759,-38.4862568,salvador,BA
40314,-12.9589658,-38.4867283,salvador,BA
40315,-12.9658450,-38.4820727,salvador,BA
40318,-12.9612418,-38.4881839,salvador,BA
40320,-12.9587365,-38.4927747,salvador,BA
40321,-12.9584789,-38.4917653,salvador,BA
40323,-12.9578904,-38.4869351,salvador,BA
40325,-12.9508848,-38.4898862,salvador,BA
40327,-12.9459297,-38.4918130,salvador,BA
40330,-12.9527763,-38.4807549,salvador,BA
40335,-12.9489536,-38.4872081,salvador,BA
40340,-12.9516583,-38.4832731,salvador,BA
40342,-12.9501253,-38.4842406,salvador,BA
40349,-12.9328279,-38.4820578,salvador,BA
40350,-12.9465961,-38.4763567,salvador,BA
40352,-12.9362907,-38.4788761,salvador,BA
40353,-12.9440943,-38.4739286,salvador,BA
40354,-12.9457971,-38.4779975,salvador,BA
40355,-12.9257516,-38.4804640,salvador,BA
40357,-12.9454542,-38.4761652,salvador,BA
40365,-12.9525460,-38.4852722,salvador,BA
40366,-12.9462657,-38.4875202,salvador,BA
40367,-12.9455604,-38.4931111,salvador,BA
40368,-12.9478526,-38.4923446,salvador,BA
40370,-12.9443147,-38.4875977,salvador,BA
40375,-12.9486628,-38.4935577,salvador,BA
40385,-12.9278775,-38.4781333,salvador,BA
40386,-12.9226860,-38.4779136,salvador,BA
40387,-12.9267267,-38.4795023,salvador,BA
40390,-12.9357393,-38.4764031,salvador,BA
40391,-12.9330772,-38.4790305,salvador,BA
40393,-12.9376789,-38.4854474,salvador,BA
40394,-12.9162208,-38.4823679,salvador,BA
40396,-12.8840932,-38.4336394,salvador,BA
40410,-12.9447174,-38.4964203,salvador,BA
40411,-12.9463066,-38.5008518,salvador,BA
40414,-12.9321767,-38.5116558,salvador,BA
40415,-12.9263988,-38.5071427,salvador,BA
40420,-12.9171168,-38.4979506,salvador,BA
40421,-12.9173353,-38.4962683,salvador,BA
40425,-12.9281972,-38.5133319,salvador,BA
40430,-12.9320589,-38.4976159,salvador,BA
40433,-12.9447935,-38.3671032,salvador,BA
40435,-12.9269759,-38.4921486,salvador,BA
40436,-12.9350211,-38.4722834,salvador,BA
40440,-12.9293596,-38.5034572,salvador,BA
40444,-12.9364456,-38.4993288,salvador,BA
40445,-12.9411730,-38.5024496,salvador,BA
40450,-12.9354527,-38.4962025,salvador,BA
40451,-12.9346388,-38.4903897,salvador,BA
40454,-12.9320175,-38.4934285,salvador,BA
40455,-12.9335009,-38.5024566,salvador,BA
40460,-12.9584897,-38.5028674,salvador,BA
40470,-12.9143848,-38.4830359,salvador,BA
40480,-12.9202112,-38.4767513,salvador,BA
40483,-12.9208653,-38.4820621,salvador,BA
40484,-12.9103398,-38.4747980,salvador,BA
40487,-12.9283711,-38.4830537,salvador,BA
40490,-12.9012662,-38.4779071,salvador,BA
40710,-12.9075252,-38.4844769,salvador,BA
40711,-12.8865589,-38.4666852,salvador,BA
40713,-12.8948743,-38.4833614,salvador,BA
40715,-12.8905862,-38.4703058,salvador,BA
40717,-12.8971161,-38.4826801,salvador,BA
40718,-12.8967430,-38.4800049,salvador,BA
40720,-12.8872043,-38.4581701,salvador,BA
40725,-12.8844087,-38.4735470,salvador,BA
40726,-12.8844211,-38.4392829,salvador,BA
40730,-12.8920264,-38.4593846,salvador,BA
40731,-12.8956285,-38.4387670,salvador,BA
40735,-12.8936943,-38.4771788,salvador,BA
40740,-12.8629530,-38.4721785,salvador,BA
40750,-12.8799275,-38.4667575,salvador,BA
40760,-12.8660275,-38.4644293,salvador,BA
40800,-12.8858546,-38.4679014,salvador,BA
40810,-12.8584659,-38.4766636,salvador,BA
40820,-12.8811868,-38.4652941,salvador,BA
40830,-12.9691737,-38.4853132,salvador,BA
41100,-12.9693879,-38.4665390,salvador,BA
41110,-12.9711432,-38.4611189,salvador,BA
41120,-12.9701502,-38.4611990,salvador,BA
41130,-12.9655239,-38.4506090,salvador,BA
41150,-12.9586073,-38.4674373,salvador,BA
41152,-12.9565035,-38.4548947,salvador,BA
41180,-12.9596256,-38.4489038,salvador,BA
41181,-12.9537256,-38.4394949,salvador,BA
41185,-12.9467346,-38.4514922,salvador,BA
41190,-12.9379599,-38.4673578,salvador,BA
41192,-12.9569244,-38.4485003,salvador,BA
41194,-12.9622982,-38.4398374,salvador,BA
41195,-12.9445926,-38.4571204,salvador,BA
41197,-12.9482599,-38.4615705,salvador,BA
41200,-12.9478573,-38.4610947,salvador,BA
41204,-12.9398493,-38.4679189,salvador,BA
41205,-12.9308824,-38.4450605,salvador,BA
41207,-12.9420980,-38.4498779,salvador,BA
41210,-12.9493269,-38.4483952,salvador,BA
41211,-12.9469254,-38.4432389,salvador,BA
41213,-12.9390619,-38.4383529,salvador,BA
41214,-12.9304350,-38.4430434,salvador,BA
41215,-12.9372242,-38.4373399,salvador,BA
41217,-12.9397998,-38.4530946,salvador,BA
41218,-12.9442306,-38.4374953,salvador,BA
41219,-12.9297942,-38.4507789,salvador,BA
41220,-12.9587472,-38.4777462,salvador,BA
41225,-12.9327113,-38.4616501,salvador,BA
41227,-12.9342129,-38.4676217,salvador,BA
41230,-12.9188154,-38.4502638,salvador,BA
41231,-12.9171772,-38.4425431,salvador,BA
41233,-12.9092200,-38.4533123,salvador,BA
41235,-12.9216939,-38.4426669,salvador,BA
41245,-12.9155148,-38.4401402,salvador,BA
41247,-12.9154652,-38.4459283,salvador,BA
41250,-12.9335780,-38.4277508,salvador,BA
41253,-12.9364605,-38.4362043,salvador,BA
41260,-12.9271277,-38.4189574,salvador,BA
41262,-12.9278004,-38.4072049,salvador,BA
41270,-12.9234389,-38.4633461,salvador,BA
41275,-12.9173252,-38.4655730,salvador,BA
41280,-12.9118963,-38.4639697,salvador,BA
41285,-12.9153259,-38.4709876,salvador,BA
41290,-12.9069311,-38.4585355,salvador,BA
41291,-12.9495266,-38.4648586,salvador,BA
41295,-12.8976915,-38.4631599,salvador,BA
41297,-12.9021471,-38.4673492,salvador,BA
41300,-12.8632913,-38.4354123,salvador,BA
41301,-12.8807191,-38.4376453,salvador,BA
41305,-12.8947566,-38.4499256,salvador,BA
41306,-12.9352416,-38.4846716,salvador,BA
41307,-12.9416227,-38.4647357,salvador,BA
41308,-12.8725077,-38.4280956,salvador,BA
41310,-12.8935484,-38.4322902,salvador,BA
41311,-12.8992486,-38.4380069,salvador,BA
41315,-12.9034351,-38.4465265,salvador,BA
41320,-12.9041353,-38.4377983,salvador,BA
41321,-12.9036284,-38.4330064,salvador,BA
41322,-12.9031368,-38.4298670,salvador,BA
41330,-12.8999620,-38.4212275,salvador,BA
41333,-12.8911043,-38.4349265,salvador,BA
41334,-12.9477973,-38.4429589,salvador,BA
41335,-12.8941412,-38.4211347,salvador,BA
41336,-12.9138742,-38.4315587,salvador,BA
41337,-12.9235884,-38.4335919,salvador,BA
41338,-12.8996365,-38.4145330,salvador,BA
41339,-12.8935694,-38.4078824,salvador,BA
41340,-12.8940651,-38.4087082,salvador,BA
41341,-12.8860194,-38.4129079,salvador,BA
41342,-12.9019879,-38.4054024,salvador,BA
41343,-12.9034190,-38.4019683,salvador,BA
41345,-12.9100894,-38.4109401,salvador,BA
41349,-12.9073104,-38.4593880,salvador,BA
41350,-12.9194545,-38.4100820,salvador,BA
41351,-12.9005313,-38.3996299,salvador,BA
41370,-12.9146143,-38.4205501,salvador,BA
41385,-12.9148777,-38.4329592,salvador,BA
41386,-12.9166032,-38.4336550,salvador,BA
41387,-12.9443442,-38.4750292,salvador,BA
41388,-12.9122139,-38.3999324,salvador,BA
41390,-12.9126055,-38.4406781,salvador,BA
41400,-12.9878284,-38.4830773,salvador,BA
41402,-12.9651388,-38.4959379,salvador,BA
41410,-12.9756117,-38.4346443,salvador,BA
41480,-12.9176624,-38.3769750,salvador,BA
41483,-12.9297092,-38.3856888,salvador,BA
41490,-12.9112700,-38.3947297,salvador,BA
41500,-12.9177809,-38.3918147,salvador,BA
41502,-12.8996252,-38.3557566,salvador,BA
41505,-12.8732201,-38.4027216,salvador,BA
41510,-12.9046361,-38.3675217,salvador,BA
41515,-12.9295387,-38.3741787,salvador,BA
41520,-12.9134476,-38.3349850,salvador,BA
41590,-12.9996592,-38.4619187,salvador,BA
41600,-12.9355367,-38.3394686,salvador,BA
41603,-12.9267199,-38.3206912,salvador,BA
41610,-12.9430982,-38.3661867,salvador,BA
41611,-12.9346882,-38.3651484,salvador,BA
41612,-12.9467852,-38.3755308,salvador,BA
41613,-12.9575051,-38.3948093,salvador,BA
41615,-12.9404791,-38.3726089,salvador,BA
41620,-12.9446888,-38.3595239,salvador,BA
41630,-12.9269628,-38.3765094,salvador,BA
41635,-12.9340488,-38.3592597,salvador,BA
41640,-12.9444792,-38.3656061,salvador,BA
41650,-12.9455835,-38.3816860,salvador,BA
41651,-12.9526085,-38.3901698,salvador,BA
41680,-12.9476772,-38.4046622,salvador,BA
41681,-12.9619085,-38.4068545,salvador,BA
41701,-12.9404212,-38.4033019,salvador,BA
41705,-12.9749290,-38.4276173,salvador,BA
41706,-12.9755527,-38.4289994,salvador,BA
41710,-12.9749729,-38.4288973,salvador,BA
41717,-12.8765016,-38.3355739,lauro de freitas,BA
41720,-12.9696582,-38.4346840,salvador,BA
41730,-12.9357420,-38.3768347,salvador,BA
41740,-12.9622742,-38.4101117,salvador,BA
41741,-12.9682272,-38.4154789,salvador,BA
41745,-12.9400658,-38.4178998,salvador,BA
41750,-12.9835116,-38.4376660,salvador,BA
41760,-12.9919883,-38.4460187,salvador,BA
41770,-12.9829063,-38.4474565,salvador,BA
41800,-12.9873592,-38.4665971,salvador,BA
41810,-12.9925882,-38.4539683,salvador,BA
41815,-12.9939501,-38.4664607,salvador,BA
41820,-12.9828061,-38.4580862,salvador,BA
41825,-12.9941869,-38.4650971,salvador,BA
41830,-13.0020726,-38.4630236,salvador,BA
41900,-13.0117859,-38.4715163,salvador,BA
41905,-13.0033832,-38.4747956,salvador,BA
41906,-12.9901759,-38.4642897,salvador,BA
41915,-13.0023511,-38.4781435,salvador,BA
41920,-13.0038980,-38.4802771,salvador,BA
41925,-12.9995257,-38.4748473,salvador,BA
41927,-12.9839103,-38.4742539,salvador,BA
41940,-13.0099747,-38.4864648,salvador,BA
41941,-13.0126620,-38.4795172,salvador,BA
41950,-13.0092047,-38.4948934,salvador,BA
41970,-13.0020542,-38.5035964,salvador,BA
41980,-13.0101468,-38.4955072,salvador,BA
42600,-12.7416793,-38.6134818,madre de deus,BA
42700,-12.8837984,-38.3137385,lauro de freitas,BA
42701,-12.8857749,-38.3121728,lauro de freitas,BA
42702,-12.8895425,-38.3148498,lauro de freitas,BA
42703,-12.8926395,-38.3238737,lauro de freitas,BA
42704,-12.8992733,-38.3169534,lauro de freitas,BA
42705,-12.8971948,-38.3102211,lauro de freitas,BA
42706,-12.8989925,-38.3032023,lauro de freitas,BA
42707,-12.8918414,-38.2980582,lauro de freitas,BA
42708,-12.8835250,-38.2978798,lauro de freitas,BA
42709,-12.8774303,-38.2954063,lauro de freitas,BA
42710,-12.8740555,-38.2903497,lauro de freitas,BA
42711,-12.8725035,-38.3200690,lauro de freitas,BA
42712,-12.8822355,-38.3159222,lauro de freitas,BA
42713,-12.8668830,-38.3038514,lauro de freitas,BA
42714,-12.8694652,-38.3041517,lauro de freitas,BA
42717,-12.8748403,-38.3330190,lauro de freitas,BA
42721,-12.8882176,-38.3385566,lauro de freitas,BA
42722,-12.8861852,-38.3415610,lauro de freitas,BA
42733,-12.8413902,-38.3384260,lauro de freitas,BA
42738,-12.8931667,-38.3378746,lauro de freitas,BA
42739,-12.8954934,-38.3445986,lauro de freitas,BA
42740,-12.8852678,-38.3514344,lauro de freitas,BA
42800,-12.7019359,-38.3243326,camacari,BA
42801,-12.7132913,-38.3136325,camacari,BA
42802,-12.7103691,-38.3168694,camacari,BA
42803,-12.7119487,-38.3209908,camacari,BA
42804,-12.7177558,-38.3278805,camacari,BA
42805,-12.7098925,-38.3335077,camacari,BA
42806,-12.7032570,-38.3336870,camacari,BA
42807,-12.6942617,-38.3331160,camacari,BA
42808,-12.6901299,-38.3317173,camacari,BA
42809,-12.6945808,-38.3227147,camacari,BA
42810,-12.6650284,-38.3059566,camacari,BA
42820,-12.6256057,-38.0745728,monte gordo,BA
42827,-12.6608310,-38.0909115,camacari,BA
42833,-11.8695249,-40.2196057,barra do jacuipe,BA
42835,-12.7248447,-38.2163896,arembepe,BA
42840,-12.8297406,-38.2649857,abrantes,BA
42841,-12.8499591,-38.2784795,catu de abrantes,BA
42849,-12.7641346,-38.3226938,camacari,BA
42850,-12.6133816,-38.3010730,dias d'avila,BA
43700,-12.7921024,-38.3927724,simoes filho,BA
43805,-12.6714926,-38.5444699,candeias,BA
43806,-12.8382540,-38.7320154,candeias,BA
43810,-12.8930054,-38.7567183,candeias,BA
43813,-12.6640490,-38.5013902,candeias,BA
43815,-12.6673867,-38.5370788,candeias,BA
43820,-12.6730223,-38.5392914,candeias,BA
43825,-12.8554060,-38.7164245,candeias,BA
43840,-12.7294599,-38.5253621,passé,BA
43843,-12.7134078,-38.4515297,candeias,BA
43845,-12.7342000,-38.4466350,passagem dos teixeiras,BA
43850,-12.4998312,-38.7529841,sao sebastiao do passe,BA
43900,-12.6236009,-38.6729688,sao francisco do conde,BA
44001,-12.2562961,-38.9607478,feira de santana,BA
44002,-12.2532057,-38.9676439,feira de santana,BA
44003,-12.2657397,-38.9598435,feira de santana,BA
44004,-12.2665840,-38.9669001,feira de santana,BA
44005,-12.2678206,-38.9721582,feira de santana,BA
44006,-12.2753136,-38.9762374,feira de santana,BA
44007,-12.2627673,-38.9809165,feira de santana,BA
44008,-12.2518602,-38.9712934,feira de santana,BA
44009,-12.2476033,-38.9762151,feira de santana,BA
44010,-12.2796788,-38.9663217,feira de santana,BA
44013,-12.2848287,-38.9858642,feira de santana,BA
44018,-12.2456367,-38.9703033,feira de santana,BA
44019,-12.2478933,-38.9884265,feira de santana,BA
44020,-12.2392742,-38.9682812,feira de santana,BA
44021,-12.2418622,-38.9727221,feira de santana,BA
44022,-12.2446524,-38.9743939,feira de santana,BA
44023,-12.2509480,-38.9761960,feira de santana,BA
44024,-12.2442741,-38.9796132,feira de santana,BA
44025,-12.2472893,-38.9893114,feira de santana,BA
44028,-12.2375893,-38.9793244,feira de santana,BA
44030,-12.2203352,-38.9963658,feira de santana,BA
44031,-12.2221894,-38.9845368,feira de santana,BA
44032,-12.2248760,-38.9717962,feira de santana,BA
44033,-12.2202476,-38.9735105,feira de santana,BA
44034,-12.2078314,-38.9695159,feira de santana,BA
44035,-12.1942619,-38.9881841,feira de santana,BA
44036,-12.1856486,-38.9625586,feira de santana,BA
44038,-12.2347162,-38.9518539,feira de santana,BA
44042,-12.2156272,-38.9960315,feira de santana,BA
44043,-12.2433455,-38.9436927,feira de santana,BA
44044,-12.2101547,-38.9902665,feira de santana,BA
44045,-12.2484258,-38.9485538,feira de santana,BA
44046,-12.1959603,-38.9946297,feira de santana,BA
44050,-12.2404934,-38.9586785,feira de santana,BA
44051,-12.2419271,-38.9509018,feira de santana,BA
44052,-12.2446089,-38.9437472,feira de santana,BA
44053,-12.2293911,-38.9594714,feira de santana,BA
44054,-12.2173952,-38.9593084,feira de santana,BA
44055,-12.2084524,-38.9627489,feira de santana,BA
44056,-12.2248853,-38.9496070,feira de santana,BA
44057,-12.2191028,-38.9384004,feira de santana,BA
44059,-12.2042868,-38.9451650,feira de santana,BA
44061,-12.2153841,-38.9572637,feira de santana,BA
44062,-12.2677516,-38.9565518,feira de santana,BA
44063,-12.2805876,-38.9589513,feira de santana,BA
44065,-12.2349745,-38.9382152,feira de santana,BA
44066,-12.2312449,-38.9350147,feira de santana,BA
44067,-12.2356257,-38.9258316,feira de santana,BA
44070,-12.2639585,-38.9430322,feira de santana,BA
44071,-12.2420024,-38.9181395,feira de santana,BA
44072,-12.2339251,-38.9058247,feira de santana,BA
44073,-12.2438700,-38.8902150,feira de santana,BA
44075,-12.2534829,-38.9512240,feira de santana,BA
44076,-12.2581284,-38.9444343,feira de santana,BA
44077,-12.2625664,-38.9404071,feira de santana,BA
44078,-12.2669613,-38.9331060,feira de santana,BA
44079,-12.2617158,-38.9297761,feira de santana,BA
44082,-12.2594114,-38.9321978,feira de santana,BA
44085,-12.2482230,-38.9205404,feira de santana,BA
44086,-12.2533330,-38.9086750,feira de santana,BA
44088,-12.2696141,-38.9507304,feira de santana,BA
44089,-12.2676470,-38.9434363,feira de santana,BA
44090,-12.2819568,-38.9567388,feira de santana,BA
44091,-12.2921509,-38.9518751,feira de santana,BA
44092,-12.2993150,-38.9521103,feira de santana,BA
44094,-12.2769897,-38.9464877,feira de santana,BA
44095,-12.2878180,-38.9395364,feira de santana,BA
44096,-12.2952293,-38.9173206,feira de santana,BA
44097,-12.3121824,-38.8959926,feira de santana,BA
44150,-11.9572490,-38.9733690,santa barbara,BA
44160,-11.9746483,-39.1063402,tanquinho,BA
44180,-12.4376927,-39.1204566,antonio cardoso,BA
44190,-12.4342115,-39.2530626,santo estevao,BA
44200,-12.5508771,-38.7064787,santo amaro,BA
44218,-12.6617753,-38.7513289,acupe,BA
44220,-12.7434053,-38.7687449,saubara,BA
44230,-12.4010744,-38.7544954,amelia rodrigues,BA
44245,-12.3196570,-38.7745225,conceicao do jacuipe,BA
44250,-12.2291429,-38.7577941,coracao de maria,BA
44255,-12.0441299,-38.7656468,irara,BA
44260,-12.0247713,-38.8661066,santanópolis,BA
44270,-12.4040563,-38.6214568,terra nova,BA
44280,-12.3040987,-38.6407381,teodoro sampaio,BA
44300,-12.5962610,-38.9686357,cachoeira,BA
44320,-12.4881285,-38.9930342,conceicao da feira,BA
44330,-12.4291021,-38.9479803,sao goncalo dos campos,BA
44340,-12.6224238,-38.9894685,muritiba,BA
44345,-12.5618255,-39.1815400,cabaceiras do paraguacu,BA
44350,-12.6011611,-39.0458247,governador mangabeira,BA
44360,-12.6069683,-38.9692894,sao felix,BA
44380,-12.6702464,-39.1032775,cruz das almas,BA
44400,-13.0247187,-39.0073293,nazare,BA
44420,-12.7818366,-38.9158673,maragogipe,BA
44428,-23.5143025,-47.1308394,sao roque do paraguacu,BA
44450,-12.8740814,-38.7604637,salinas da margarida,BA
44460,-12.8983245,-38.6686838,itaparica,BA
44470,-12.9855040,-38.6412964,vera cruz,BA
44480,-13.1023822,-38.8858039,jaguaripe,BA
44490,-13.0730632,-38.9939331,aratuipe,BA
44500,-12.7664790,-39.4223907,castro alves,BA
44520,-12.4408803,-39.5042619,rafael jambeiro,BA
44530,-12.7314095,-39.1874534,sapeacu,BA
44540,-12.7786572,-39.1673177,conceicao do almeida,BA
44550,-12.8460313,-39.0898972,sao felipe,BA
44560,-12.9061379,-39.1920763,dom macedo costa,BA
44565,-12.9758926,-39.3952733,varzedo,BA
44570,-12.9734628,-39.2675688,santo antonio de jesus,BA
44571,-12.9671765,-39.2431139,santo antonio de jesus,BA
44572,-12.9390187,-39.2601313,santo antonio de jesus,BA
44573,-12.9619209,-39.2484790,santo antonio de jesus,BA
44574,-12.9702909,-39.2514131,santo antonio de jesus,BA
44575,-13.0032646,-39.0979640,muniz ferreira,BA
44580,-13.0476569,-39.4543940,sao miguel das matas,BA
44590,-12.7457126,-39.5203155,santa teresinha,BA
44600,-12.1545339,-39.7404605,ipira,BA
44610,-11.8124664,-39.9070613,pintadas,BA
44620,-11.9614726,-40.1677891,baixa grande,BA
44630,-11.7105104,-40.1495044,mairi,BA
44635,-11.6067045,-40.1329400,varzea da roca,BA
44640,-11.8079004,-39.3831651,riachao do jacuipe,BA
44642,-11.6081267,-39.6304230,nova fatima,BA
44645,-11.6715535,-39.8359574,capela do alto alegre,BA
44650,-11.4712855,-39.7826899,gaviao,BA
44655,-11.8365454,-39.6128621,pe de serra,BA
44660,-12.1564441,-39.4372019,serra preta,BA
44670,-12.1502855,-39.2459601,anguera,BA
44680,-12.3114071,-39.3095090,ipecaeta,BA
44690,-11.2572774,-40.9439269,varzea nova,BA
44695,-11.3781581,-40.0117435,capim grosso,BA
44698,-11.4469579,-39.9445787,sao jose do jacuipe,BA
44700,-11.1859487,-40.5098348,jacobina,BA
44710,-11.4187133,-40.2923761,serrolandia,BA
44713,-11.4184413,-40.1235723,quixabeira,BA
44715,-11.5272586,-40.3166149,varzea do poco,BA
44718,-10.9088655,-41.1339872,ourolandia,BA
44720,-11.4302325,-40.5974356,miguel calmon,BA
44730,-11.1151526,-40.3917485,caém,BA
44740,-10.9398386,-40.4206115,saude,BA
44745,-10.9447927,-40.5686988,mirangaba,BA
44750,-11.1075332,-40.0704727,caldeirao grande,BA
44755,-10.8759848,-40.1280219,ponto novo,BA
44770,-10.7402033,-40.3783340,pindobacu,BA
44775,-10.7422732,-40.1334754,filadelfia,BA
44780,-10.5727453,-40.2758259,antonio goncalves,BA
44790,-10.5040916,-40.3261042,campo formoso,BA
44798,-10.7314554,-41.3233080,umburanas,BA
44800,-11.8721452,-40.4824463,mundo novo,BA
44830,-11.7307541,-40.5552517,piritiba,BA
44840,-11.8476715,-40.7925191,tapiramuta,BA
44850,-11.5480258,-41.1591663,morro do chapeu,BA
44880,-11.6870216,-41.4656583,cafarnaum,BA
44885,-11.9834207,-41.6111252,mulungu do morro,BA
44890,-11.7161383,-41.7671591,canarana,BA
44892,-11.8604597,-41.7539698,salobro,BA
44895,-11.7694884,-41.9018535,barro alto,BA
44900,-11.3041644,-41.8558050,irece,BA
44905,-11.3835187,-41.8319296,lapao,BA
44910,-11.4553471,-41.4579219,america dourada,BA
44915,-11.2157610,-41.8604387,sao gabriel,BA
44920,-11.3471915,-41.6610010,joao dourado,BA
44925,-11.0376406,-41.9573164,jussara,BA
44930,-11.2963404,-41.9887643,presidente dutra,BA
44940,-11.1366985,-42.1066643,central,BA
44950,-11.3271556,-42.1346080,uibai,BA
44960,-11.5437432,-41.9756783,ibitita,BA
44970,-11.6155973,-42.0552426,ibipeba,BA
44990,-11.8156758,-42.0595260,barra do mendes,BA
45000,-14.8523194,-40.8427474,vitoria da conquista,BA
45002,-14.8439010,-40.8424594,vitoria da conquista,BA
45003,-14.8419206,-40.8340993,vitoria da conquista,BA
45005,-14.8498867,-40.8300889,vitoria da conquista,BA
45008,-14.8171200,-40.7761100,vitoria da conquista,BA
45009,-14.8525640,-40.8126211,vitoria da conquista,BA
45010,-14.8535683,-40.8452736,vitoria da conquista,BA
45012,-14.8529462,-40.8057006,vitoria da conquista,BA
45015,-14.8479906,-40.8457814,vitoria da conquista,BA
45020,-14.8596498,-40.8368890,vitoria da conquista,BA
45023,-14.8652545,-40.8460912,vitoria da conquista,BA
45025,-14.8564275,-40.8521854,vitoria da conquista,BA
45026,-14.8720789,-40.8356734,vitoria da conquista,BA
45027,-14.8771572,-40.8445579,vitoria da conquista,BA
45028,-14.8618400,-40.8239964,vitoria da conquista,BA
45029,-14.8747722,-40.8110948,vitoria da conquista,BA
45031,-14.8817669,-40.8127433,vitoria da conquista,BA
45035,-14.8418684,-40.8425517,vitoria da conquista,BA
45037,-14.9044180,-40.8346405,vitoria da conquista,BA
45050,-14.8828385,-40.8306705,vitoria da conquista,BA
45051,-14.8554433,-40.8546453,vitoria da conquista,BA
45052,-14.8723319,-40.8608236,vitoria da conquista,BA
45053,-14.8595510,-40.8543164,vitoria da conquista,BA
45055,-14.8647011,-40.8425895,vitoria da conquista,BA
45058,-14.9304780,-40.8870922,vitoria da conquista,BA
45061,-14.8828256,-40.8735265,vitoria da conquista,BA
45065,-14.8735209,-40.8580056,vitoria da conquista,BA
45066,-14.8806440,-40.8550408,vitoria da conquista,BA
45070,-14.8507043,-40.8740241,vitoria da conquista,BA
45075,-14.8469534,-40.8545413,vitoria da conquista,BA
45077,-14.8598752,-40.8622397,vitoria da conquista,BA
45078,-14.8380568,-40.8757173,vitoria da conquista,BA
45079,-14.8422012,-40.8907331,vitória da conquista,BA
45085,-14.8393825,-40.8469112,vitoria da conquista,BA
45089,-14.8281660,-40.8274402,vitoria da conquista,BA
45095,-14.9084898,-40.8403944,vitoria da conquista,BA
45104,-14.8798211,-40.8912120,vitoria da conquista,BA
45120,-14.7928253,-40.6252926,barra do choca,BA
45130,-14.9781795,-40.4091552,caatiba,BA
45140,-15.2456773,-40.6236686,itambe,BA
45150,-15.5332587,-40.9102070,encruzilhada,BA
45155,-15.4851179,-40.6810543,ribeirao do largo,BA
45157,-15.4779545,-41.2457143,candido sales,BA
45160,-15.0371980,-41.2605535,belo campo,BA
45170,-14.9756917,-41.4119478,tremedal,BA
45177,-14.6975861,-41.2658869,caraibas,BA
45180,-14.6113608,-41.1363828,anage,BA
45190,-14.6709528,-40.4796489,planalto,BA
45195,-17.7332633,-42.5275083,lucaia,BA
45200,-13.8599980,-40.0846683,jequie,BA
45201,-13.8574649,-40.1010841,jequie,BA
45202,-13.8604441,-40.0956278,jequie,BA
45203,-13.8533541,-40.0816841,jequie,BA
45204,-13.8562976,-40.0624249,jequie,BA
45205,-13.8679307,-40.0672076,jequie,BA
45206,-13.8688114,-40.0596266,jequie,BA
45207,-13.8691939,-40.0545095,jequie,BA
45208,-13.8664089,-40.0688655,jequie,BA
45209,-13.8719314,-40.0664355,jequie,BA
45210,-13.8708539,-40.0822381,jequie,BA
45211,-13.8720874,-40.0945115,jequie,BA
45215,-13.6558861,-40.2127165,lafaiete coutinho,BA
45220,-14.1262720,-39.8899271,aiquara,BA
45225,-14.0169435,-39.8903299,jitauna,BA
45230,-14.1639959,-40.0055664,itagi,BA
45240,-14.1298852,-40.2972448,manoel vitorino,BA
45245,-14.0457188,-40.5622507,catingal,BA
45250,-14.3640759,-40.2077777,boa nova,BA
45255,-14.2409227,-40.7696251,mirante,BA
45260,-14.5283048,-40.3671572,pocoes,BA
45263,-14.3738903,-40.5072041,bom jesus da serra,BA
45265,-14.3404772,-40.9077272,caetanos,BA
45270,-14.6695742,-40.1222804,nova canaa,BA
45280,-14.7536435,-40.0889146,iguai,BA
45285,-14.7521622,-40.0901256,iguaibi,BA
45290,-14.8430719,-39.9862863,ibicui,BA
45300,-13.0279160,-39.6016910,amargosa,BA
45305,-12.9457544,-39.5214199,elisio medrado,BA
45310,-13.2668373,-39.6676430,ubaira,BA
45312,-13.2425000,-39.7580600,engenheiro franca,BA
45315,-12.8701820,-39.8550216,milagres,BA
45320,-13.2927282,-39.8189335,santa ines,BA
45325,-13.1000034,-39.8091536,brejoes,BA
45330,-13.3584119,-39.8135529,cravolandia,BA
45340,-13.4503683,-39.9391757,itaquara,BA
45345,-13.5288913,-39.9773189,jaguaquara,BA
45350,-13.5331255,-40.1512384,itirucu,BA
45355,-13.8564284,-39.7444098,apuarema,BA
45360,-13.4393653,-40.4333107,maracas,BA
45365,-13.4751281,-40.2212292,lajedo do tabocal,BA
45370,-13.2535103,-40.0861885,irajuba,BA
45375,-13.3887737,-40.3788162,planaltino,BA
45390,-13.0260962,-40.0670655,nova itarana,BA
45400,-13.3672042,-39.0719663,valenca,BA
45416,-13.4468200,-39.4275099,presidente tancredo neves,BA
45420,-13.4847832,-39.0250604,cairu,BA
45428,-16.7468677,-41.4740876,morro de sao paulo,BA
45430,-13.5351800,-39.1006103,taperoa,BA
45435,-13.7350250,-39.1469166,itubera,BA
45436,-13.7655525,-39.3773111,pirai do norte,BA
45440,-13.6035535,-39.1006064,nilo peçanha,BA
45443,-13.8227875,-39.1421883,igrapiuna,BA
45445,-13.9498922,-39.1116694,camamu,BA
45450,-13.7447801,-39.4866157,gandu,BA
45452,-13.8107818,-39.6235589,nova ibia,BA
45455,-13.7795432,-39.6848543,itamari,BA
45460,-13.6708202,-39.4991901,wenceslau guimaraes,BA
45465,-13.2472989,-39.4071995,teolandia,BA
45470,-13.2568377,-39.5717496,jequirica,BA
45480,-13.2282999,-39.5062959,mutuipe,BA
45490,-13.1704966,-39.4246230,laje,BA
45500,-14.1511115,-39.3840465,ibirapitanga,BA
45520,-14.0782702,-39.0061475,marau,BA
45530,-14.2796961,-38.9938000,itacare,BA
45534,-14.2779521,-38.9953741,itacare,BA
45540,-14.3241737,-39.4661753,gongogi,BA
45545,-14.3116055,-39.3184379,ubaitaba,BA
45550,-14.2136251,-39.5229549,ubata,BA
45560,-14.2088016,-39.6021249,barra do rocha,BA
45570,-14.1342564,-39.7362880,ipiau,BA
45580,-14.0679140,-39.6399126,ibirataia,BA
45585,-14.2641545,-39.8338304,itagiba,BA
45590,-14.4325701,-39.9045785,dario meira,BA
45600,-14.7933653,-39.2784592,itabuna,BA
45601,-14.8151894,-39.3026399,itabuna,BA
45602,-14.7871108,-39.2839126,itabuna,BA
45603,-14.7818252,-39.2727719,itabuna,BA
45604,-14.7764149,-39.2657672,itabuna,BA
45605,-14.7953171,-39.2709233,itabuna,BA
45606,-14.8047654,-39.2656876,itabuna,BA
45607,-14.8112266,-39.2749139,itabuna,BA
45608,-14.8127673,-39.2806511,itabuna,BA
45610,-15.1914871,-39.4948021,jussari,BA
45611,-14.8113476,-39.3013339,itabuna,BA
45613,-14.8273905,-39.3145826,itabuna,BA
45615,-14.9578013,-39.3034265,buerarema,BA
45620,-15.0840107,-39.3395612,sao jose da vitoria,BA
45622,-14.5970557,-39.8478272,jussari,BA
45625,-14.8088853,-39.4732713,barro preto,BA
45630,-14.6749351,-39.3763435,itajuipe,BA
45638,-14.6359234,-39.5547248,coaraci,BA
45640,-14.7045742,-39.6375936,almadina,BA
45645,-14.4269048,-39.5656741,itapitanga,BA
45650,-14.7961854,-39.0427843,ilheus,BA
45651,-14.7859448,-39.0466822,ilheus,BA
45652,-14.7902309,-39.0351886,ilheus,BA
45653,-14.7991502,-39.0340671,ilheus,BA
45654,-14.8116791,-39.0325151,ilheus,BA
45655,-14.8228443,-39.0319090,ilheus,BA
45656,-14.8226315,-39.0342295,ilheus,BA
45657,-14.7965560,-39.0597157,ilheus,BA
45658,-14.7786975,-39.0573261,ilheus,BA
45661,-14.7906865,-39.0585198,ilheus,BA
45662,-14.8051378,-39.0394841,ilheus,BA
45675,-14.3279235,-39.3681619,aurelino leal,BA
45680,-14.5905206,-39.2859348,urucuca,BA
45690,-15.2880284,-39.0791589,una,BA
45695,-15.2615491,-39.4167152,arataca,BA
45700,-15.2508759,-40.2442401,itapetinga,BA
45710,-15.1104145,-40.0670708,itororo,BA
45712,-12.9802849,-38.4356548,rio do meio,BA
45720,-14.9596745,-39.9208987,firmino alves,BA
45725,-14.9625209,-39.8107641,santa cruz da vitoria,BA
45730,-15.1507170,-39.6829097,itaju do colonia,BA
45740,-14.8592791,-39.6606823,floresta azul,BA
45745,-14.8649720,-39.5907875,ibicarai,BA
45750,-14.8956770,-39.4253192,itape,BA
45760,-15.5610540,-40.4248894,macarani,BA
45770,-15.6255236,-40.2637646,maiquinique,BA
45780,-15.6545448,-40.0635506,itarantim,BA
45790,-15.6292312,-39.7959698,potiragua,BA
45800,-15.8612646,-38.8787932,belmonte,BA
45807,-16.2503702,-39.0415503,santa cruz cabralia,BA
45810,-16.4320271,-39.0756287,porto seguro,BA
45816,-16.4001872,-39.2627469,arraial d'ajuda,BA
45818,-16.5818267,-39.1363446,trancoso,BA
45820,-16.3752160,-39.5875514,eunapolis,BA
45821,-16.3654771,-39.5887145,eunapolis,BA
45822,-16.3583471,-39.5870530,eunapolis,BA
45823,-16.3390319,-39.5780634,eunapolis,BA
45824,-16.3676386,-39.5736482,eunapolis,BA
45825,-16.3691727,-39.5730516,eunapolis,BA
45826,-16.3672899,-39.5762602,eunapolis,BA
45828,-16.3687590,-39.5732382,eunapolis,BA
45829,-16.3683639,-39.5734115,eunapolis,BA
45830,-16.3811161,-39.5725092,eunapolis,BA
45834,-16.8410608,-40.1443473,jucurucu,BA
45836,-17.0369457,-39.5345417,itamaraju,BA
45840,-16.5839568,-39.7814969,guaratinga,BA
45848,-16.5768924,-39.5600758,itabela,BA
45850,-16.0884619,-39.6143661,itagimirim,BA
45855,-15.9696953,-39.5322069,itapebi,BA
45860,-15.6735962,-38.9493050,canavieiras,BA
45865,-15.4323178,-39.3298113,santa luzia,BA
45870,-15.5884278,-39.3729309,mascote,BA
45880,-15.4143501,-39.4955937,camacan,BA
45890,-15.4646977,-39.6530385,pau brasil,BA
45900,-17.7067657,-39.3101288,caravelas,BA
45910,-17.4978040,-39.2623529,alcobaca,BA
45920,-17.8983582,-39.3736305,nova vicosa,BA
45928,-17.8864500,-39.8616981,posto da mata,BA
45930,-18.0716034,-39.5683708,mucuri,BA
45936,-14.7538136,-39.2394250,itabata,BA
45940,-17.6867040,-40.1083051,ibirapua,BA
45950,-17.6120330,-40.3451544,lajedao,BA
45955,-17.2564167,-40.0207053,vereda,BA
45960,-17.3754061,-40.2223640,medeiros neto,BA
45968,-17.4746233,-40.2976280,itupeva,BA
45970,-17.1531073,-40.3324212,itanhem,BA
45972,-17.1717548,-40.2536928,ibiraja,BA
45975,-12.9334284,-38.4984725,batinga,BA
45980,-17.3284712,-39.2248014,prado,BA
45983,-14.0964996,-37.7625534,cumuruxatiba,BA
45985,-17.5093912,-39.7721757,teixeira de freitas,BA
45986,-17.4630442,-39.8261545,teixeira de freitas,BA
45987,-17.5348856,-39.7344255,teixeira de freitas,BA
45988,-17.5297883,-39.7154516,teixeira de freitas,BA
45989,-17.5412855,-39.7172104,teixeira de freitas,BA
45990,-17.5441767,-39.7275689,teixeira de freitas,BA
45991,-17.5479321,-39.7478991,teixeira de freitas,BA
45992,-17.5468791,-39.7432900,teixeira de freitas,BA
45993,-17.5419897,-39.7526854,teixeira de freitas,BA
45994,-17.5334607,-39.7590294,teixeira de freitas,BA
45995,-17.5209808,-39.7474832,teixeira de freitas,BA
45996,-17.5327104,-39.7356221,teixeira de freitas,BA
45997,-17.5405848,-39.7348836,teixeira de freitas,BA
45998,-17.5407054,-39.7490190,teixeira de freitas,BA
46100,-14.2054605,-41.6711121,brumado,BA
46103,-14.0373500,-41.7343100,itaquarai,BA
46110,-14.3852625,-41.8795732,malhada de pedras,BA
46130,-14.4177425,-41.4498937,aracatu,BA
46140,-13.6705314,-41.8711276,livramento de nossa senhora,BA
46165,-13.7764976,-41.7690353,dom basilio,BA
46170,-13.5700786,-41.8058145,rio de contas,BA
46180,-13.4192490,-42.1297384,erico cardoso,BA
46190,-13.4533178,-42.2395049,paramirim,BA
46200,-14.8999461,-41.9698441,condeuba,BA
46205,-14.5519054,-41.9557016,guajeru,BA
46220,-14.4041034,-42.0776218,rio do antonio,BA
46225,-14.2059435,-42.1162607,ibitira,BA
46250,-14.6857489,-41.6804291,presidente janio quadros,BA
46255,-14.6647677,-41.4926614,maetinga,BA
46270,-14.9431917,-41.7178504,piripa,BA
46280,-15.0392520,-41.9343253,cordeiros,BA
46290,-15.0242656,-42.3697155,mortugaba,BA
46300,-14.5012176,-42.2231407,cacule,BA
46310,-14.8433447,-42.4249190,jacaraci,BA
46315,-14.7921313,-42.2712525,irundiara,BA
46330,-14.6804692,-42.5035103,licinio de almeida,BA
46335,-14.5892441,-42.4381168,tauape,BA
46350,-14.7684156,-42.6558492,urandi,BA
46360,-14.4881505,-42.6851077,pindai,BA
46380,-14.4087909,-42.8647501,candiba,BA
46390,-14.2713631,-42.2570553,ibiassuce,BA
46400,-14.0640012,-42.4875876,caetite,BA
46410,-12.4012425,-38.7540219,maniacu,BA
46425,-14.0362421,-42.1415039,lagoa real,BA
46430,-14.2232072,-42.7833977,guanambi,BA
46438,-14.4115488,-43.5530511,iuiu,BA
46440,-14.3325324,-43.7623127,malhada,BA
46445,-14.2946978,-43.7704794,carinhanha,BA
46446,-14.2127144,-44.2832474,feira da mata,BA
46450,-14.5513902,-42.9968738,sebastiao laranjeiras,BA
46460,-14.2591958,-43.1664176,palmas de monte alto,BA
46470,-13.6116422,-42.9367530,riacho de santana,BA
46480,-13.9103937,-42.8454918,matina,BA
46490,-13.7756380,-42.7140835,igapora,BA
46500,-13.0203237,-42.6928673,macaubas,BA
46530,-12.7968522,-42.7113089,boquira,BA
46540,-12.8803918,-42.4871070,ibipitanga,BA
46550,-13.1247217,-42.2865302,rio do pires,BA
46560,13.0014202,-23.5839391,ibiajara,BA
46570,-13.3792469,-42.5223111,botupora,BA
46575,-13.3312759,-42.2935290,caturama,BA
46580,-13.5486733,-42.4949805,tanque novo,BA
46600,-14.0595023,-41.2349974,tanhacu,BA
46620,-13.7680049,-41.0772538,contendas do sincora,BA
46640,-13.8154462,-41.2988490,ituacu,BA
46650,-13.6273036,-41.3276424,barra da estiva,BA
46670,-13.5147817,-41.5931595,jussiape,BA
46690,-13.2506124,-41.6638818,abaira,BA
46700,-12.6206039,-42.2364830,ibitiara,BA
46730,-12.8113211,-42.1618565,novo horizonte,BA
46740,-12.7093131,-41.8302562,boninal,BA
46750,-13.0087897,-41.3741086,mucuge,BA
46760,-13.3870546,-41.3176657,ibicoara,BA
46765,-13.1106496,-41.6887014,piata,BA
46766,-13.0250707,-40.1864834,inubia,BA
46770,-13.2937086,-40.9575603,iramaia,BA
46780,-13.0217416,-40.5688466,marcionilio souza,BA
46790,-13.0062171,-41.0060123,itaete,BA
46800,-12.2833515,-40.4985889,ruy barbosa,BA
46805,-12.1387586,-40.3281935,macajuba,BA
46810,-12.0802628,-41.0956183,utinga,BA
46820,-11.9689754,-41.2665486,bonito,BA
46825,-12.3550089,-40.9035271,lajedinho,BA
46830,-12.7878711,-41.2912321,andarai,BA
46833,-12.5937210,-41.0144232,ubiraita,BA
46835,-12.8161305,-41.0697480,nova redencao,BA
46840,-12.6477892,-40.9333557,ibiquera,BA
46850,-12.6744938,-40.6441207,boa vista do tupim,BA
46860,-12.7712176,-40.2098718,iacu,BA
46865,-12.7999167,-40.3540046,joão amaro,BA
46875,-12.7099992,-39.6983591,itatim,BA
46880,-12.5261102,-40.3079584,itaberaba,BA
46900,-12.4190563,-41.7721122,seabra,BA
46930,-12.5168881,-41.5776800,palmeiras,BA
46960,-12.5497714,-41.3841778,lencois,BA
46970,-12.2828625,-41.1676986,wagner,BA
46980,-12.2465949,-41.6030707,iraquara,BA
46985,-12.2836419,-41.5126237,iraporanga,BA
46990,-12.0821225,-41.6517395,souto soares,BA
47100,-11.0914266,-43.1454514,barra,BA
47115,-12.1147856,-43.5530547,muquem do sao francisco,BA
47120,-10.7150859,-43.6342829,buritirama,BA
47150,-10.9893061,-44.5107322,santa rita de cassia,BA
47160,-10.7195092,-44.0347085,mansidao,BA
47200,-9.6208915,-42.0814729,remanso,BA
47220,-9.5123605,-43.0233216,campo alegre de lourdes,BA
47240,-9.9968980,-42.4853681,pilao arcado,BA
47300,-9.1773881,-40.9813030,casa nova,BA
47310,-2.5581064,-35.1590275,santana do sobrado,BA
47350,-9.7433729,-41.8692999,sento se,BA
47400,-10.8233734,-42.7271298,xique-xique,BA
47440,-11.0092879,-42.3989684,itaguacu da bahia,BA
47450,-11.4303974,-42.5055328,gentio do ouro,BA
47500,-12.6937205,-43.1821491,paratinga,BA
47520,-12.1739548,-43.2147806,ibotirama,BA
47530,-12.3155315,-42.8834608,oliveira dos brejinhos,BA
47560,-12.0070792,-42.6197671,brotas de macaubas,BA
47580,-11.5641515,-43.2767195,morpara,BA
47590,-11.8196792,-42.6159649,ipupiara,BA
47600,-13.2560140,-43.4098758,bom jesus da lapa,BA
47610,-13.0853055,-43.4681635,sitio do mato,BA
47630,-13.5243364,-43.6074413,serra do ramalho,BA
47640,-13.3890632,-44.2005574,santa maria da vitoria,BA
47650,-13.3506116,-44.6490345,correntina,BA
47655,-13.6231492,-44.4676534,jaborandi,BA
47665,-13.4031642,-44.1947213,sao felix do coribe,BA
47680,-14.1803738,-44.5353399,cocos,BA
47690,-13.8252043,-44.4538878,coribe,BA
47700,-12.9807690,-44.0497439,santana,BA
47730,-13.0759815,-44.2019611,canapolis,BA
47740,-12.7593361,-43.9469306,serra dourada,BA
47750,-12.4847971,-43.9611726,brejolandia,BA
47760,-12.6235238,-44.0617748,tabocas do brejo velho,BA
47800,-12.1447457,-44.9912368,barreiras,BA
47801,-12.1396283,-44.9890756,barreiras,BA
47802,-12.1476967,-44.9849012,barreiras,BA
47803,-12.1470796,-44.9868978,barreiras,BA
47804,-12.1549820,-44.9964778,barreiras,BA
47805,-12.1495215,-45.0008295,barreiras,BA
47806,-12.1492482,-44.9946356,barreiras,BA
47807,-12.1534413,-45.0022672,barreiras,BA
47808,-12.1506693,-45.0001736,barreiras,BA
47810,-12.1368781,-45.0097359,barreiras,BA
47813,-12.1779243,-44.6607105,barreiras,BA
47814,-12.9485005,-38.4606323,barreiras,BA
47820,-12.4005737,-45.0165817,sao desiderio,BA
47825,-12.4292251,-45.0860460,sítio grande,BA
47827,-26.9198729,-49.0868023,roda velha,BA
47830,-12.3057396,-44.5388124,baianopolis,BA
47845,-12.3139124,-44.8595473,catolândia,BA
47850,-12.0925130,-45.8069267,luis eduardo magalhaes,BA
47900,-11.9866195,-44.2576931,cotegipe,BA
47940,-12.1213780,-43.8895382,wanderley,BA
47950,-12.2344681,-44.4100200,cristopolis,BA
47960,-12.0063844,-44.6981626,angical,BA
47970,-11.7497592,-44.9097222,riachao das neves,BA
47990,-11.0170332,-45.2582502,formosa do rio preto,BA
48000,-12.1394414,-38.4229761,alagoinhas,BA
48005,-12.1402103,-38.4223045,alagoinhas,BA
48010,-12.1323901,-38.4214714,alagoinhas,BA
48011,-12.1235041,-38.4165670,alagoinhas,BA
48020,-12.1326058,-38.4155602,alagoinhas,BA
48030,-12.1374914,-38.4051864,alagoinhas,BA
48031,-12.1469713,-38.4210923,alagoinhas,BA
48040,-12.1453210,-38.4210861,alagoinhas,BA
48050,-12.1433876,-38.4321267,alagoinhas,BA
48051,-12.1512205,-38.4277761,alagoinhas,BA
48060,-12.1414029,-38.4382474,alagoinhas,BA
48070,-12.1341820,-38.4388190,alagoinhas,BA
48071,-12.1312606,-38.4395097,alagoinhas,BA
48080,-12.1306240,-38.4337703,alagoinhas,BA
48090,-12.1231335,-38.4302404,alagoinhas,BA
48103,-4.5962448,-42.8545167,boa uniao,BA
48108,-12.2113601,-38.2027164,aracas,BA
48110,-12.3638410,-38.3818689,catu,BA
48120,-12.4254499,-38.3273645,pojuca,BA
48130,-12.0913306,-38.5003316,aramari,BA
48140,-12.1461567,-38.6438270,pedrao,BA
48150,-12.0141183,-38.6278945,ouricangas,BA
48170,-11.8400854,-38.7572991,agua fria,BA
48180,-11.9459790,-38.0822356,entre rios,BA
48280,-12.5268441,-38.2631204,mata de sao joao,BA
48288,-12.5768100,-38.0041700,açu da torre,BA
48289,-12.5753693,-38.0026735,mata de sao joao,BA
48290,-12.2559975,-38.0387306,itanagra,BA
48300,-11.8155269,-37.6178547,conde,BA
48310,-11.5640531,-37.7829201,jandaira,BA
48330,-11.4864525,-37.9320431,rio real,BA
48350,-11.6651729,-38.0916043,apora,BA
48355,-13.4688355,-39.2402599,itamira,BA
48360,-11.6634956,-38.0238527,acajutiba,BA
48370,-11.7970635,-37.9476467,esplanada,BA
48390,-11.9525831,-37.9473734,cardeal da silva,BA
48400,-10.8555880,-38.5364767,ribeira do pombal,BA
48405,-10.5851668,-38.6184619,banzae,BA
48410,-10.5930721,-38.3849929,cicero dantas,BA
48413,-10.5361100,-38.6066700,sao joao da fortaleza,BA
48415,-10.5953096,-38.2130062,fatima,BA
48420,-10.4116379,-38.3272778,antas,BA
48430,-10.6805025,-37.8659960,paripiranga,BA
48435,-10.5366169,-38.1149205,adustina,BA
48440,-10.9980302,-38.4033005,ribeira do amparo,BA
48445,-10.6780414,-38.2827742,heliopolis,BA
48450,-11.1004536,-38.5162076,cipo,BA
48455,-10.3348679,-38.4206387,novo triunfo,BA
48460,-11.2405603,-38.4811120,nova soure,BA
48470,-11.3630022,-38.3294388,olindina,BA
48475,-11.3099484,-38.2195161,itapicuru,BA
48480,-11.5103504,-38.1514774,crisopolis,BA
48485,-11.6050146,-38.5830938,satiro dias,BA
48490,-11.7880639,-38.3553660,inhambupe,BA
48500,-10.5066478,-39.0117824,euclides da cunha,BA
48520,-9.8999709,-39.0334939,canudos,BA
48540,-9.9538055,-38.6714366,jeremoabo,BA
48565,-10.3597848,-38.1788944,sitio do quinto,BA
48570,-9.7345686,-38.1269606,santa brigida,BA
48580,-10.0223868,-37.9161221,pedro alexandre,BA
48590,-10.2862446,-37.9266780,coronel joao sa,BA
48601,-9.4043938,-38.2202968,paulo afonso,BA
48602,-9.4044678,-38.2223375,paulo afonso,BA
48603,-9.4089427,-38.2295943,paulo afonso,BA
48604,-9.3926233,-38.2389195,paulo afonso,BA
48605,-9.3975351,-38.2263169,paulo afonso,BA
48606,-9.3925888,-38.2101682,paulo afonso,BA
48607,-9.3958048,-38.2188612,paulo afonso,BA
48608,-9.4028256,-38.2136129,paulo afonso,BA
48609,-9.4311099,-38.2174432,paulo afonso,BA
48610,-9.4414920,-38.2231906,paulo afonso,BA
48611,-9.4308765,-38.2153270,paulo afonso,BA
48620,-9.3423782,-38.2562771,gloria,BA
48630,-8.8597038,-38.7629024,rodelas,BA
48650,-9.1712995,-39.0572988,macururé,BA
48660,-8.9527782,-39.0801997,chorrocho,BA
48668,-13.0091012,-38.5259790,barra do tarrachil,BA
48680,-8.6958258,-39.1555267,abare,BA
48685,-8.6326548,-39.2443856,ibo,BA
48700,-11.6617597,-39.0052365,serrinha,BA
48705,-11.5314222,-39.0775949,barrocas,BA
48710,-11.8074059,-39.1197942,candeal,BA
48720,-11.7956499,-38.8836509,lamarao,BA
48725,-11.7478664,-39.1923565,ichu,BA
48730,-11.5702692,-39.2794274,conceicao do coite,BA
48740,-13.5325073,-38.9930524,salgadalia,BA
48745,-12.2403864,-38.9322940,conceição do coité,BA
48750,-11.4935207,-39.4236740,retirolandia,BA
48760,-11.3352609,-38.9619472,araci,BA
48770,-11.4870493,-38.9952894,teofilandia,BA
48780,-11.6210674,-38.8079781,biritinga,BA
48790,-10.9704373,-38.7890716,tucano,BA
48793,-11.0277801,-38.7918949,tucano,BA
48800,-10.4389056,-39.3316602,monte santo,BA
48830,-10.7532868,-39.2088462,quijingue,BA
48832,-10.6740791,-39.0505751,algodões,BA
48840,-10.6693924,-39.4976476,cansancao,BA
48850,-10.6925059,-39.8530314,itiuba,BA
48860,-10.9775244,-39.6271830,queimadas,BA
48870,-10.8238910,-39.4289077,nordestina,BA
48880,-11.2535330,-39.3776620,santaluz,BA
48890,-11.4109079,-39.4627978,valente,BA
48895,-11.4632258,-39.5265665,sao domingos,BA
48900,-9.4323541,-40.5021639,juazeiro,BA
48901,-9.4331656,-40.5125686,juazeiro,BA
48902,-9.4199519,-40.5119229,juazeiro,BA
48903,-9.4127562,-40.5014427,juazeiro,BA
48904,-9.4205780,-40.4994596,juazeiro,BA
48905,-9.4242052,-40.4940667,juazeiro,BA
48906,-9.4332134,-40.4961204,juazeiro,BA
48907,-9.4319589,-40.4981790,juazeiro,BA
48908,-9.4544286,-40.5006623,juazeiro,BA
48909,-9.4405945,-40.5048522,juazeiro,BA
48913,-9.4474101,-40.5026748,juazeiro,BA
48914,-9.4508958,-40.4942912,juazeiro,BA
48916,-9.4249786,-40.5169484,juazeiro,BA
48922,-9.5892716,-40.4254455,carnaiba do sertao,BA
48925,-9.4706995,-40.8122170,sobradinho,BA
48930,-8.9732560,-39.8851449,curaca,BA
48950,-9.8414774,-39.4791594,uaua,BA
48960,-10.2628130,-40.1920126,jaguarari,BA
48967,-10.3336142,-40.1515249,jaguarari,BA
48970,-10.4623416,-40.1837670,senhor do bonfim,BA
48990,-10.3447022,-39.8306188,andorinha,BA
49000,-11.0091004,-37.0771238,aracaju,SE
49001,-11.0043686,-37.0916578,aracaju,SE
49004,-11.0691713,-37.1218489,aracaju,SE
49005,-11.0597038,-37.1067468,aracaju,SE
49007,-11.0756157,-37.1356161,aracaju,SE
49008,-11.0958569,-37.1395507,aracaju,SE
49009,-11.0992141,-37.1348862,aracaju,SE
49010,-10.9124507,-37.0534345,aracaju,SE
49015,-10.9224067,-37.0508528,aracaju,SE
49020,-10.9302429,-37.0516908,aracaju,SE
49025,-10.9384107,-37.0571486,aracaju,SE
49026,-10.9465697,-37.0572393,aracaju,SE
49027,-10.9416210,-37.0635767,aracaju,SE
49030,-10.9716215,-37.0673409,aracaju,SE
49031,-10.9701201,-37.0671917,aracaju,SE
49032,-10.9701929,-37.0558767,aracaju,SE
49033,-11.0105478,-37.0924114,aracaju,SE
49035,-10.9714427,-37.0457237,aracaju,SE
49036,-10.9760514,-37.0455307,aracaju,SE
49037,-10.9910930,-37.0606726,aracaju,SE
49038,-10.9952900,-37.0782437,aracaju,SE
49040,-10.9521821,-37.0718992,aracaju,SE
49041,-10.9808744,-37.0888817,aracaju,SE
49042,-10.9709290,-37.0809832,aracaju,SE
49043,-10.9657822,-37.0902331,aracaju,SE
49044,-10.9866919,-37.1004063,aracaju,SE
49045,-10.9322145,-37.0660677,aracaju,SE
49046,-10.9468418,-37.0572321,aracaju,SE
49047,-10.9395503,-37.0745523,aracaju,SE
49048,-10.9421609,-37.0709538,aracaju,SE
49050,-10.9265180,-37.0635379,aracaju,SE
49051,-10.9284545,-37.0624702,aracaju,SE
49052,-10.9190171,-37.0639136,aracaju,SE
49055,-10.9131108,-37.0617440,aracaju,SE
49060,-10.8986523,-37.0614420,aracaju,SE
49063,-10.8863359,-37.0624765,aracaju,SE
49065,-10.8973850,-37.0532431,aracaju,SE
49066,-10.8926195,-37.0530144,aracaju,SE
49067,-10.8776397,-37.0548387,aracaju,SE
49070,-10.9022258,-37.0755377,aracaju,SE
49071,-10.8849389,-37.0819984,aracaju,SE
49072,-10.9015099,-37.0691099,aracaju,SE
49075,-10.9150916,-37.0725896,aracaju,SE
49080,-10.9174186,-37.0803963,aracaju,SE
49082,-10.9113279,-37.0825502,aracaju,SE
49085,-10.9066423,-37.0813413,aracaju,SE
49087,-10.8945476,-37.0818557,aracaju,SE
49088,-10.9282842,-37.0887223,aracaju,SE
49089,-10.9742078,-37.1114727,aracaju,SE
49090,-10.8956649,-37.0955820,aracaju,SE
49091,-10.8891417,-37.0976823,aracaju,SE
49092,-10.9443466,-37.1086494,aracaju,SE
49095,-10.9403411,-37.0817741,aracaju,SE
49096,-10.9147988,-37.0848448,aracaju,SE
49097,-10.9336596,-37.0788494,aracaju,SE
49100,-10.9594786,-37.1516455,sao cristovao,SE
49120,-11.0213793,-37.3240674,itaporanga d'ajuda,SE
49130,-10.7314207,-37.1868873,riachuelo,SE
49140,-10.9105460,-37.0285230,barra dos coqueiros,SE
49160,-10.8645893,-37.0957924,nossa senhora do socorro,SE
49170,-10.7981402,-37.1630078,laranjeiras,SE
49180,-10.7874070,-37.0525651,santo amaro das brotas,SE
49190,-10.7389156,-36.8568246,pirambu,SE
49200,-11.2597749,-37.4357141,estancia,SE
49220,-11.2647014,-37.6191748,araua,SE
49230,-11.3533332,-37.4487262,santa luzia do itanhy,SE
49250,-11.5225964,-37.5090014,indiaroba,SE
49260,-11.3814188,-37.6609772,umbauba,SE
49270,-11.4770311,-37.7559258,cristinapolis,SE
49280,-11.3745915,-37.8402409,tomar do geru,SE
49290,-11.2748050,-37.7907954,itabaianinha,SE
49300,-11.1846110,-38.0012569,tobias barreto,SE
49320,-11.0694731,-37.7264151,riachao do dantas,SE
49350,-11.1914884,-37.6737441,pedrinhas,SE
49360,-11.1475012,-37.6189439,boquim,SE
49390,-11.0341266,-37.4755029,salgado,SE
49400,-10.9161787,-37.6716190,lagarto,SE
49480,-10.7405529,-37.8068572,simao dias,SE
49490,-10.7151337,-38.1750856,poco verde,SE
49500,-10.6860327,-37.4275480,itabaiana,SE
49501,-10.6798064,-37.4188984,itabaiana,SE
49503,-10.6934859,-37.4277867,itabaiana,SE
49504,-10.6974342,-37.4268939,itabaiana,SE
49505,-10.7089131,-37.4252440,itabaiana,SE
49506,-10.6898965,-37.4348901,itabaiana,SE
49507,-10.7098929,-37.4266699,itabaiana,SE
49509,-10.6809581,-37.4316961,itabaiana,SE
49510,-10.6766012,-37.4390352,itabaiana,SE
49514,-10.5494412,-37.5426372,frei paulo,SE
49517,-10.5683077,-37.7234171,pinhao,SE
49520,-10.7503944,-37.4932301,campo do brito,SE
49525,-10.7921487,-37.5675876,sao domingos,SE
49530,-10.5380543,-37.4359663,ribeiropolis,SE
49535,-10.3860748,-37.3787859,sao miguel do aleixo,SE
49540,-10.3973886,-37.4537691,nossa senhora aparecida,SE
49550,-10.3598181,-37.7049279,carira,SE
49560,-10.5810023,-37.3412666,moita bonita,SE
49565,-10.6652179,-37.5421872,macambira,SE
49570,-10.6585744,-37.3073070,malhador,SE
49580,-10.7569143,-37.3136910,areia branca,SE
49600,-10.4643566,-37.2108065,nossa senhora das dores,SE
49630,-10.6053080,-37.1130284,siriri,SE
49640,-10.6465983,-37.1925567,santa rosa de lima,SE
49650,-10.6789848,-37.1504540,divina pastora,SE
49660,-10.3545524,-37.1829196,cumbe,SE
49670,-10.2623118,-37.3121124,feira nova,SE
49680,-10.2319304,-37.4129859,nossa senhora da gloria,SE
49690,-10.0280897,-37.5630697,monte alegre de sergipe,SE
49700,-10.5042906,-37.0537398,capela,SE
49740,-10.6483361,-36.9876312,carmopolis,SE
49750,-10.6852714,-36.9859550,general maynard,SE
49760,-10.7032782,-37.0355142,rosario do catete,SE
49770,-10.7392411,-37.0863528,maruim,SE
49780,-10.4159451,-36.9581625,muribeca,SE
49790,-10.2847656,-37.0192931,aquidaba,SE
49800,-9.9165273,-37.3089185,porto da folha,SE
49810,-9.8187597,-37.6900918,poco redondo,SE
49820,-9.6737315,-37.8002195,caninde de sao francisco,SE
49830,-9.9695260,-37.0830845,gararu,SE
49860,-10.2291726,-37.1969167,graccho cardoso,SE
49880,-10.1372585,-36.9713602,canhoba,SE
49890,-10.0780822,-37.0543162,nossa senhora de lourdes,SE
49900,-10.2144708,-36.8358978,propria,SE
49910,-10.2061615,-36.8848531,telha,SE
49920,-10.1299352,-36.9266157,amparo de sao francisco,SE
49930,-10.2514070,-36.8828104,cedro de sao joao,SE
49940,-10.3546298,-36.9189863,malhada dos bois,SE
49945,-10.3491993,-36.8856655,sao francisco,SE
49950,-10.3492289,-36.8043291,japoata,SE
49960,-10.5914010,-36.9427369,japaratuba,SE
49970,-10.4527691,-36.6451010,pacatuba,SE
49980,-10.3259308,-36.5775288,neopolis,SE
49985,-10.2708996,-36.6221873,santana do sao francisco,SE
49990,-10.4359429,-36.5370469,ilha das flores,SE
49995,-10.4300715,-36.4665609,brejo grande,SE
50010,-8.0638535,-34.8783710,recife,PE
50020,-8.0686813,-34.8805655,recife,PE
50030,-8.0629131,-34.8724057,recife,PE
50040,-8.0536584,-34.8779581,recife,PE
50050,-8.0548589,-34.8870624,recife,PE
50060,-8.0626473,-34.8870970,recife,PE
50070,-8.0610035,-34.8939167,recife,PE
50080,-8.0723217,-34.8979963,recife,PE
50090,-8.0745514,-34.8950347,recife,PE
50100,-8.0485982,-34.8865678,recife,PE
50110,-8.0419722,-34.8794140,recife,PE
50160,-8.0570816,-34.9081325,recife,PE
50610,-8.0547155,-34.9087122,recife,PE
50620,-8.0453570,-34.9145443,recife,PE
50630,-8.0565595,-34.9229241,recife,PE
50640,-8.0594794,-34.9317565,recife,PE
50650,-8.0568137,-34.9376429,recife,PE
50660,-8.0622759,-34.9391775,recife,PE
50670,-8.0447068,-34.9398938,recife,PE
50680,-8.0340840,-34.9322570,recife,PE
50690,-8.0315198,-34.9386704,recife,PE
50710,-8.0454611,-34.9083827,recife,PE
50711,-8.0511548,-34.9212864,recife,PE
50720,-8.0579268,-34.9112288,recife,PE
50721,-8.0512792,-34.9309209,recife,PE
50730,-8.0569890,-34.9429215,recife,PE
50731,-8.0409860,-34.9327955,recife,PE
50740,-8.0419884,-34.9478077,recife,PE
50741,-8.0504025,-34.9586673,recife,PE
50750,-8.0683458,-34.9071624,recife,PE
50751,-8.0650256,-34.9179356,recife,PE
50760,-8.0713975,-34.9196282,recife,PE
50761,-8.0700888,-34.9290547,recife,PE
50770,-8.0812182,-34.9103068,recife,PE
50771,-8.0841614,-34.9229051,recife,PE
50780,-8.0963431,-34.9402974,recife,PE
50781,-8.0833335,-34.9374842,recife,PE
50790,-8.0801183,-34.9498360,recife,PE
50791,-8.0883165,-34.9675475,recife,PE
50800,-8.0332963,-34.9481211,recife,PE
50810,-8.0392290,-34.9564666,recife,PE
50820,-8.0760724,-34.9175134,recife,PE
50830,-8.0696054,-34.9110444,recife,PE
50850,-8.0816364,-34.9181789,recife,PE
50860,-8.0942524,-34.9251831,recife,PE
50865,-8.0825372,-34.9318119,recife,PE
50870,-8.0956983,-34.9334066,recife,PE
50875,-8.1019855,-34.9325705,recife,PE
50900,-8.0906060,-34.9420952,recife,PE
50910,-8.0818996,-34.9410618,recife,PE
50920,-8.0882893,-34.9556211,recife,PE
50930,-8.0915715,-34.9543495,recife,PE
50940,-8.0816571,-34.9657122,recife,PE
50950,-8.0708732,-34.9575012,recife,PE
50960,-8.0371923,-34.9831263,recife,PE
50970,-8.0352706,-34.9760142,recife,PE
50980,-8.0283044,-34.9594426,recife,PE
51010,-8.0850326,-34.8811191,recife,PE
51011,-8.0964533,-34.8853677,recife,PE
51020,-8.1152996,-34.8966851,recife,PE
51021,-8.1256129,-34.9027322,recife,PE
51030,-8.1361826,-34.9064394,recife,PE
51110,-8.0872033,-34.8889578,recife,PE
51111,-8.1063879,-34.8892431,recife,PE
51130,-8.1436625,-34.9086922,recife,PE
51150,-8.1065958,-34.9145247,recife,PE
51160,-8.1125158,-34.9064011,recife,PE
51170,-8.0914760,-34.9129783,recife,PE
51180,-8.1026891,-34.9144451,recife,PE
51190,-8.1152933,-34.9196050,recife,PE
51200,-8.1128001,-34.9143606,recife,PE
51220,-8.1124840,-34.9325184,recife,PE
51230,-8.1147512,-34.9396929,recife,PE
51240,-8.1239377,-34.9368929,recife,PE
51250,-8.1358907,-34.9325358,recife,PE
51260,-8.1325013,-34.9417132,recife,PE
51270,-8.1071878,-34.9408111,recife,PE
51275,-8.1079032,-34.9479861,recife,PE
51280,-8.1177825,-34.9492769,recife,PE
51290,-8.1224317,-34.9472680,recife,PE
51300,-8.1286613,-34.9471745,recife,PE
51310,-8.1358319,-34.9496995,recife,PE
51320,-8.1322738,-34.9515463,recife,PE
51330,-8.1261545,-34.9568712,recife,PE
51335,-8.1131466,-34.9625855,recife,PE
51340,-8.1180661,-34.9561406,recife,PE
51345,-8.1114733,-34.9547205,recife,PE
51346,-8.1074313,-34.9622943,recife,PE
51350,-8.1082999,-34.9226138,recife,PE
52010,-8.0588671,-34.9002106,recife,PE
52011,-8.0498842,-34.9008343,recife,PE
52020,-8.0454131,-34.8944794,recife,PE
52021,-8.0414601,-34.8902033,recife,PE
52030,-8.0370256,-34.8857625,recife,PE
52031,-8.0351471,-34.8810159,recife,PE
52040,-8.0282801,-34.8812590,recife,PE
52041,-8.0341940,-34.8948140,recife,PE
52050,-8.0383181,-34.8997469,recife,PE
52051,-8.0287450,-34.9074665,recife,PE
52060,-8.0344403,-34.9115483,recife,PE
52061,-8.0329501,-34.9222539,recife,PE
52070,-8.0286255,-34.9182278,recife,PE
52071,-8.0230811,-34.9299760,recife,PE
52080,-8.0165741,-34.9121983,recife,PE
52081,-8.0163050,-34.9228355,recife,PE
52090,-8.0140036,-34.9292575,recife,PE
52091,-8.0046227,-34.9349605,recife,PE
52110,-8.0259770,-34.9003456,recife,PE
52111,-8.0196155,-34.8993508,recife,PE
52120,-8.0226561,-34.8901854,recife,PE
52121,-8.0191062,-34.8863482,recife,PE
52125,-8.0204314,-34.8786127,recife,PE
52130,-8.0099773,-34.8934113,recife,PE
52131,-8.0085304,-34.9039741,recife,PE
52140,-8.0039100,-34.9049643,recife,PE
52150,-8.0028635,-34.9126842,recife,PE
52160,-7.9926125,-34.9165751,recife,PE
52165,-7.9847323,-34.9196316,recife,PE
52170,-7.9782867,-34.9179134,recife,PE
52171,-8.0185802,-34.9551251,recife,PE
52190,-8.0024310,-34.9263334,recife,PE
52191,-7.9999011,-34.9243938,recife,PE
52210,-8.0180425,-34.9117298,recife,PE
52211,-8.0194124,-34.9053917,recife,PE
52221,-8.0120754,-34.8851867,recife,PE
52280,-8.0179874,-34.9161528,recife,PE
52290,-7.9924030,-34.9400646,recife,PE
52291,-7.9932648,-34.9341592,recife,PE
52390,-7.9869474,-34.9301142,recife,PE
52490,-8.0127415,-34.9292524,recife,PE
53010,-8.0215209,-34.8537400,olinda,PE
53012,-5.7836709,-35.1969468,natal,RN
53020,-8.0142295,-34.8548329,olinda,PE
53025,-8.0143124,-34.8540351,olinda,PE
53030,-7.9992975,-34.8424328,olinda,PE
53040,-7.9711256,-34.8343339,olinda,PE
53050,-7.9730850,-34.8398227,olinda,PE
53060,-7.9732344,-34.8493054,olinda,PE
53070,-7.9646556,-34.8451702,olinda,PE
53080,-7.9620074,-34.8511436,olinda,PE
53090,-7.9605355,-34.8529613,olinda,PE
53110,-8.0277035,-34.8709893,olinda,PE
53120,-8.0104875,-34.8463740,olinda,PE
53130,-7.9882752,-34.8406423,olinda,PE
53140,-7.9774731,-34.8420789,olinda,PE
53150,-7.9647443,-34.8398811,olinda,PE
53160,-7.9921132,-34.8983551,olinda,PE
53170,-7.9877525,-34.9068614,olinda,PE
53180,-7.9914030,-34.8935911,olinda,PE
53190,-7.9821119,-34.8994729,olinda,PE
53210,-7.9970367,-34.9009532,olinda,PE
53220,-8.0110180,-34.8761953,olinda,PE
53230,-8.0127116,-34.8643221,olinda,PE
53240,-8.0075543,-34.8526343,olinda,PE
53250,-7.9863147,-34.8524054,olinda,PE
53260,-8.0076733,-34.8819281,olinda,PE
53270,-8.0001355,-34.8880244,olinda,PE
53280,-7.9957485,-34.8895645,olinda,PE
53290,-8.0076971,-34.8702342,olinda,PE
53300,-8.0050941,-34.8746495,olinda,PE
53320,-8.0005034,-34.8525253,olinda,PE
53330,-8.0026815,-34.8598840,olinda,PE
53350,-7.9868006,-34.8631013,olinda,PE
53360,-7.9790113,-34.8833603,olinda,PE
53370,-7.9937195,-34.8599460,olinda,PE
53401,-7.9419914,-34.8786975,paulista,PE
53402,-7.9636179,-34.8704041,paulista,PE
53403,-7.9577702,-34.8748691,paulista,PE
53404,-7.9774191,-34.9041348,paulista,PE
53405,-7.9617343,-34.8735816,paulista,PE
53407,-7.9529290,-34.8927391,paulista,PE
53409,-7.9485998,-34.8954566,paulista,PE
53413,-7.9412112,-34.8961400,paulista,PE
53415,-7.9335803,-34.8856978,paulista,PE
53416,-7.9301261,-34.8890238,paulista,PE
53417,-7.9344676,-34.8904132,paulista,PE
53421,-7.9331953,-34.8617770,paulista,PE
53422,-7.9382658,-34.8612453,paulista,PE
53423,-7.9257311,-34.8596145,paulista,PE
53425,-7.9003444,-34.8397055,paulista,PE
53427,-7.8577291,-34.8380317,paulista,PE
53429,-7.8902584,-34.8334780,paulista,PE
53431,-7.9039879,-34.8358628,paulista,PE
53433,-7.9100206,-34.8377514,paulista,PE
53435,-7.9192573,-34.8328624,paulista,PE
53437,-7.9316694,-34.8318715,paulista,PE
53439,-7.9447966,-34.8344316,paulista,PE
53441,-7.9482782,-34.8702492,paulista,PE
53442,-7.9525146,-34.8546664,paulista,PE
53443,-7.9528255,-34.8735310,paulista,PE
53444,-7.9492940,-34.8683320,paulista,PE
53510,-7.9062418,-34.8990493,abreu e lima,PE
53520,-7.9125416,-34.9047961,abreu e lima,PE
53525,-7.9109521,-34.9035213,abreu e lima,PE
53530,-7.9191873,-34.9265284,abreu e lima,PE
53540,-7.9241095,-34.9201917,abreu e lima,PE
53545,-7.9135200,-34.9087769,abreu e lima,PE
53550,-7.9078485,-34.9110328,abreu e lima,PE
53560,-7.9049413,-34.9065270,abreu e lima,PE
53565,-7.9032526,-34.9044717,abreu e lima,PE
53570,-7.8907345,-34.9138931,abreu e lima,PE
53580,-7.8999538,-34.8998909,abreu e lima,PE
53585,-7.8977239,-34.9046993,abreu e lima,PE
53605,-7.8207618,-34.9153211,igarassu,PE
53610,-7.8307388,-34.9074534,igarassu,PE
53615,-7.8158882,-34.9055835,igarassu,PE
53620,-7.8447299,-34.9049922,igarassu,PE
53625,-7.8698688,-34.9045987,igarassu,PE
53630,-7.8537872,-34.9121013,igarassu,PE
53635,-7.8720211,-34.9085729,igarassu,PE
53637,-7.8622994,-34.9138156,igarassu,PE
53640,-7.8341141,-34.9186421,igarassu,PE
53645,-7.8704721,-34.9119064,igarassu,PE
53650,-7.8147318,-34.9243403,igarassu,PE
53690,-7.7889814,-35.0888527,aracoiaba,PE
53700,-7.7751110,-34.8975481,itapissuma,PE
53900,-7.7576603,-34.8332076,ilha de itamaraca,PE
53990,-3.8487210,-32.4141001,fernando de noronha,PE
54070,-8.1076524,-35.0228547,jaboatao dos guararapes,PE
54080,-8.1113511,-35.0215652,jaboatao dos guararapes,PE
54090,-8.1257737,-35.0199593,jaboatao dos guararapes,PE
54100,-8.1222265,-35.0131018,jaboatao dos guararapes,PE
54110,-8.1122016,-35.0166636,jaboatao dos guararapes,PE
54120,-8.1070995,-35.0086447,jaboatao dos guararapes,PE
54140,-8.0989738,-35.0160624,jaboatao dos guararapes,PE
54150,-8.1086941,-34.9926350,jaboatao dos guararapes,PE
54160,-8.1137901,-34.9933685,jaboatao dos guararapes,PE
54170,-8.1012692,-34.9837722,jaboatao dos guararapes,PE
54210,-8.0989801,-34.9685288,jaboatao dos guararapes,PE
54220,-8.0859080,-34.9908907,jaboatao dos guararapes,PE
54230,-8.1258005,-34.9681458,jaboatao dos guararapes,PE
54240,-8.1173026,-34.9824736,jaboatao dos guararapes,PE
54245,-8.1007365,-34.9947465,jaboatao dos guararapes,PE
54250,-8.1082355,-34.9684312,jaboatao dos guararapes,PE
54260,-8.1187152,-34.9677396,jaboatao dos guararapes,PE
54270,-8.0895364,-34.9805773,jaboatao dos guararapes,PE
54275,-8.1333168,-34.9719578,jaboatao dos guararapes,PE
54280,-8.1114307,-34.9677702,jaboatao dos guararapes,PE
54290,-8.1291657,-34.9601628,jaboatao dos guararapes,PE
54300,-8.1246137,-34.9653699,jaboatao dos guararapes,PE
54310,-8.1575525,-34.9235696,jaboatao dos guararapes,PE
54315,-8.1525327,-34.9267859,jaboatao dos guararapes,PE
54320,-8.1427778,-34.9385023,jaboatao dos guararapes,PE
54325,-8.1595979,-34.9351513,jaboatao dos guararapes,PE
54330,-8.1657389,-34.9319116,jaboatao dos guararapes,PE
54335,-8.1680559,-34.9370074,jaboatao dos guararapes,PE
54340,-8.1913627,-34.9594959,jaboatao dos guararapes,PE
54345,-8.1999142,-34.9725217,jaboatao dos guararapes,PE
54350,-8.1644122,-34.9484375,jaboatao dos guararapes,PE
54352,-8.1728334,-34.9542521,jaboatao dos guararapes,PE
54353,-8.1776213,-34.9375220,jaboatão dos guararapes,PE
54360,-8.1432662,-34.9681831,jaboatao dos guararapes,PE
54365,-8.1519061,-34.9782640,jaboatao dos guararapes,PE
54368,-8.1499893,-34.9592800,jaboatao dos guararapes,PE
54400,-8.1578101,-34.9151612,jaboatao dos guararapes,PE
54410,-8.1758999,-34.9217550,jaboatao dos guararapes,PE
54420,-8.1857105,-34.9242590,jaboatao dos guararapes,PE
54430,-8.1932647,-34.9291130,jaboatao dos guararapes,PE
54440,-8.2020854,-34.9224546,jaboatao dos guararapes,PE
54450,-8.1998427,-34.9223670,jaboatao dos guararapes,PE
54460,-8.1830599,-34.9263245,jaboatao dos guararapes,PE
54470,-8.2069550,-34.9288087,jaboatao dos guararapes,PE
54490,-8.1822673,-34.9491252,jaboatao dos guararapes,PE
54500,-8.3255193,-34.9839558,cabo de santo agostinho,PE
54505,-8.2906657,-35.0395589,cabo de santo agostinho,PE
54510,-8.2808632,-35.0296096,cabo de santo agostinho,PE
54515,-8.2839032,-35.0245056,cabo de santo agostinho,PE
54517,-8.2770710,-35.0062682,cabo de santo agostinho,PE
54520,-8.3018686,-35.0258517,cabo de santo agostinho,PE
54522,-8.2329896,-34.9820695,cabo de santo agostinho,PE
54525,-8.2890758,-35.0309098,cabo de santo agostinho,PE
54530,-8.2978393,-35.0408699,cabo de santo agostinho,PE
54535,-8.2938067,-35.0519669,cabo de santo agostinho,PE
54580,-8.2397639,-34.9852543,cabo de santo agostinho,PE
54589,-8.2250323,-34.9667619,cabo de santo agostinho,PE
54590,-8.3027239,-34.9989938,santo agostinho,PE
54700,-7.9855712,-35.0764780,são lourenço da mata,PE
54705,-8.0055102,-35.0179777,sao lourenco da mata,PE
54710,-8.0015621,-35.0486033,sao lourenco da mata,PE
54715,-8.0085892,-35.0260635,sao lourenco da mata,PE
54720,-8.0057132,-35.0349045,sao lourenco da mata,PE
54725,-7.9920487,-35.0454770,sao lourenco da mata,PE
54727,-7.9911811,-35.0516612,sao lourenco da mata,PE
54730,-7.9964363,-35.0460979,sao lourenco da mata,PE
54733,-8.0023447,-35.0082263,são lourenço da mata,PE
54735,-7.9922957,-35.0390842,sao lourenco da mata,PE
54737,-7.9825937,-35.0690082,sao lourenco da mata,PE
54740,-7.9990936,-35.0297803,sao lourenco da mata,PE
54749,-8.0240178,-35.0588835,nossa senhora da luz,PE
54753,-8.0151026,-34.9709071,camaragibe,PE
54756,-7.9998581,-34.9787883,camaragibe,PE
54758,-8.0135348,-34.9656290,camaragibe,PE
54759,-8.0083442,-34.9852858,camaragibe,PE
54762,-8.0257042,-34.9813359,camaragibe,PE
54765,-8.0266582,-34.9917450,camaragibe,PE
54766,-8.0246964,-34.9881071,camaragibe,PE
54767,-8.0277549,-35.0014663,camaragibe,PE
54768,-8.0147774,-34.9913719,camaragibe,PE
54771,-8.0184982,-34.9913219,camaragibe,PE
54774,-8.0155126,-34.9980695,camaragibe,PE
54777,-8.0134119,-35.0016345,camaragibe,PE
54783,-7.9488084,-35.0216303,camaragibe,PE
54786,-7.9571436,-35.0097960,camaragibe,PE
54789,-7.9775346,-35.0045016,camaragibe,PE
54792,-7.9794052,-34.9794320,camaragibe,PE
54800,-8.1175144,-35.1106014,moreno,PE
55002,-8.2856873,-35.9664660,caruaru,PE
55004,-8.2851334,-35.9707722,caruaru,PE
55006,-8.2885888,-35.9778367,caruaru,PE
55008,-8.2871850,-35.9844883,caruaru,PE
55010,-8.2782408,-35.9784843,caruaru,PE
55012,-8.2784656,-35.9716687,caruaru,PE
55014,-8.2697959,-35.9753558,caruaru,PE
55016,-8.2635335,-35.9662826,caruaru,PE
55018,-8.2750599,-35.9594158,caruaru,PE
55019,-8.2666270,-35.9537091,caruaru,PE
55020,-8.2792290,-35.9601291,caruaru,PE
55021,-8.2759068,-35.9497500,caruaru,PE
55022,-8.2784628,-35.9340869,caruaru,PE
55024,-8.2876068,-35.9559022,caruaru,PE
55026,-8.2938880,-35.9615516,caruaru,PE
55028,-8.2958368,-35.9659997,caruaru,PE
55030,-8.2966758,-35.9733538,caruaru,PE
55031,-8.3086662,-35.9750143,caruaru,PE
55032,-8.2974773,-35.9815746,caruaru,PE
55034,-8.2875210,-35.9923274,caruaru,PE
55036,-8.2837825,-35.9955745,caruaru,PE
55038,-8.2738515,-35.9884499,caruaru,PE
55040,-8.2867128,-36.0088158,caruaru,PE
55042,-8.2756175,-36.0042279,caruaru,PE
55044,-8.2682175,-35.9872843,caruaru,PE
55120,-8.1190327,-35.8554052,riacho das almas,PE
55125,-8.0059552,-36.0586790,toritama,PE
55130,-8.3282840,-36.1374224,sao caitano,PE
55140,-8.3171266,-36.2920135,tacaimbo,PE
55150,-8.3363322,-36.4200263,belo jardim,PE
55152,-8.3391680,-36.4351435,belo jardim,PE
55153,-8.3327248,-36.4298584,belo jardim,PE
55154,-8.3321576,-36.4172612,belo jardim,PE
55155,-8.3308712,-36.4216277,belo jardim,PE
55156,-21.4940806,-56.1545871,belo jardim,PE
55157,-8.3345183,-36.4162399,belo jardim,PE
55158,-8.3421649,-36.4123996,belo jardim,PE
55160,-16.1335308,-38.7087452,serra do vento,PE
55168,-8.0144212,-34.9006040,água fria,PE
55170,-8.1197590,-36.3474414,brejo da madre de deus,PE
55175,-8.1760747,-36.1953153,fazenda nova,PE
55178,-18.2400451,-43.0431948,sao domingos,PE
55180,-7.9873937,-36.4964024,jatauba,PE
55190,-7.9475066,-36.2101602,santa cruz do capibaribe,PE
55191,-7.9337414,-36.1982910,santa cruz do capibaribe,PE
55192,-7.9534122,-36.2038335,santa cruz do capibaribe,PE
55194,-7.9510220,-36.2088447,santa cruz do capibaribe,PE
55195,-7.9499527,-36.2148718,santa cruz do capibaribe,PE
55199,-7.9606780,-36.2046434,santa cruz do capibaribe,PE
55200,-8.3616849,-36.6985735,pesqueira,PE
55240,-8.1853971,-36.7056015,pocao,PE
55250,-8.3625109,-36.5623431,sanharo,PE
55260,-8.4671721,-36.7748551,alagoinha,PE
55265,-8.5382057,-36.7250466,perpétuo socorro,PE
55270,-8.5772585,-36.8730334,venturosa,PE
55280,-8.5151703,-36.9388361,pedra,PE
55290,-8.9127421,-36.4812613,garanhuns,PE
55291,-8.9076237,-36.4806280,garanhuns,PE
55292,-8.9011580,-36.4940094,garanhuns,PE
55293,-8.8931727,-36.4942564,garanhuns,PE
55294,-8.8830017,-36.5004792,garanhuns,PE
55295,-8.8844772,-36.4870131,garanhuns,PE
55296,-8.8877195,-36.4802527,garanhuns,PE
55297,-8.8768693,-36.4710324,garanhuns,PE
55298,-8.8851441,-36.4672149,garanhuns,PE
55299,-8.8817564,-36.4671260,garanhuns,PE
55302,-8.5144458,-35.1245734,sao pedro,PE
55305,-9.0562968,-36.6242151,terezinha,PE
55310,-9.0038999,-36.3257603,palmeirina,PE
55315,-9.1302230,-36.3287201,correntes,PE
55320,-9.1250337,-36.4592500,lagoa do ouro,PE
55325,-9.0248390,-36.5702004,brejão,PE
55330,-9.1763293,-36.6800449,bom conselho,PE
55334,-9.2758420,-36.6133731,rainha isabel,PE
55340,-9.1088125,-37.1170203,aguas belas,PE
55345,-9.0558765,-36.8554197,iati,PE
55350,-8.9750251,-36.6882256,saloa,PE
55355,-8.9188117,-36.6587252,paranatama,PE
55360,-8.7744255,-36.6248974,caetes,PE
55365,-8.7386546,-36.6272173,capoeiras,PE
55370,-8.5228074,-36.4453881,sao bento do una,PE
55375,-8.7422118,-36.3360880,calcado,PE
55380,-8.4890075,-36.2360617,cachoeirinha,PE
55385,-8.6613279,-36.3229340,lajedo,PE
55390,-8.5803976,-36.1782199,ibirajuba,PE
55395,-8.7119631,-36.4157376,jupi,PE
55398,-8.7063773,-36.4866929,jucati,PE
55400,-8.6654253,-35.7260368,catende,PE
55402,-8.5997299,-35.7631449,laje grande,PE
55405,-8.7848267,-35.8136308,maraial,PE
55409,-8.7291694,-35.7955624,jaqueira,PE
55410,-8.8063321,-35.9116691,sao benedito do sul,PE
55415,-8.8272028,-36.0120426,quipapa,PE
55420,-8.8786665,-36.1977453,canhotinho,PE
55430,-8.8894578,-36.2847728,angelim,PE
55435,-8.8750871,-36.3673421,sao joao,PE
55440,-8.6254804,-35.8398199,belem de maria,PE
55445,-8.5616773,-35.8295771,batateira,PE
55450,-8.6572455,-35.9040391,lagoa dos gatos,PE
55460,-8.6100399,-35.9529029,cupira,PE
55470,-8.6665943,-36.0239230,panelas,PE
55473,-8.6564977,-36.1001869,panelas,PE
55480,-8.7182601,-36.1381676,jurema,PE
55485,-12.8129984,-38.7316693,santo antonio das queimadas,PE
55490,-8.4881898,-36.0602340,altinho,PE
55495,-8.4550469,-35.9465143,agrestina,PE
55500,-8.3663409,-35.2412030,escada,PE
55510,-8.3451817,-35.3538782,primavera,PE
55515,-8.3769099,-35.4518917,amaraji,PE
55520,-8.5149865,-35.3774009,ribeirao,PE
55525,-8.4735133,-35.5431688,cortes,PE
55530,-8.5841967,-35.3856389,gameleira,PE
55535,-8.6241510,-35.5260805,joaquim nabuco,PE
55540,-8.6803120,-35.5889205,palmares,PE
55550,-8.7061367,-35.5172330,agua preta,PE
55555,-8.8066136,-35.6273434,xexeu,PE
55560,-8.8144894,-35.1967634,barreiros,PE
55565,-8.8945156,-35.1523369,sao jose da coroa grande,PE
55570,-8.6622542,-35.1527125,rio formoso,PE
55578,-8.7537838,-35.1117563,tamandare,PE
55580,-8.5954461,-35.1125261,sirinhaem,PE
55590,-8.4418652,-35.0313310,ipojuca,PE
55592,-8.3607232,-34.9862511,nossa senhora do o,PE
55595,-8.5134168,-35.1249930,camela,PE
55600,-8.1070249,-35.2971537,vitoria de santo antao,PE
55602,-8.1205023,-35.2964703,vitoria de santo antao,PE
55604,-8.1216358,-35.3028305,vitoria de santo antao,PE
55605,-8.1167119,-35.2959860,vitoria de santo antao,PE
55606,-8.1198486,-35.3091934,vitoria de santo antao,PE
55608,-8.1125236,-35.3008961,vitoria de santo antao,PE
55610,-8.1084004,-35.2854122,vitoria de santo antao,PE
55612,-8.1162436,-35.2872934,vitoria de santo antao,PE
55614,-8.1249277,-35.2890471,vitoria de santo antao,PE
55618,-15.7780862,-41.0344736,pirituba,PE
55620,-8.0005266,-35.2950129,gloria do goita,PE
55630,-8.1405318,-35.3907467,pombos,PE
55636,-8.2401816,-35.4616924,cha grande,PE
55640,-8.2058335,-35.5635810,gravata,PE
55641,-8.2007485,-35.5697532,gravata,PE
55642,-8.1976935,-35.5582447,gravata,PE
55643,-8.2121071,-35.5669345,gravata,PE
55644,-8.2103376,-35.5799833,gravata,PE
55645,-8.1954389,-35.5741626,gravata,PE
55650,-7.9806808,-35.5819770,passira,PE
55655,-8.0107521,-35.6985165,cumaru,PE
55660,-8.2366457,-35.7548209,bezerros,PE
55665,-8.3599558,-35.7621288,camocim de sao felix,PE
55670,-8.4344487,-35.8106588,sao joaquim do monte,PE
55675,-7.9406112,-35.6354905,salgadinho,PE
55680,-8.4719079,-35.7327411,bonito,PE
55690,-8.4204324,-35.6616209,barra de guabiraba,PE
55695,-8.3245429,-35.7082338,saire,PE
55700,-7.8777112,-35.4480950,limoeiro,PE
55715,-7.9493927,-35.3852558,feira nova,PE
55720,-7.8581264,-35.5923620,joao alfredo,PE
55730,-7.7962206,-35.5893067,bom jardim,PE
55735,-5.0119909,-42.0311168,bom jardim,PE
55740,-7.6863572,-35.5152677,machados,PE
55745,-7.7491491,-35.6041156,orobo,PE
55750,-7.8414785,-35.7594500,surubim,PE
55755,-7.7545875,-35.7189909,casinhas,PE
55760,-7.7844360,-35.8328825,vertente do lerio,PE
55765,-7.8284576,-35.8818564,santa maria do cambuca,PE
55770,-7.9063777,-35.9891331,vertentes,PE
55780,-7.9447192,-35.9141929,frei miguelinho,PE
55790,-7.9108587,-36.0716188,taquaritinga do norte,PE
55800,-7.7435098,-35.2270530,nazare da mata,PE
55805,-7.8020562,-35.2363656,tracunhaem,PE
55811,-7.8442728,-35.2464859,carpina,PE
55813,-7.8496883,-35.2589680,carpina,PE
55814,-7.8458730,-35.2639287,carpina,PE
55815,-7.8417729,-35.2549697,carpina,PE
55816,-7.8433109,-35.2632996,carpina,PE
55817,-7.8378238,-35.2483086,carpina,PE
55818,-7.8494040,-35.2521862,carpina,PE
55819,-7.8434881,-35.2345605,carpina,PE
55820,-7.8427401,-35.3114214,lagoa do carro,PE
55825,-7.8943421,-35.1786417,paudalho,PE
55835,-7.9970703,-35.2106970,cha de alegria,PE
55840,-7.9298966,-35.2935228,lagoa do itaenga,PE
55845,-7.7244414,-35.3273011,buenos aires,PE
55850,-7.6574957,-35.3213061,vicencia,PE
55860,-7.5947536,-35.4878080,sao vicente ferrer,PE
55865,-7.5535266,-35.4505047,macaparana,PE
55870,-7.5119299,-35.3168495,timbauba,PE
55880,-7.4488717,-35.2428143,ferreiros,PE
55890,-7.5951352,-35.2228284,alianca,PE
55900,-7.5624449,-34.9993753,goiana,PE
55920,-7.4095541,-35.1148129,itambe,PE
55930,-7.4083339,-35.2730367,camutanga,PE
55940,-7.5877100,-35.1023003,condado,PE
55950,-7.6667405,-35.1028034,itaquitinga,PE
56000,-8.0709609,-39.1234773,salgueiro,PE
56120,-7.9337832,-38.9706019,verdejante,PE
56130,-7.7193096,-39.2374146,cedro,PE
56140,-7.9456769,-39.2964558,serrita,PE
56150,-7.6180395,-39.5430220,moreilandia,PE
56160,-7.7123600,-39.6246726,granito,PE
56163,-8.0915506,-39.5802776,parnamirim,PE
56170,-8.6170943,-39.6018370,oroco,PE
56180,-8.5067214,-39.3090944,cabrobo,PE
56190,-8.2285930,-39.3767517,terra nova,PE
56200,-7.8875901,-40.0842711,ouricuri,PE
56210,-8.1887238,-40.6600083,santa filomena,PE
56215,-8.2397810,-40.3325708,santa cruz,PE
56220,-7.7786815,-39.9369501,bodoco,PE
56230,-7.5251541,-39.7283611,exu,PE
56250,-7.7607254,-40.2683373,trindade,PE
56260,-7.6474488,-40.1524432,ipubi,PE
56280,-7.5776787,-40.5013621,araripina,PE
56302,-9.3985336,-40.4948819,petrolina,PE
56304,-9.3936121,-40.5007503,petrolina,PE
56306,-9.3879464,-40.5117792,petrolina,PE
56308,-9.3949530,-40.5136751,petrolina,PE
56309,-9.3741865,-40.5368780,petrolina,PE
56310,-9.3812908,-40.5323244,petrolina,PE
56312,-9.3877413,-40.5443937,petrolina,PE
56313,-9.3688707,-40.5380084,petrolina,PE
56314,-9.3694405,-40.5361622,petrolina,PE
56316,-9.3584777,-40.5363482,petrolina,PE
56317,-9.3623014,-40.5488304,petrolina,PE
56318,-9.3789017,-40.5185646,petrolina,PE
56319,-9.3783933,-40.5116380,petrolina,PE
56320,-9.3689502,-40.4910022,petrolina,PE
56321,-9.3694202,-40.5078253,petrolina,PE
56322,-9.3595606,-40.4992232,petrolina,PE
56323,-9.3591195,-40.4979280,petrolina,PE
56326,-9.3590674,-40.4861723,petrolina,PE
56328,-9.3889847,-40.4889985,petrolina,PE
56330,-9.3835556,-40.4956436,petrolina,PE
56331,-9.3743818,-40.5150648,petrolina,PE
56332,-9.3875789,-40.4669594,petrolina,PE
56345,-9.3798661,-40.5387517,rajada,PE
56355,-8.4461782,-40.7679240,dormentes,PE
56360,-8.5276494,-41.0206011,afranio,PE
56380,-8.7926048,-39.8267028,santa maria da boa vista,PE
56395,-9.0005291,-40.2633598,lagoa grande,PE
56400,-8.5978043,-38.5697997,floresta,PE
56420,-8.3209072,-38.7432398,carnaubeira da penha,PE
56430,-8.7274295,-38.6879398,itacuruba,PE
56440,-8.7343631,-38.9607619,belém do são francisco,PE
56460,-8.9779946,-38.2212277,petrolandia,PE
56470,-9.1799050,-38.2553672,jatoba,PE
56480,-9.1041133,-38.1286804,tacaratu,PE
56502,-8.4086376,-37.0801902,arcoverde,PE
56503,-8.4126237,-37.0630994,arcoverde,PE
56504,-8.4160098,-37.0544594,arcoverde,PE
56505,-8.4177414,-37.0508287,arcoverde,PE
56506,-8.4198930,-37.0567008,arcoverde,PE
56509,-8.4235917,-37.0598089,arcoverde,PE
56510,-8.4244890,-37.0583148,arcoverde,PE
56511,-8.4288076,-37.0596277,arcoverde,PE
56512,-8.4147473,-37.0688064,arcoverde,PE
56515,-8.4175412,-37.0485929,arcoverde,PE
56516,-8.4333171,-37.0690522,arcoverde,PE
56517,-8.4162613,-37.0448195,arcoverde,PE
56519,-8.4173168,-37.0409000,arcoverde,PE
56520,-8.6206098,-37.1494472,buique,PE
56540,-8.7514348,-37.3407160,tupanatinga,PE
56550,-8.9458094,-37.4198397,itaiba,PE
56560,-8.9020545,-37.8253511,inaja,PE
56565,-8.9628608,-37.6260246,manari,PE
56580,-8.5412407,-37.6909734,ibimirim,PE
56600,-8.0760957,-37.2717764,sertania,PE
56640,-8.0890401,-37.6442318,custodia,PE
56670,-8.2492126,-38.0240354,betania,PE
56700,-7.5866064,-37.4642819,sao jose do egito,PE
56720,-7.3785753,-37.1917709,itapetim,PE
56740,-7.3493971,-37.2858897,brejinho,PE
56750,-7.3760639,-37.4790845,santa terezinha,PE
56760,-7.6056681,-37.3145824,tuparetama,PE
56780,-7.5907279,-37.5398802,tabira,PE
56795,-7.6004852,-37.6512534,solidao,PE
56800,-7.7598298,-37.5602051,afogados da ingazeira,PE
56820,-7.8051118,-37.7935393,caraiba,PE
56825,-7.6673693,-37.6892611,ibitiranga,PE
56828,-7.7183364,-37.8500285,quixada,PE
56830,-7.6775752,-37.4595740,ingazeira,PE
56840,-7.8354491,-37.4910198,iguaraci,PE
56848,-8.1150343,-36.2167371,jabitaca,PE
56850,-7.8913667,-37.9302242,flores,PE
56870,-7.8366091,-38.1023171,triunfo,PE
56895,-7.8203899,-38.1533835,santa cruz da baixa verde,PE
56903,-7.9879600,-38.2950197,serra talhada,PE
56906,-7.9847141,-38.3047128,serra talhada,PE
56909,-7.9816683,-38.2848138,serra talhada,PE
56912,-7.9904031,-38.2893068,serra talhada,PE
56915,-7.9981624,-38.3039069,serra talhada,PE
56930,-7.9393452,-38.1532876,calumbi,PE
56950,-7.8657817,-38.7590389,sao jose do belmonte,PE
56980,-8.1256360,-38.7292592,mirandiba,PE
57000,-9.6386059,-35.7102215,maceió,AL
57010,-9.6686798,-35.7557430,maceio,AL
57014,-9.6583782,-35.7567488,maceio,AL
57015,-9.6539075,-35.7576754,maceio,AL
57017,-9.6370419,-35.7474011,maceio,AL
57018,-9.6174122,-35.7538911,maceio,AL
57020,-9.6378388,-35.7409188,maceio,AL
57022,-9.6587853,-35.7274045,maceio,AL
57025,-9.6601760,-35.7219957,maceio,AL
57030,-9.6654322,-35.7146862,maceio,AL
57031,-9.6485086,-35.7162715,maceio,AL
57035,-9.6569893,-35.7066680,maceio,AL
57036,-9.6477110,-35.7062043,maceio,AL
57037,-9.6445854,-35.7098642,maceio,AL
57038,-9.6267723,-35.6990273,maceio,AL
57039,-9.5782991,-35.6604323,maceio,AL
57040,-9.6409260,-35.7241475,maceio,AL
57041,-9.6258969,-35.7185950,maceio,AL
57042,-9.6181128,-35.7292289,maceio,AL
57043,-9.6345642,-35.7263481,maceio,AL
57044,-9.6183461,-35.7059899,maceio,AL
57045,-9.6128386,-35.7242147,maceio,AL
57046,-9.6064802,-35.7229020,maceio,AL
57048,-9.5907477,-35.7410750,maceio,AL
57050,-9.6428211,-35.7331763,maceio,AL
57051,-9.6550024,-35.7344014,maceio,AL
57052,-9.6243707,-35.7337640,maceio,AL
57055,-9.6355319,-35.7397505,maceio,AL
57057,-9.6277494,-35.7412831,maceio,AL
57060,-9.5867457,-35.7705787,maceio,AL
57061,-9.5920627,-35.7632080,maceio,AL
57062,-9.6057789,-35.7579917,maceio,AL
57063,-9.6023545,-35.7695787,maceio,AL
57070,-9.5947444,-35.7829473,maceio,AL
57071,-9.5871433,-35.7731698,maceio,AL
57072,-9.5582528,-35.7715885,maceio,AL
57073,-9.5587427,-35.7607238,maceio,AL
57074,-9.5529553,-35.7468194,maceio,AL
57075,-9.5572033,-35.7833559,maceio,AL
57080,-9.5957611,-35.7488266,maceio,AL
57081,-9.5751346,-35.7567572,maceio,AL
57082,-9.5810100,-35.7577325,maceio,AL
57083,-9.5615202,-35.7462635,maceio,AL
57084,-9.5574633,-35.7295391,maceio,AL
57085,-9.5586341,-35.7391412,maceio,AL
57086,-9.6316156,-35.7331187,maceio,AL
57100,-9.4971913,-35.8332966,rio largo,AL
57120,-9.5697086,-35.8258363,satuba,AL
57130,-9.6010843,-35.8238571,santa luzia do norte,AL
57140,-9.6376586,-35.7910153,coqueiro seco,AL
57150,-9.5998908,-35.9567477,pilar,AL
57160,-9.7319204,-35.8591403,marechal deodoro,AL
57180,-9.8386391,-35.8962051,barra de sao miguel,AL
57200,-10.2864132,-36.5682568,penedo,AL
57210,-10.4019844,-36.4199662,piacabucu,AL
57220,-10.2941953,-36.3085518,feliz deserto,AL
57230,-10.1255153,-36.1749137,coruripe,AL
57235,-10.0555805,-36.0526213,poxim,AL
57240,-9.7816069,-36.0984691,sao miguel dos campos,AL
57241,-9.7830994,-36.1018839,sao miguel dos campos,AL
57242,-9.7832503,-36.0915072,são miguel dos campos,AL
57244,-10.0114158,-36.0231957,jequia da praia,AL
57245,-9.8005910,-36.1078990,sao miguel dos campos,AL
57246,-9.8626652,-35.9728609,sao miguel dos campos,AL
57250,-9.7843231,-36.3499407,campo alegre,AL
57255,-19.9053697,-43.9483064,jequia da praia,AL
57257,-9.8334683,-35.9776836,roteiro,AL
57258,-9.7562811,-36.2349421,campo alegre,AL
57260,-9.6252697,-36.0224253,limoeiro de anadia,AL
57265,-9.9113236,-36.3562707,teotonio vilela,AL
57270,-9.8886750,-36.4683601,junqueiro,AL
57275,-9.9389802,-36.5510436,sao sebastiao,AL
57280,-10.1278064,-36.6561428,igreja nova,AL
57290,-10.1493708,-36.7845585,porto real do colegio,AL
57300,-9.7520289,-36.6611972,arapiraca,AL
57301,-9.7663332,-36.6483690,arapiraca,AL
57302,-9.7618038,-36.6372154,arapiraca,AL
57303,-9.7802925,-36.6381071,arapiraca,AL
57304,-9.7623087,-36.6618615,arapiraca,AL
57305,-9.7504863,-36.6702554,arapiraca,AL
57306,-9.7423533,-36.6688547,arapiraca,AL
57307,-9.7322496,-36.6736437,arapiraca,AL
57308,-9.7267325,-36.6672679,arapiraca,AL
57309,-9.7215496,-36.6799365,arapiraca,AL
57310,-9.7367753,-36.6627767,arapiraca,AL
57311,-9.7421234,-36.6564042,arapiraca,AL
57312,-9.7449185,-36.6522857,arapiraca,AL
57313,-9.7541486,-36.6505803,arapiraca,AL
57314,-9.7486130,-36.6432725,arapiraca,AL
57315,-9.7342496,-36.6436862,arapiraca,AL
57316,-9.7597842,-36.6467260,arapiraca,AL
57317,-9.7974495,-36.6251580,arapiraca,AL
57319,-0.4835047,-28.4244441,vila sao francisco,AL
57320,-9.6175631,-36.7675923,craibas,AL
57325,-9.6369057,-36.5796485,coite do noia,AL
57330,-9.8274873,-36.7417919,lagoa da canoa,AL
57340,-9.9005329,-36.6756983,feira grande,AL
57350,-9.9595986,-36.7900218,campo grande,AL
57360,-9.8842181,-36.8247809,girau do ponciano,AL
57370,-9.9679324,-37.0028741,traipu,AL
57380,-10.1264403,-36.8988395,sao bras,AL
57390,-10.0573769,-36.8126575,olho d'agua grande,AL
57400,-9.7475409,-37.4360539,pao de acucar,AL
57410,-9.6721439,-37.3300000,palestina,AL
57420,-9.6743511,-37.1275153,batalha,AL
57425,-9.6596697,-37.0015683,jaramataia,AL
57430,-9.6342833,-37.2061478,jacare dos homens,AL
57440,-9.6030778,-37.2477168,monteiropolis,AL
57442,-9.5339533,-37.2947505,olho d'agua das flores,AL
57445,-9.5591738,-37.3820016,sao jose da tapera,AL
57460,-9.6113806,-37.7591000,piranhas,AL
57470,-9.5016120,-37.8320930,olho d'água do casado,AL
57475,-9.2592612,-38.0059580,pariconha,AL
57480,-9.3824931,-38.0105502,delmiro gouveia,AL
57490,-9.2620554,-37.9351266,agua branca,AL
57500,-9.3731491,-37.2463083,santana do ipanema,AL
57510,-9.3034224,-37.3006295,poco das trincheiras,AL
57515,-9.4677643,-37.4563056,senador rui palmeira,AL
57520,-9.2335253,-37.3589252,maravilha,AL
57525,-9.1620325,-37.3576850,ouro branco,AL
57530,-9.1159065,-37.6067842,canapi,AL
57535,-9.4843005,-37.3745159,carneiros,AL
57540,-9.1178205,-37.7422449,mata grande,AL
57545,-9.2223010,-37.7483300,inhapi,AL
57550,-9.5146147,-37.1893846,olivenca,AL
57560,-9.3870811,-37.0891860,dois riachos,AL
57570,-9.4011851,-36.9827090,cacimbinhas,AL
57580,-9.5398417,-37.0149552,major isidoro,AL
57600,-9.4056154,-36.6295175,palmeira dos indios,AL
57601,-9.4135117,-36.6363938,palmeira dos indios,AL
57602,-9.4115478,-36.6231910,palmeira dos indios,AL
57603,-9.4176628,-36.6293984,palmeira dos indios,AL
57604,-9.4283429,-36.6283526,palmeira dos indios,AL
57605,-9.4158862,-36.6222143,palmeira dos indios,AL
57606,-9.4111083,-36.6518675,palmeira dos indios,AL
57607,-9.4173364,-36.6438647,palmeira dos indios,AL
57608,-9.4100059,-36.6474101,palmeira dos indios,AL
57620,-9.5382726,-36.6312409,igaci,AL
57625,-9.3888020,-36.7605680,estrela de alagoas,AL
57630,-9.5833746,-36.4701991,belem,AL
57635,-9.5345695,-36.4338530,tanque d'arca,AL
57640,-9.6474200,-36.4940016,taquarana,AL
57660,-9.6840472,-36.3032935,anadia,AL
57670,-9.5758588,-36.3034719,maribondo,AL
57680,-9.6442468,-36.2137125,boca da mata,AL
57690,-9.5066936,-36.0148813,atalaia,AL
57700,-9.3732961,-36.2454798,vicosa,AL
57720,-9.4750112,-36.2889932,pindoba,AL
57730,-9.4512086,-36.3877118,mar vermelho,AL
57740,-9.3685718,-36.3714607,paulo jacinto,AL
57750,-9.3166543,-36.4667535,quebrangulo,AL
57760,-9.2568549,-36.2975592,cha preta,AL
57770,-9.3987627,-36.1469569,cajueiro,AL
57780,-9.4120881,-36.0816533,capela,AL
57800,-9.1572186,-36.0269787,uniao dos palmares,AL
57820,-9.3104962,-35.9452059,murici,AL
57830,-9.2469085,-36.0143785,branquinha,AL
57840,-9.1664932,-36.2185022,santana do mundau,AL
57860,-9.0076258,-36.0576848,sao jose da laje,AL
57890,-8.9685826,-35.9258822,ibateguara,AL
57900,-9.0536888,-35.3982016,porto calvo,AL
57910,-9.1565509,-35.5329285,matriz de camaragibe,AL
57920,-9.3133655,-35.5675897,sao luis do quitunde,AL
57925,-9.4085167,-35.5088963,barra de santo antonio,AL
57930,-9.2505919,-35.4861574,passo de camaragibe,AL
57935,-9.4626538,-35.5469814,paripueira,AL
57940,-9.2609747,-35.3801653,sao miguel dos milagres,AL
57945,-9.1562457,-35.3099079,porto de pedras,AL
57950,-9.0984836,-35.2661817,japaratinga,AL
57955,-9.0076760,-35.2200482,maragogi,AL
57960,-8.8422519,-35.4572540,jacuipe,AL
57965,-8.9407519,-35.5544648,jundia,AL
57968,-8.8512637,-35.5673044,campestre,AL
57970,-8.9419202,-35.6635919,novo lino,AL
57975,-8.9189395,-35.7299057,colonia leopoldina,AL
57980,-9.1381992,-35.7561073,joaquim gomes,AL
57990,-9.3894728,-35.8396907,messias,AL
57995,-9.2759038,-35.7265845,flexeiras,AL
58010,-7.1204026,-34.8849643,joao pessoa,PB
58011,-7.1280636,-34.8919153,joao pessoa,PB
58013,-7.1222519,-34.8773044,joao pessoa,PB
58015,-7.1338759,-34.8773184,joao pessoa,PB
58020,-7.1134712,-34.8765214,joao pessoa,PB
58025,-7.1117789,-34.8653512,joao pessoa,PB
58026,-7.1069326,-34.8684972,joao pessoa,PB
58027,-7.1007741,-34.8645632,joao pessoa,PB
58028,-7.1025442,-34.8537384,joao pessoa,PB
58030,-7.1147108,-34.8556162,joao pessoa,PB
58031,-7.1139856,-34.8476083,joao pessoa,PB
58032,-7.1177044,-34.8358531,joao pessoa,PB
58033,-7.1147987,-34.8397546,joao pessoa,PB
58034,-7.1076416,-34.8421711,joao pessoa,PB
58035,-7.0683796,-34.8424156,joao pessoa,PB
58036,-7.0950035,-34.8432558,joao pessoa,PB
58037,-7.0854681,-34.8361830,joao pessoa,PB
58038,-7.1051463,-34.8344524,joao pessoa,PB
58039,-7.1156467,-34.8273911,joao pessoa,PB
58040,-7.1260308,-34.8631875,joao pessoa,PB
58041,-7.1230238,-34.8534489,joao pessoa,PB
58042,-7.1215725,-34.8463912,joao pessoa,PB
58043,-7.1225160,-34.8350695,joao pessoa,PB
58045,-7.1285635,-34.8230633,joao pessoa,PB
58046,-7.1450190,-34.8243575,joao pessoa,PB
58047,-7.1625890,-34.7993467,joao pessoa,PB
58050,-7.1319175,-34.8467362,joao pessoa,PB
58051,-7.1472941,-34.8396109,joao pessoa,PB
58052,-7.1558133,-34.8367843,joao pessoa,PB
58053,-7.1529072,-34.8509405,joao pessoa,PB
58055,-7.1683712,-34.8417477,joao pessoa,PB
58056,-7.1751643,-34.8411615,joao pessoa,PB
58057,-7.1834496,-34.8412679,joao pessoa,PB
58058,-7.1671636,-34.8302574,joao pessoa,PB
58059,-7.1787160,-34.8274027,joao pessoa,PB
58062,-7.2050459,-34.8375885,joao pessoa,PB
58063,-7.2004000,-34.8515924,joao pessoa,PB
58064,-7.1945917,-34.8448532,joao pessoa,PB
58065,-7.2002449,-34.8574030,joao pessoa,PB
58066,-7.2148573,-34.8363331,joao pessoa,PB
58067,-7.2118116,-34.8504000,joao pessoa,PB
58068,-7.1986398,-34.8658406,joao pessoa,PB
58069,-7.1701991,-34.8770272,joao pessoa,PB
58070,-7.1524318,-34.8774585,joao pessoa,PB
58071,-7.1626563,-34.8702719,joao pessoa,PB
58073,-7.1677111,-34.8558658,joao pessoa,PB
58074,-7.1747235,-34.8571425,joao pessoa,PB
58075,-7.1792549,-34.8696264,joao pessoa,PB
58076,-7.1755483,-34.8802255,joao pessoa,PB
58077,-7.1826807,-34.8623497,joao pessoa,PB
58078,-7.1802960,-34.8824503,joao pessoa,PB
58079,-7.1846990,-34.8841638,joao pessoa,PB
58080,-7.1730315,-34.8905951,joao pessoa,PB
58081,-7.1773844,-34.8910002,joao pessoa,PB
58082,-7.1723751,-34.8999210,joao pessoa,PB
58083,-7.1778799,-34.9253368,joao pessoa,PB
58084,-7.1671143,-34.9100059,joao pessoa,PB
58085,-7.1442696,-34.8880738,joao pessoa,PB
58086,-7.1526021,-34.8910022,joao pessoa,PB
58087,-7.1609083,-34.8905450,joao pessoa,PB
58088,-7.1555702,-34.9013125,joao pessoa,PB
58090,-7.1373668,-34.9099207,joao pessoa,PB
58100,-6.9728967,-34.8342089,cabedelo,PB
58101,-7.0176552,-34.8322915,cabedelo,PB
58102,-7.0453612,-34.8420982,cabedelo,PB
58103,-7.0076761,-34.9189288,cabedelo,PB
58105,-7.0202784,-34.8406023,cabedelo,PB
58106,-7.2366689,-35.8934603,campina grande,PB
58107,-7.2401826,-35.9235525,campina grande,PB
58108,-7.0899565,-35.1075629,cabedelo,PB
58109,-7.2263655,-35.9260587,campina grande,PB
58115,-7.1471473,-35.9613676,puxinana,PB
58117,-7.1593370,-35.8562311,lagoa seca,PB
58119,-7.1032233,-35.8675353,sao sebastiao de lagoa de roca,PB
58120,-7.1790946,-35.7334387,massaranduba,PB
58123,-7.2643588,-36.2415411,boa vista,PB
58125,-7.0619690,-35.7644087,alagoa nova,PB
58128,-7.1225239,-35.7706667,matinhas,PB
58135,-7.0186724,-35.8593039,esperanca,PB
58140,-7.0486180,-35.9242117,areial,PB
58145,-7.0868925,-35.9592247,montadas,PB
58150,-7.0787110,-36.0596709,pocinhos,PB
58155,-7.0588496,-36.3634835,soledade,PB
58167,-6.8634804,-36.3549301,cubati,PB
58170,-6.7229759,-36.0563669,barra de santa rosa,PB
58173,-6.6316772,-35.9076192,damiao,PB
58175,-6.4848924,-36.1517729,cuite,PB
58177,-6.7646744,-36.2469361,sossego,PB
58178,-6.4555018,-36.2059080,nova floresta,PB
58180,-6.7576487,-36.4676015,pedra lavrada,PB
58184,-6.6790542,-36.4198493,nova palmeira,PB
58187,-6.5065460,-36.3446899,picui,PB
58188,-6.6449071,-36.2481731,barauna,PB
58195,-6.4027873,-36.4516411,frei martinho,PB
58200,-6.8520926,-35.4909215,guarabira,PB
58208,-6.8963152,-35.5245749,cuitegi,PB
58210,-6.8432744,-35.5289987,piloezinhos,PB
58213,-6.7798305,-35.4971270,pirpirituba,PB
58220,-6.7480888,-35.6314310,bananeiras,PB
58225,-6.7594749,-35.6575416,solanea,PB
58228,-6.6042484,-35.6275721,dona inês,PB
58230,-6.6415886,-35.7917483,cacimba de dentro,PB
58233,-6.5341181,-35.7432839,araruna,PB
58238,-6.7805404,-35.8191502,casserengue,PB
58250,-6.6734523,-35.3750966,lagoa de dentro,PB
58253,-6.6176388,-35.4690056,caicara,PB
58254,-6.5735717,-35.4376985,logradouro,PB
58255,-6.6980707,-35.5369627,belem,PB
58260,-6.6885743,-35.4332894,serra da raiz,PB
58265,-6.6885030,-35.4188584,duas estradas,PB
58268,-6.7522337,-35.4397613,sertaozinho,PB
58270,-6.8512027,-35.3808018,aracagi,PB
58273,-6.6444780,-35.2916266,pedro regis,PB
58275,-6.8295356,-35.2467539,itapororoca,PB
58278,-6.6132737,-35.2917311,jacarau,PB
58280,-6.8371686,-35.1268872,mamanguape,PB
58287,-6.8986943,-35.1993598,capim,PB
58289,-6.9136153,-35.2442499,cuite de mamanguape,PB
58291,-6.7189792,-35.2660257,curral de cima,PB
58292,-6.5957748,-35.0559970,mataraca,PB
58297,-6.8033821,-35.0767380,rio tinto,PB
58300,-7.1237771,-34.9788177,santa rita,PB
58301,-7.1320375,-34.9812305,santa rita,PB
58302,-7.1518745,-34.9663313,santa rita,PB
58303,-7.1517942,-34.9717879,santa rita,PB
58304,-7.1257165,-34.9519364,varzea nova,PB
58305,-7.1283216,-34.9131906,bayeux,PB
58306,-7.1252354,-34.9212068,bayeux,PB
58307,-7.1282095,-34.9341025,bayeux,PB
58308,-7.1338053,-34.9345380,bayeux,PB
58309,-7.1366458,-34.9236410,bayeux,PB
58310,-7.0157205,-34.8391015,cabedelo,PB
58315,-6.9327437,-34.8649336,lucena,PB
58320,-7.4339688,-34.9104477,alhandra,PB
58322,-7.2815319,-34.8324550,conde,PB
58324,-7.4907649,-34.8129207,pitimbu,PB
58326,-7.5175008,-34.9152533,caapora,PB
58328,-7.4019893,-35.1152155,pedras de fogo,PB
58330,-7.3733401,-35.2385321,juripiranga,PB
58334,-7.2496431,-35.2106223,sao miguel de taipu,PB
58337,-7.1403060,-35.0899962,cruz do espirito santo,PB
58338,-7.2623897,-35.2603739,pilar,PB
58339,-7.2470672,-35.3805437,são josé dos ramos,PB
58340,-7.0926103,-35.2314985,sape,PB
58342,-7.1474695,-35.2374915,sobrado,PB
58345,-7.0588299,-35.3167231,mari,PB
58350,-7.1619655,-35.3499617,caldas brandao,PB
58354,-7.0312296,-35.4651908,mulungu,PB
58356,-7.1250128,-35.4241787,gurinhem,PB
58360,-7.3315489,-35.3361408,itabaiana,PB
58370,-7.3807593,-35.4500696,salgado de sao felix,PB
58375,-7.3047852,-35.4776447,mogeiro,PB
58378,-7.3777772,-35.6289497,itatuba,PB
58380,-7.2900682,-35.6060678,inga,PB
58382,-7.2476356,-35.6662260,riachao do bacamarte,PB
58385,-7.1853305,-35.6804359,serra redonda,PB
58387,-7.1758036,-35.5892719,juarez tavora,PB
58388,-7.0417557,-35.6321933,alagoa grande,PB
58390,-6.9492751,-35.5454376,alagoinha,PB
58393,-6.8668176,-35.6113077,piloes,PB
58395,-6.8190157,-35.6420139,serraria,PB
58396,-6.8277176,-35.7603933,arara,PB
58397,-6.9667290,-35.7025056,areia,PB
58398,-6.9651129,-35.7951357,remigio,PB
58399,-6.9040744,-36.0112448,algodão de jandaíra,PB
58400,-7.2194687,-35.8900988,campina grande,PB
58401,-7.2092965,-35.8830782,campina grande,PB
58402,-7.2084918,-35.8744684,campina grande,PB
58403,-7.2075065,-35.8888112,campina grande,PB
58404,-7.2003717,-35.8994678,campina grande,PB
58406,-7.2163522,-35.8695519,campina grande,PB
58407,-7.2279504,-35.8696721,campina grande,PB
58408,-7.2435658,-35.8661777,campina grande,PB
58410,-7.2397326,-35.8789407,campina grande,PB
58411,-7.2546476,-35.8808651,campina grande,PB
58414,-7.2393873,-35.8943506,campina grande,PB
58415,-7.2493229,-35.8994960,campina grande,PB
58416,-7.2342769,-35.9022255,campina grande,PB
58417,-7.2486902,-35.9116198,campina grande,PB
58418,-7.2598285,-35.9079535,campina grande,PB
58420,-7.2720258,-35.9146118,campina grande,PB
58421,-7.2696655,-35.9224745,campina grande,PB
58423,-7.2508390,-35.9219603,campina grande,PB
58424,-7.2708633,-35.9364087,campina grande,PB
58428,-7.2233220,-35.9036957,campina grande,PB
58429,-7.2178057,-35.9096430,campina grande,PB
58430,-7.2238754,-35.9149434,campina grande,PB
58431,-7.2086645,-35.9239216,campina grande,PB
58432,-7.2426540,-35.9213862,campina grande,PB
58433,-7.2300787,-35.9252614,campina grande,PB
58434,-7.2416543,-35.9278783,campina grande,PB
58436,-7.2070824,-35.9429368,campina grande,PB
58437,-7.2104906,-35.9297301,campina grande,PB
58441,5.0135195,-29.3848456,são josé da mata,PB
58450,-7.4819807,-36.1321279,boqueirao,PB
58458,-7.5233200,-35.9989177,barra de santana,PB
58460,-7.7432322,-36.0629876,alcantil,PB
58463,-7.7441465,-35.8834014,santa cecilia,PB
58465,-7.6965983,-36.1472495,riacho de santo antonio,PB
58475,-7.3619460,-35.8991612,queimadas,PB
58480,-7.4897353,-36.2881353,cabaceiras,PB
58483,-7.7521592,-36.3184389,barra de sao miguel,PB
58485,-7.6339340,-36.4347545,sao domingos do cariri,PB
58487,-7.3587159,-35.7853973,fagundes,PB
58489,-7.5462478,-35.7073067,aroeiras,PB
58494,-7.6420351,-35.5513121,natuba,PB
58497,-7.6956130,-35.6652129,umbuzeiro,PB
58500,-7.8928966,-37.1223510,monteiro,PB
58515,-8.0766707,-37.0972906,zabele,PB
58520,-8.0825872,-36.8514403,sao joao do tigre,PB
58530,-7.8906577,-36.8249234,camalau,PB
58533,-6.9822171,-34.8301621,pindurão,PB
58535,-7.7959724,-36.6610624,congo,PB
58540,-7.6705342,-36.8808739,sume,PB
58548,-7.5672006,-37.0609239,amparo,PB
58550,-7.6952580,-37.0834126,prata,PB
58560,-7.6223835,-37.1503349,ouro velho,PB
58570,-7.4016693,-36.8169758,sao jose dos cordeiros,PB
58575,-7.3175224,-36.6546497,parari,PB
58580,-7.4945545,-36.6762666,serra branca,PB
58582,-7.6063771,-36.8161393,santa luzia do cariri,PB
58588,-7.6296772,-36.6043690,coxixola,PB
58590,-7.3903193,-36.5318362,sao joao do cariri,PB
58600,-6.8722120,-36.9174562,santa luzia,PB
58610,-6.7750922,-36.7988786,sao jose do sabugi,PB
58620,-6.7707826,-36.9913051,varzea,PB
58625,-6.9274111,-37.0967778,são mamede,PB
58640,-6.9944377,-36.7134739,junco do serido,PB
58660,-7.0699862,-36.5785920,juazeirinho,PB
58665,-6.9411050,-36.6279026,tenorio,PB
58670,-7.2464223,-36.4874357,gurjao,PB
58675,-7.2211839,-36.6335599,santo andre,PB
58680,-7.2088390,-36.8234987,taperoa,PB
58685,-7.0770913,-36.7322487,assuncao,PB
58690,-7.3780403,-36.9444523,livramento,PB
58695,-7.2893286,-37.0890666,desterro,PB
58698,-7.2114243,-37.0590557,cacimbas,PB
58700,-7.0263548,-37.2759984,patos,PB
58701,-7.0349884,-37.2841547,patos,PB
58703,-7.0272456,-37.2878140,patos,PB
58704,-7.0173014,-37.2844146,patos,PB
58705,-7.0080931,-37.2884592,patos,PB
58706,-7.0171058,-37.2751482,patos,PB
58707,-7.0481269,-37.2740079,patos,PB
58708,-7.0762047,-37.2868837,patos,PB
58710,-6.7405529,-37.5689778,vista serrana,PB
58713,-6.9070093,-37.5211282,malta,PB
58714,-6.9079534,-37.6030504,condado,PB
58715,-7.1241930,-37.6075237,catingueira,PB
58720,-7.0847340,-37.4448987,santa teresinha,PB
58723,-6.8453135,-37.3253455,sao jose de espinharas,PB
58725,-7.1604541,-37.3072231,sao jose do bonfim,PB
58732,-7.1239778,-36.9463932,areia de baraunas,PB
58735,-7.2234822,-37.2533613,teixeira,PB
58737,-7.2657695,-37.3414701,matureia,PB
58740,-7.2448576,-37.4180707,mae d'agua,PB
58745,-7.3871346,-37.5084435,imaculada,PB
58748,-7.5153950,-37.6398494,agua branca,PB
58750,-7.5370002,-37.8184915,juru,PB
58753,-7.6353078,-37.8779070,tavares,PB
58755,-7.7362998,-37.9899912,princesa isabel,PB
58758,-7.7404635,-38.0981835,sao jose de princesa,PB
58760,-7.2290613,-37.7493163,olho d'agua,PB
58765,-7.1986835,-37.9249483,pianco,PB
58770,-7.0182576,-37.9442555,coremas,PB
58775,-7.1791334,-38.1494237,igaracy,PB
58778,-7.0930129,-38.1718059,aguiar,PB
58780,-7.3056950,-38.1517365,itaporanga,PB
58784,-7.2516009,-38.2988518,sao jose de caiana,PB
58790,-7.4285350,-38.0705086,pedra branca,PB
58795,-7.3873534,-37.9893695,santana dos garrotes,PB
58798,-7.4785301,-38.0405169,nova olinda,PB
58800,-6.7611725,-38.2295864,sousa,PB
58801,-6.7551838,-38.2240238,sousa,PB
58802,-6.7605537,-38.2260056,sousa,PB
58804,-6.7706684,-38.2269962,sousa,PB
58805,-6.7743513,-38.2349675,sousa,PB
58806,-6.7508682,-38.2389977,sousa,PB
58807,-6.7659991,-38.2335869,sousa,PB
58808,-6.7728641,-38.2383998,sousa,PB
58815,-6.9322979,-37.9797802,sao jose da lagoa tapada,PB
58817,-6.9150060,-38.3250322,nazarezinho,PB
58818,-6.6181673,-38.0963411,sao francisco,PB
58819,-6.8435314,-38.3473194,marizopolis,PB
58820,-6.5203650,-38.1792793,lastro,PB
58823,-6.7858181,-38.0834585,aparecida,PB
58824,-6.5519623,-38.0769989,santa cruz,PB
58830,-6.5531293,-37.8057202,jerico,PB
58832,-6.5408306,-37.7117313,mato grosso,PB
58835,-6.5904930,-37.9155819,lagoa,PB
58840,-6.7675469,-37.7958297,pombal,PB
58857,-6.8912522,-37.7253530,sao bentinho,PB
58860,-6.5983788,-37.6230913,paulista,PB
58865,-6.4917946,-37.4518621,sao bento,PB
58870,-6.4386299,-37.6516633,riacho dos cavalos,PB
58880,-6.3768800,-37.8254434,brejo dos santos,PB
58884,-6.3548032,-37.7215725,catole do rocha,PB
58887,-6.4461097,-37.9277825,bom sucesso,PB
58890,-6.3475426,-37.4999983,brejo do cruz,PB
58893,-6.2121598,-37.3552389,sao jose do brejo do cruz,PB
58895,-6.1883133,-37.5357194,belem do brejo do cruz,PB
58900,-6.8877452,-38.5589425,cajazeiras,PB
58908,-6.5751288,-38.5120563,poco de jose de moura,PB
58910,-6.7487917,-38.4413606,sao joao do rio do peixe,PB
58915,-6.5189646,-38.4120651,uirauna,PB
58920,-6.5795968,-38.5973452,triunfo,PB
58922,-6.4524902,-38.5519022,bernardino batista,PB
58925,-6.7206399,-38.6398455,santa helena,PB
58928,-6.4828142,-38.4796667,joca claudino,PB
58930,-6.8714535,-38.6477690,bom jesus,PB
58933,-6.4036714,-38.4984528,poco dantas,PB
58935,-6.9264392,-38.6796957,cachoeira dos indios,PB
58940,-7.1541318,-38.4768060,sao jose de piranhas,PB
58945,-7.0376715,-38.3447006,carrapateira,PB
58950,-7.2126069,-38.5857737,monte horebe,PB
58955,-7.2150617,-38.3692108,serra grande,PB
58960,-7.3133429,-38.5142180,bonito de santa fe,PB
58970,-7.5570474,-38.5065790,conceicao,PB
58978,-7.6265339,-38.5591801,santa ines,PB
58980,-7.5035347,-38.4075353,ibiara,PB
58985,-7.5533457,-38.3327650,santana de mangueira,PB
58993,-7.4213510,-38.2181149,boa ventura,PB
58994,-7.4263394,-38.2625597,diamante,PB
58995,-7.7243925,-38.1854671,manaira,PB
59010,-5.7709515,-35.1995523,natal,RN
59012,-5.7799757,-35.2001590,natal,RN
59014,-5.7898179,-35.1924184,natal,RN
59015,-5.8057575,-35.1997338,natal,RN
59020,-5.7922444,-35.2015198,natal,RN
59022,-5.8020348,-35.2066921,natal,RN
59025,-5.7870618,-35.2067315,natal,RN
59030,-5.7977826,-35.2120392,natal,RN
59031,-5.7985138,-35.2162007,natal,RN
59032,-5.8056823,-35.2167448,natal,RN
59035,-5.8009097,-35.2295767,natal,RN
59037,-5.8014736,-35.2236017,natal,RN
59040,-5.7862146,-35.2256175,natal,RN
59042,-5.7943366,-35.2358930,natal,RN
59050,-5.8041913,-35.2325999,natal,RN
59052,-5.8077452,-35.2298816,natal,RN
59054,-5.8112004,-35.2201123,natal,RN
59056,-5.8176186,-35.2050893,natal,RN
59060,-5.8161631,-35.2378393,natal,RN
59062,-5.8159886,-35.2269700,natal,RN
59063,-5.8221905,-35.2212071,natal,RN
59064,-5.8346052,-35.2188903,natal,RN
59065,-5.8377726,-35.2190183,natal,RN
59066,-5.8516880,-35.2175657,natal,RN
59067,-5.8709918,-35.2286742,natal,RN
59068,-5.8580732,-35.2393330,natal,RN
59069,-5.8475612,-35.2420816,natal,RN
59070,-5.8230739,-35.2356792,natal,RN
59071,-5.8227615,-35.2391671,natal,RN
59072,-5.8294581,-35.2458908,natal,RN
59073,-5.8492516,-35.2531311,natal,RN
59074,-5.8285581,-35.2612134,natal,RN
59075,-5.8235971,-35.2084316,natal,RN
59076,-5.8297905,-35.2144822,natal,RN
59077,-5.8402481,-35.2079308,natal,RN
59078,-5.8469277,-35.2037748,natal,RN
59080,-5.8553440,-35.2082284,natal,RN
59082,-5.8625794,-35.1960310,natal,RN
59084,-5.8696126,-35.2009868,natal,RN
59086,-5.8666044,-35.2102729,natal,RN
59088,-5.8756251,-35.2041408,natal,RN
59090,-5.8799288,-35.1769359,natal,RN
59091,-5.8793933,-35.1981946,natal,RN
59092,-5.8800488,-35.1805737,natal,RN
59094,-5.8715143,-35.1838575,natal,RN
59104,-5.7704072,-35.2594392,natal,RN
59106,-5.7703538,-35.2697446,natal,RN
59108,-5.7629730,-35.2585456,natal,RN
59110,-5.7559306,-35.2541278,natal,RN
59112,-5.7555683,-35.2589332,natal,RN
59114,-5.7525778,-35.2723865,natal,RN
59115,-5.7516896,-35.2769420,natal,RN
59120,-5.7562998,-35.2451300,natal,RN
59122,-5.7497559,-35.2238665,natal,RN
59123,-5.7394106,-35.2457507,natal,RN
59124,-5.7466298,-35.2474663,natal,RN
59125,-5.7465782,-35.2433396,natal,RN
59127,-5.7504738,-35.2507997,natal,RN
59129,-5.7434978,-35.2591373,natal,RN
59131,-5.7290758,-35.2465479,natal,RN
59132,-5.7311083,-35.2385341,natal,RN
59133,-5.7379312,-35.2365927,natal,RN
59135,-5.7299945,-35.2522171,natal,RN
59136,-5.7230945,-35.2493655,natal,RN
59138,-5.7343823,-35.2634686,natal,RN
59139,-5.7294528,-35.2661362,natal,RN
59140,-5.9242965,-35.2639472,parnamirim,RN
59141,-5.9210885,-35.2754899,parnamirim,RN
59142,-5.9222440,-35.2863664,parnamirim,RN
59143,-5.9292523,-35.2700421,parnamirim,RN
59144,-5.9442575,-35.2854161,parnamirim,RN
59145,-5.9126789,-35.2801342,parnamirim,RN
59146,-5.9071057,-35.2616298,parnamirim,RN
59147,-5.8986429,-35.2702018,parnamirim,RN
59148,-5.8854266,-35.2327621,parnamirim,RN
59149,-5.8816428,-35.2491883,parnamirim,RN
59150,-5.8783340,-35.2137700,parnamirim,RN
59151,-5.8836329,-35.2038495,parnamirim,RN
59152,-5.8865635,-35.2082413,parnamirim,RN
59153,-5.8867154,-35.1998460,parnamirim,RN
59154,-5.9060820,-35.2040669,parnamirim,RN
59155,-5.9282354,-35.2502411,parnamirim,RN
59156,-5.9409021,-35.2518604,parnamirim,RN
59157,-5.9432603,-35.2551911,parnamirim,RN
59158,-5.9234460,-35.2193617,parnamirim,RN
59160,-5.9455624,-35.1674613,parnamirim,RN
59161,-5.9591429,-35.1456521,parnamirim,RN
59162,-6.0692829,-35.2463967,sao jose de mipibu,RN
59164,-6.0592861,-35.1581259,nisia floresta,RN
59170,-6.1988080,-35.1643558,arez,RN
59173,-6.2688472,-35.2089618,goianinha,RN
59178,-6.2296053,-35.0583177,tibau do sul,RN
59179,-6.0263095,-35.1509623,pipa,RN
59180,-6.3200501,-35.3062011,espirito santo,RN
59182,-6.0707307,-35.3355712,monte alegre,RN
59184,-6.0496523,-35.4323754,vera cruz,RN
59185,-6.3444062,-35.3723650,varzea,RN
59188,-6.2661260,-35.3272956,jundia,RN
59190,-6.3864136,-35.1333442,canguaretama,RN
59192,-6.3167250,-35.0772244,vila flor,RN
59194,-6.3699922,-35.0060623,baia formosa,RN
59196,-6.4357297,-35.2194122,pedro velho,RN
59198,-6.4885011,-35.2873647,montanhas,RN
59200,-6.2277922,-36.0210458,santa cruz,RN
59210,-6.3415412,-36.0851007,sao bento do trairi,RN
59213,-6.4665741,-35.9461800,japi,RN
59214,-6.4179638,-35.7085853,serra de sao bento,RN
59215,-6.4801497,-35.4327993,nova cruz,RN
59217,-6.4401391,-35.7843541,monte das gameleiras,RN
59218,-6.4347816,-35.6414894,passa e fica,RN
59219,-6.1884452,-35.3565000,brejinho,RN
59220,-6.3728542,-36.1873705,coronel ezequiel,RN
59225,-6.4300577,-36.2032105,jacana,RN
59227,-6.3906251,-35.5978690,lagoa d'anta,RN
59230,-6.2403262,-36.1840108,campo redondo,RN
59235,-6.1481042,-36.1170344,lajes pintadas,RN
59240,-6.2013200,-35.8046640,tangara,RN
59245,-6.1062986,-35.7110292,serra caiada,RN
59247,-6.1221060,-35.4752789,lagoa salgada,RN
59250,-6.0368537,-35.6925691,senador eloi de souza,RN
59255,-6.3120238,-35.4805464,santo antonio,RN
59258,-6.2789331,-35.4956752,serrinha,RN
59260,-6.1549287,-35.6057843,boa saude,RN
59270,-5.9886991,-35.5820760,bom jesus,RN
59275,-6.3194508,-35.7111505,sao jose do campestre,RN
59280,-5.8567650,-35.3510243,macaiba,RN
59290,-5.7767204,-35.3005598,sao goncalo do amarante,RN
59291,-5.7917012,-35.3334548,sao goncalo do amarante,RN
59293,-5.7506334,-35.2954682,são gonçalo do amarante,RN
59295,-5.7718363,-35.2801073,sao goncalo do amarante,RN
59296,-5.7741903,-35.2711433,sao goncalo do amarante,RN
59297,-5.7892100,-35.3077823,sao goncalo do amarante,RN
59298,-5.7862452,-35.2960003,sao goncalo do amarante,RN
59300,-6.4641498,-37.0935939,caico,RN
59310,-6.7165325,-37.2019435,sao joao do sabugi,RN
59315,-6.8159041,-37.1988133,ipueira,RN
59318,-6.6651162,-37.3975918,serra negra do norte,RN
59320,-6.4641643,-37.2719543,timbauba dos batistas,RN
59324,-6.3793026,-37.3497289,jardim de piranhas,RN
59327,-6.3773838,-37.1862490,sao fernando,RN
59330,-6.0386559,-37.0219174,jucurutu,RN
59335,-6.1248318,-36.8140105,florania,RN
59338,-6.1475405,-36.7173257,tenente laurentino cruz,RN
59340,-6.2183276,-36.6825732,sao vicente,RN
59343,-6.5877776,-36.7741765,jardim do serido,RN
59347,-6.7038450,-36.9453704,ouro branco,RN
59350,-6.7722831,-36.7358851,santana do serido,RN
59355,-6.9449258,-36.7163731,equador,RN
59360,-6.6897364,-36.6605708,parelhas,RN
59370,-6.4361249,-36.6403355,acari,RN
59374,-6.5568782,-36.5925125,carnauba dos dantas,RN
59375,-6.4126302,-36.7877563,cruzeta,RN
59378,-6.4489028,-36.8787988,sao jose do serido,RN
59380,-6.2593247,-36.5187526,currais novos,RN
59390,-6.0951237,-36.4685173,lagoa nova,RN
59395,-6.0456167,-36.3492862,cerro cora,RN
59400,-5.9742325,-36.0751589,sao tome,RN
59410,-5.9491426,-35.9269540,barcelona,RN
59420,-5.8785432,-35.9352195,ruy barbosa,RN
59430,-6.0003201,-35.8695400,lagoa de velhos,RN
59440,-6.1075291,-35.9137834,sitio novo,RN
59445,-6.0902800,-35.9444400,serra da tapuia,RN
59460,-5.8966102,-35.7628806,sao paulo do potengi,RN
59464,-5.8407615,-35.6929635,santa maria,RN
59470,-5.8104154,-35.8231506,riachuelo,RN
59480,-5.8952155,-35.6396559,sao pedro,RN
59490,-5.8238062,-35.5528310,ielmo marinho,RN
59500,-5.1143639,-36.6318561,macau,RN
59504,-5.2593059,-36.7185407,pendencias,RN
59507,-5.2948825,-36.7581228,alto do rodrigues,RN
59508,-5.5151423,-36.8631418,ipanguacu,RN
59510,-5.4956393,-36.5349995,afonso bezerra,RN
59513,-5.6418876,-36.8701494,itaja,RN
59515,-5.6660317,-36.6032736,angicos,RN
59517,-5.6970761,-36.5296647,fernando pedroza,RN
59518,-5.8032011,-36.8862373,sao rafael,RN
59520,-5.9425501,-36.6397355,santana do matos,RN
59528,-5.9889879,-36.4124318,bodo,RN
59530,-5.5212826,-36.3815541,pedro avelino,RN
59535,-5.6983341,-36.2454444,lajes,RN
59540,-5.7586924,-36.0016245,caicara do rio do vento,RN
59550,-5.5394236,-35.8176850,joao camara,RN
59555,-5.6903164,-35.8200929,bento fernandes,RN
59560,-5.6191232,-35.6558308,poco branco,RN
59565,-5.6225105,-35.5980156,taipu,RN
59570,-5.6376822,-35.4229898,ceara-mirim,RN
59575,-5.6962590,-35.2817793,extremoz,RN
59578,-5.3179791,-35.3964990,rio do fogo,RN
59582,-5.4550054,-35.5540178,pureza,RN
59584,-5.2097418,-35.4701144,touros,RN
59585,-5.1331042,-35.6616785,sao miguel do gostoso,RN
59586,-5.2241814,-35.8376015,parazinho,RN
59588,-5.1486060,-35.8772699,pedra grande,RN
59590,-5.0989296,-36.0062181,sao bento do norte,RN
59592,-5.0633730,-36.0511283,caicara do norte,RN
59594,-5.3566090,-36.1254440,jandaira,RN
59596,-5.0980203,-36.2418211,galinhos,RN
59598,-5.1144965,-36.3230271,guamare,RN
59600,-5.2005082,-37.3501153,mossoro,RN
59603,-5.1899647,-37.3507467,mossoro,RN
59604,-5.2085037,-37.3624419,mossoro,RN
59605,-5.1934372,-37.3551767,mossoro,RN
59607,-5.1851150,-37.3634278,mossoro,RN
59609,-5.1933284,-37.3820495,mossoro,RN
59610,-5.1902879,-37.3398443,mossoro,RN
59611,-5.1817548,-37.3471605,mossoro,RN
59612,-5.1750116,-37.3589796,mossoro,RN
59613,-5.1556050,-37.3519778,mossoró,RN
59614,-5.1540738,-37.3622713,mossoro,RN
59615,-5.1527446,-37.3549466,mossoro,RN
59616,-5.1402748,-37.3555776,mossoró,RN
59617,-5.1599541,-37.3647305,mossoro,RN
59618,-5.1823742,-37.3370425,mossoro,RN
59619,-5.1758385,-37.3461705,mossoro,RN
59621,-5.1704761,-37.3350230,mossoro,RN
59625,-5.2045091,-37.3260255,mossoro,RN
59626,-5.2033453,-37.3016084,mossoro,RN
59628,-5.2204278,-37.3244037,mossoro,RN
59630,-5.1873001,-37.3112913,mossoro,RN
59631,-5.2135710,-37.3362358,mossoro,RN
59633,-5.2256705,-37.3282672,mossoro,RN
59634,-5.2385875,-37.3266590,mossoro,RN
59635,-5.2285958,-37.3492203,mossoro,RN
59650,-5.5786775,-36.9148051,acu,RN
59655,-4.9560320,-37.1278395,areia branca,RN
59660,-5.7772102,-37.1016488,parau,RN
59663,-5.1734264,-37.0366283,serra do mel,RN
59665,-5.3377339,-36.8363069,carnaubais,RN
59668,-5.0671392,-36.7931585,porto do mangue,RN
59670,-5.6429276,-37.2599920,upanema,RN
59675,-4.9834480,-37.1548729,grossos,RN
59678,-4.8384439,-37.2538152,tibau,RN
59680,-5.8627475,-37.3110913,campo grande,RN
59685,-5.8643004,-37.1879264,triunfo potiguar,RN
59690,-6.0178115,-37.4071241,janduis,RN
59695,-5.0800906,-37.6164614,barauna,RN
59700,-5.6608570,-37.7974526,apodi,RN
59730,-5.9560551,-37.7060764,olho-d agua do borges,RN
59740,-6.0779876,-37.7183539,rafael godeiro,RN
59760,-6.1552475,-37.7681830,almino afonso,RN
59770,-6.1037293,-37.6394159,patu,RN
59775,-6.0791373,-37.5144365,messias targino,RN
59780,-5.7895371,-37.5585688,caraubas,RN
59790,-5.4508710,-37.5244993,governador dix-sept rosado,RN
59795,-5.5821677,-37.7005597,felipe guerra,RN
59800,-6.0896424,-37.9121308,martins,RN
59805,-6.1163542,-37.8136058,lucrecia,RN
59808,-6.1126763,-37.9568406,serrinha dos pintos,RN
59810,-6.0252172,-37.9882838,portalegre,RN
59815,-5.9924727,-37.9440903,vicosa,RN
59820,-5.9363005,-37.9487263,riacho da cruz,RN
59830,-5.7891534,-38.0606526,rodolfo fernandes,RN
59840,-5.9291351,-38.0452941,taboleiro grande,RN
59855,-5.8408337,-37.9930478,itau,RN
59856,-5.7873317,-37.9639146,severiano melo,RN
59865,-5.9884037,-37.8156284,umarizal,RN
59870,-6.2142661,-37.8967171,antonio martins,RN
59880,-6.2779213,-37.7968646,joao dias,RN
59890,-6.1602608,-37.8414295,frutuoso gomes,RN
59900,-6.1130619,-38.2066700,pau dos ferros,RN
59902,-6.0882099,-38.1241912,francisco dantas,RN
59905,-6.1122620,-38.3113194,encanto,RN
59908,-5.9994396,-38.1697490,sao francisco do oeste,RN
59910,-6.0971178,-38.3803422,doutor severiano,RN
59920,-6.2112592,-38.4962623,sao miguel,RN
59925,-6.3200362,-38.4903979,venha-ver,RN
59930,-6.2656891,-38.4412659,coronel joao pessoa,RN
59940,-6.4147647,-38.3867642,luis gomes,RN
59945,-6.4043635,-38.3210738,major sales,RN
59950,-6.4852539,-38.3119162,parana,RN
59955,-6.4642887,-38.1800776,tenente ananias,RN
59960,-6.2671972,-38.0422022,piloes,RN
59965,-6.4133557,-38.0139673,alexandria,RN
59970,-6.2907207,-38.1625776,marcelino vieira,RN
59980,-6.3185041,-38.2850623,jose da penha,RN
59987,-6.2640695,-38.3072366,riacho de santana,RN
59990,-6.1933933,-38.2239905,rafael fernandes,RN
59995,-6.2052062,-38.2914605,agua nova,RN
60010,-3.7231418,-38.5433127,fortaleza,CE
60011,-3.7364206,-38.5421543,fortaleza,CE
60015,-3.7308623,-38.5365882,fortaleza,CE
60020,-3.7380709,-38.5356956,fortaleza,CE
60025,-3.7359416,-38.5312116,fortaleza,CE
60030,-3.7233749,-38.5355705,fortaleza,CE
60035,-3.7299655,-38.5359848,fortaleza,CE
60040,-3.7438486,-38.5290763,fortaleza,CE
60050,-3.7439349,-38.5276177,fortaleza,CE
60055,-3.7421306,-38.5239052,fortaleza,CE
60060,-3.7234696,-38.5159199,fortaleza,CE
60110,-3.7350545,-38.5167163,fortaleza,CE
60115,-3.7345688,-38.5105339,fortaleza,CE
60120,-3.7483846,-38.5100882,fortaleza,CE
60125,-3.7378817,-38.5027009,fortaleza,CE
60130,-3.7536370,-38.5126015,fortaleza,CE
60131,-3.7616635,-38.5132357,fortaleza,CE
60135,-3.7451462,-38.5040411,fortaleza,CE
60140,-3.7387728,-38.5042567,fortaleza,CE
60150,-3.7354711,-38.5010227,fortaleza,CE
60155,-3.7261917,-38.5074183,fortaleza,CE
60160,-3.7300528,-38.4998340,fortaleza,CE
60165,-3.7255889,-38.4934482,fortaleza,CE
60170,-3.7383811,-38.4960193,fortaleza,CE
60175,-3.7356276,-38.4826009,fortaleza,CE
60176,-3.7375522,-38.4769829,fortaleza,CE
60177,-3.7405718,-38.4631204,fortaleza,CE
60180,-3.7148263,-38.4704847,fortaleza,CE
60181,-3.7292772,-38.4727133,fortaleza,CE
60182,-3.7362956,-38.4594540,fortaleza,CE
60183,-3.7560475,-38.4459550,fortaleza,CE
60184,-3.7268955,-38.4688890,fortaleza,CE
60190,-3.7513745,-38.4724024,fortaleza,CE
60191,-3.7471617,-38.4701104,fortaleza,CE
60192,-3.7441847,-38.4841884,fortaleza,CE
60310,-3.7144445,-38.5523356,fortaleza,CE
60311,-3.7123712,-38.5569992,fortaleza,CE
60312,-3.7091424,-38.5704645,fortaleza,CE
60320,-3.7280920,-38.5570548,fortaleza,CE
60321,-3.7263283,-38.5578199,fortaleza,CE
60325,-3.7301999,-38.5534022,fortaleza,CE
60326,-3.7238442,-38.5525385,fortaleza,CE
60330,-3.7145826,-38.5842044,fortaleza,CE
60331,-3.7097171,-38.5788169,fortaleza,CE
60332,-3.7024276,-38.5794492,fortaleza,CE
60333,-3.7031724,-38.5775753,fortaleza,CE
60334,-3.7303792,-38.5722152,fortaleza,CE
60335,-3.7154176,-38.5647472,fortaleza,CE
60336,-3.7170848,-38.5725807,fortaleza,CE
60337,-3.7083847,-38.5674138,fortaleza,CE
60340,-3.7246991,-38.5800432,fortaleza,CE
60341,-3.7361401,-38.5782298,fortaleza,CE
60345,-3.7211543,-38.6007029,fortaleza,CE
60346,-3.7238057,-38.5902700,fortaleza,CE
60347,-3.7164092,-38.5898106,fortaleza,CE
60348,-3.7174905,-38.5992848,fortaleza,CE
60349,-3.7126551,-38.6032578,fortaleza,CE
60350,-3.7319489,-38.5835225,fortaleza,CE
60351,-3.7297795,-38.5944488,fortaleza,CE
60352,-3.7348410,-38.5984813,fortaleza,CE
60353,-3.7236330,-38.6043607,fortaleza,CE
60355,-3.7317089,-38.5696316,fortaleza,CE
60356,-3.7360798,-38.5786955,fortaleza,CE
60357,-3.7579066,-38.5820942,fortaleza,CE
60360,-3.7440188,-38.5884956,fortaleza,CE
60361,-3.7440579,-38.5937345,fortaleza,CE
60410,-3.7636459,-38.5398393,fortaleza,CE
60411,-3.7561613,-38.5311320,fortaleza,CE
60415,-3.7551641,-38.5284027,fortaleza,CE
60416,-3.7554090,-38.5451290,fortaleza,CE
60420,-3.7666179,-38.5417272,fortaleza,CE
60421,-3.7711242,-38.5567395,fortaleza,CE
60422,-3.7349773,-38.5513549,fortaleza,CE
60425,-3.7562457,-38.5500145,fortaleza,CE
60426,-3.7550333,-38.5527450,fortaleza,CE
60430,-3.7459882,-38.5514735,fortaleza,CE
60431,-3.7401173,-38.5492692,fortaleza,CE
60440,-3.7583962,-38.5681765,fortaleza,CE
60441,-3.7607982,-38.5753541,fortaleza,CE
60442,-3.7550334,-38.5627456,fortaleza,CE
60450,-3.7379520,-38.5565137,fortaleza,CE
60455,-3.7417755,-38.5601461,fortaleza,CE
60510,-3.7629830,-38.5811840,fortaleza,CE
60511,-3.7514527,-38.5808321,fortaleza,CE
60512,-3.7519917,-38.5792891,fortaleza,CE
60520,-3.7740415,-38.5794577,fortaleza,CE
60521,-3.7612084,-38.5831222,fortaleza,CE
60525,-3.7680007,-38.5852783,fortaleza,CE
60526,-3.7563051,-38.5935484,fortaleza,CE
60527,-3.7563652,-38.5950466,fortaleza,CE
60530,-3.7704097,-38.6095160,fortaleza,CE
60531,-3.7660911,-38.6077113,fortaleza,CE
60532,-3.7729660,-38.6166041,fortaleza,CE
60533,-3.7657568,-38.6104689,fortaleza,CE
60534,-3.7582840,-38.5974601,fortaleza,CE
60540,-3.7855859,-38.6137778,fortaleza,CE
60541,-3.7805761,-38.5944869,fortaleza,CE
60542,-3.7804407,-38.5834192,fortaleza,CE
60543,-3.7924945,-38.6011697,fortaleza,CE
60544,-3.7710973,-38.5710732,fortaleza,CE
60545,-3.7842922,-38.5994889,fortaleza,CE
60546,-3.7948155,-38.6185871,fortaleza,CE
60710,-3.7866267,-38.5679455,fortaleza,CE
60711,-3.8013721,-38.5643483,fortaleza,CE
60712,-3.8006973,-38.5663343,fortaleza,CE
60713,-3.7979654,-38.5811801,fortaleza,CE
60714,-3.7861317,-38.5532507,fortaleza,CE
60720,-3.7761951,-38.5709045,fortaleza,CE
60721,-3.7788387,-38.5711134,fortaleza,CE
60730,-3.7910742,-38.5831743,fortaleza,CE
60731,-3.8044643,-38.6003770,fortaleza,CE
60732,-3.8092090,-38.6189322,fortaleza,CE
60733,-3.7930010,-38.5777328,fortaleza,CE
60734,-3.8234419,-38.5857873,fortaleza,CE
60736,-3.8066521,-38.6080261,fortaleza,CE
60740,-3.7711245,-38.5560874,fortaleza,CE
60741,-3.7899437,-38.5505885,fortaleza,CE
60742,-3.7884351,-38.5415863,fortaleza,CE
60743,-3.8009490,-38.5371213,fortaleza,CE
60744,-3.8041332,-38.5439543,fortaleza,CE
60750,-3.8311935,-38.5558405,fortaleza,CE
60751,-3.8346016,-38.5578835,fortaleza,CE
60752,-3.8189936,-38.5701922,fortaleza,CE
60760,-3.8337325,-38.5677177,fortaleza,CE
60761,-3.8177425,-38.5620342,fortaleza,CE
60762,-3.8155137,-38.5771208,fortaleza,CE
60763,-3.8145485,-38.5854745,fortaleza,CE
60764,-3.8107377,-38.5832658,fortaleza,CE
60765,-3.8252102,-38.5907831,fortaleza,CE
60766,-3.8307761,-38.5725880,fortaleza,CE
60767,-3.8175075,-38.5807649,fortaleza,CE
60768,-3.8206121,-38.5694020,fortaleza,CE
60810,-3.7638467,-38.4901035,fortaleza,CE
60811,-3.7717102,-38.4887879,fortaleza,CE
60812,-3.7679730,-38.4763624,fortaleza,CE
60813,-3.7813737,-38.4863215,fortaleza,CE
60820,-3.7851245,-38.5087991,fortaleza,CE
60821,-3.7871739,-38.4928675,fortaleza,CE
60822,-3.7986827,-38.4932083,fortaleza,CE
60823,-3.7912427,-38.5101047,fortaleza,CE
60824,-3.8030219,-38.4902549,fortaleza,CE
60830,-3.8086816,-38.4755375,fortaleza,CE
60831,-3.8233253,-38.4661292,fortaleza,CE
60832,-3.7953574,-38.4711104,fortaleza,CE
60833,-3.7957236,-38.4703731,fortaleza,CE
60834,-3.7861815,-38.4662984,fortaleza,CE
60835,-3.7980238,-38.4327346,fortaleza,CE
60836,-3.8030854,-38.4515775,fortaleza,CE
60840,-3.8299368,-38.4937575,fortaleza,CE
60841,-3.8195325,-38.4917082,fortaleza,CE
60842,-3.8245149,-38.5007787,fortaleza,CE
60843,-3.8312701,-38.4776495,fortaleza,CE
60844,-3.8238702,-38.4784351,fortaleza,CE
60850,-3.7732465,-38.5139339,fortaleza,CE
60851,-3.7663739,-38.5133361,fortaleza,CE
60860,-3.7869378,-38.5241776,fortaleza,CE
60861,-3.8053469,-38.5240013,fortaleza,CE
60862,-3.8161216,-38.5176434,fortaleza,CE
60863,-3.8246252,-38.5147992,fortaleza,CE
60864,-3.8005254,-38.5074411,fortaleza,CE
60865,-3.8384024,-38.5161207,fortaleza,CE
60866,-3.8347771,-38.5215020,fortaleza,CE
60867,-3.8020723,-38.5210442,fortaleza,CE
60868,-3.8088340,-38.5421440,fortaleza,CE
60870,-3.8458668,-38.5199791,fortaleza,CE
60871,-3.8367902,-38.4916865,fortaleza,CE
60872,-3.8445859,-38.4836884,fortaleza,CE
60873,-3.8554649,-38.4986571,fortaleza,CE
60874,-3.8391061,-38.5149023,fortaleza,CE
60875,-3.8404134,-38.4880581,fortaleza,CE
60876,-3.8426797,-38.5273126,fortaleza,CE
60878,-3.8570900,-38.4900858,fortaleza,CE
61600,-3.7274419,-38.6627071,caucaia,CE
61601,-3.7144728,-38.6465593,caucaia,CE
61602,-3.7287871,-38.6488233,caucaia,CE
61603,-3.7408794,-38.6514188,caucaia,CE
61604,-3.7571077,-38.6573473,caucaia,CE
61605,-3.7489661,-38.6845335,caucaia,CE
61608,-3.7415634,-38.6428684,caucaia,CE
61610,-3.7284882,-38.6592255,caucaia,CE
61615,-3.7306750,-38.6989070,caucaia,CE
61616,-3.7212748,-38.7917746,caucaia,CE
61619,-3.6332694,-38.7189835,caucaia,CE
61620,-3.6574189,-38.6954047,caucaia,CE
61621,-3.6919699,-38.6480057,caucaia,CE
61624,-3.6635262,-38.6837554,caucaia,CE
61625,-3.7007951,-38.6633872,caucaia,CE
61626,-3.6893551,-38.6362265,caucaia,CE
61627,-3.6935625,-38.6254308,caucaia,CE
61629,-3.6669527,-38.7075850,caucaia,CE
61631,-3.6969167,-38.5960962,caucaia,CE
61634,-3.7418770,-38.6209783,caucaia,CE
61635,-3.7386204,-38.6097923,caucaia,CE
61636,-3.7020786,-38.6961912,caucaia,CE
61637,-3.6625624,-38.7981322,caucaia,CE
61642,-3.7461789,-38.6074473,caucaia,CE
61645,-3.7556930,-38.6139614,caucaia,CE
61648,-3.7566398,-38.6184511,caucaia,CE
61650,-3.7609335,-38.6234294,caucaia,CE
61652,-3.7734590,-38.6265653,caucaia,CE
61654,-3.7400513,-38.6446584,caucaia,CE
61655,-3.7672669,-38.6367425,caucaia,CE
61656,-3.7663772,-38.6486431,caucaia,CE
61658,-3.7667660,-38.6553641,caucaia,CE
61659,-3.7709512,-38.6452401,caucaia,CE
61661,-3.7810176,-38.6308750,caucaia,CE
61663,-3.7808843,-38.6580853,caucaia,CE
61700,-3.9123227,-38.3764350,aquiraz,CE
61760,-3.8780846,-38.4586571,eusebio,CE
61800,-3.9538412,-38.6151676,pacatuba,CE
61801,-3.9827134,-38.6140639,pacatuba,CE
61802,-3.9620582,-38.6128253,pacatuba,CE
61803,-3.9789144,-38.5975694,pacatuba,CE
61805,-3.9375244,-38.6099582,pacatuba,CE
61809,-3.9072626,-38.5995901,pacatuba,CE
61810,-3.8897229,-38.5979220,pacatuba,CE
61814,-3.8925402,-38.6054242,pacatuba,CE
61880,-3.9520220,-38.5231484,itaitinga,CE
61890,-4.0442520,-38.6428552,guaiuba,CE
61900,-3.8788742,-38.6187460,maracanau,CE
61901,-3.8823919,-38.6191753,maracanau,CE
61902,-3.8697529,-38.6250115,maracanau,CE
61903,-3.8818410,-38.6329311,maracanau,CE
61905,-3.8701133,-38.6266498,maracanau,CE
61908,-3.9184260,-38.6220083,maracanau,CE
61909,-3.9033795,-38.6226398,maracanau,CE
61910,-3.8595782,-38.6457088,maracanau,CE
61913,-3.8531816,-38.6373378,maracanau,CE
61914,-3.8480177,-38.6459973,maracanau,CE
61919,-3.8460783,-38.6121436,maracanau,CE
61920,-3.8501456,-38.6125699,maracanau,CE
61921,-3.8427564,-38.6131041,maracanau,CE
61925,-3.8579802,-38.5980040,maracanau,CE
61930,-3.8378060,-38.5811814,maracanaú,CE
61932,-3.8587174,-38.5843843,maracanau,CE
61933,-3.8689209,-38.6014064,maracanau,CE
61934,-3.8751525,-38.5936207,maracanau,CE
61935,-3.8497170,-38.5808124,maracanau,CE
61936,-3.8766120,-38.6067697,maracanau,CE
61939,-3.8731481,-38.6001568,maracanau,CE
61940,-3.8952486,-38.6844409,maranguape,CE
61941,-3.8864982,-38.6849502,maranguape,CE
61942,-3.8848212,-38.6782910,maranguape,CE
61943,-3.8734528,-38.6723644,maranguape,CE
61944,-3.8773583,-38.6687833,maranguape,CE
61946,-3.9037768,-38.6771228,maranguape,CE
61948,-3.9063404,-38.6823828,maranguape,CE
61949,-3.9158036,-38.6909458,maranguape,CE
61962,-3.9532422,-38.6939485,lages,CE
61979,-3.5045149,-39.5728979,amanari,CE
62000,-3.6900157,-40.3513975,sobral,CE
62010,-3.6877317,-40.3513870,sobral,CE
62011,-3.6857159,-40.3522110,sobral,CE
62014,-3.6992504,-40.3628830,sobral,CE
62015,-3.6929450,-40.3631909,sobral,CE
62016,-3.6974345,-40.3679876,sobral,CE
62020,-3.6915549,-40.3685746,sobral,CE
62021,-3.6911182,-40.3860378,sobral,CE
62022,-3.6851138,-40.3640297,sobral,CE
62023,-3.6896123,-40.3672956,sobral,CE
62030,-3.6763617,-40.3627185,sobral,CE
62031,-3.6763254,-40.3731541,sobral,CE
62032,-3.6762000,-40.3383200,sobral,CE
62033,-3.6636364,-40.3738054,sobral,CE
62034,-3.6741962,-40.3513518,sobral,CE
62039,-3.6705227,-40.3501732,sobral,CE
62040,-3.6843540,-40.3346263,sobral,CE
62041,-3.6776823,-40.3480995,sobral,CE
62042,-3.6861787,-40.3410214,sobral,CE
62043,-3.6809105,-40.3479909,sobral,CE
62044,-3.6741997,-40.3364199,sobral,CE
62045,-3.7074702,-40.3395704,sobral,CE
62050,-3.7013449,-40.3363936,sobral,CE
62051,-3.6976765,-40.3405712,sobral,CE
62053,-3.7011643,-40.3144084,sobral,CE
62104,-3.6953336,-40.3608062,sobral,CE
62105,-6.0819737,-39.7671000,sao jose do torto,CE
62106,-4.0808531,-39.9474635,taperuaba,CE
62107,-3.7752823,-40.4988619,jaibaras,CE
62108,-15.6236176,-56.0534773,jordao,CE
62113,-4.3370672,-38.8694513,rafael arruda,CE
62115,-3.8015513,-40.2630308,forquilha,CE
62120,-3.5858123,-40.5437226,alcantaras,CE
62130,-3.5442551,-40.4617868,meruoca,CE
62140,-3.5225908,-40.3484190,massape,CE
62150,-3.4611602,-40.2042307,santana do acarau,CE
62160,-3.5650855,-40.6625966,coreau,CE
62170,-3.9057270,-40.7461276,mucambo,CE
62180,-3.9798628,-40.6960043,pacuja,CE
62184,-3.9489522,-40.4753496,carire,CE
62190,-3.9168007,-40.3857772,groairas,CE
62200,-4.7085260,-40.5573027,nova russas,CE
62210,-4.7550833,-40.8183939,ararenda,CE
62215,-4.9081173,-40.7625213,ipaporanga,CE
62220,-4.7437409,-40.9259939,poranga,CE
62230,-4.5439397,-40.7136323,ipueiras,CE
62250,-4.3270488,-40.7113454,ipu,CE
62255,-4.2517517,-40.6250355,pires ferreira,CE
62260,-4.1424055,-40.5820423,reriutaba,CE
62265,-4.1805684,-40.4248097,varjota,CE
62270,-4.4087870,-40.4035977,hidrolandia,CE
62280,-4.3343298,-40.1540904,santa quiteria,CE
62297,-4.6495763,-40.1998903,catunda,CE
62300,-3.5622766,-41.0970065,vicosa do ceara,CE
62320,-3.7257114,-40.9916088,tiangua,CE
62340,-3.7589906,-40.8161516,frecheirinha,CE
62350,-3.8494786,-40.9178449,ubajara,CE
62360,-3.9247492,-40.8932619,ibiapina,CE
62365,-4.0449928,-40.7521747,graca,CE
62370,-4.0457765,-40.8652539,sao benedito,CE
62375,-4.1647640,-40.9387234,carnaubal,CE
62380,-4.1686175,-40.7677514,guaraciaba do norte,CE
62390,-4.4066741,-40.9011346,croata,CE
62400,-2.9042496,-40.8463253,camocim,CE
62410,-2.9089574,-41.2366268,barroquinha,CE
62414,-2.8927677,-41.2722237,bitupita,CE
62420,-3.0362718,-41.2425002,chaval,CE
62430,-3.1306389,-40.8432161,granja,CE
62450,-3.2149400,-40.6880832,martinopole,CE
62460,-3.3207039,-40.5802740,uruoca,CE
62470,-3.3572368,-40.4687936,senador sa,CE
62480,-3.4663127,-40.6811945,moraujo,CE
62500,-3.4961978,-39.5809337,itapipoca,CE
62502,-3.5038215,-39.5430292,deserto,CE
62505,-3.4902575,-39.5674395,itapipoca,CE
62508,-3.5032292,-39.5808353,itapipoca,CE
62530,-3.5669148,-39.9385025,miraima,CE
62540,-3.3654682,-39.8300003,amontada,CE
62550,-3.2410457,-40.1072066,morrinhos,CE
62560,-3.1237974,-40.1541460,marco,CE
62570,-3.0560243,-40.1714180,bela cruz,CE
62580,-2.8902381,-40.1107821,acarau,CE
62590,-2.9317494,-39.9075186,itarema,CE
62595,-2.9107680,-40.1959202,cruz,CE
62597,-2.8912335,-40.2923476,caicara,CE
62598,-2.8629998,-40.4783245,jijoca de jericoacoara,CE
62600,-3.6873325,-39.5835792,itapaje,CE
62610,-3.9895256,-39.5778114,tejucuoca,CE
62620,-3.7361797,-39.7868865,iraucuba,CE
62630,-3.9469181,-39.4314522,apuiares,CE
62640,-3.7957426,-39.2725651,pentecoste,CE
62642,-3.8581059,-39.3370483,sebastiao de abreu,CE
62650,-3.6222509,-39.5080408,uruburetama,CE
62655,-3.5981049,-39.4361467,tururu,CE
62660,-3.6759334,-39.3404564,umirim,CE
62665,-3.6709388,-39.2401023,sao luis do curu,CE
62670,-3.6034078,-38.9712215,sao goncalo do amarante,CE
62674,-3.5536183,-38.8304446,pecem,CE
62677,-3.5030397,-38.9204162,sao goncalo do amarante,CE
62680,-3.4207176,-39.0353693,paracuru,CE
62685,-3.4368323,-39.1496324,paraipaba,CE
62690,-3.2630923,-39.2679857,trairi,CE
62700,-4.3559288,-39.3143762,caninde,CE
62725,-4.2386007,-39.0665209,lagoa do mato,CE
62730,-4.2333741,-39.2003505,caridade,CE
62734,-4.2329476,-39.1932984,caridade,CE
62736,-4.0970352,-39.2388371,paramoti,CE
62738,-4.0503574,-39.4487930,general sampaio,CE
62740,-4.5619209,-38.9208509,itapiuna,CE
62748,-4.4677305,-38.9013246,capistrano,CE
62750,-4.3985587,-38.7690470,aracoiaba,CE
62755,-4.4879477,-38.5923749,ocara,CE
62760,-4.3332203,-38.8785690,baturite,CE
62762,-4.4193582,-39.0463361,aratuba,CE
62764,-4.3082645,-38.9956853,mulungu,CE
62766,-4.2528042,-38.9357669,guaramiranga,CE
62770,-4.2256330,-38.9183046,pacoti,CE
62780,-4.1474292,-38.8479253,palmacia,CE
62785,-4.2241064,-38.7059856,acarape,CE
62790,-4.2300456,-38.7291819,redencao,CE
62795,-4.2911760,-38.6417165,barreira,CE
62800,-4.5667142,-37.7642039,aracati,CE
62810,-4.7029084,-37.3741208,icapui,CE
62815,-4.4545700,-37.8057065,fortim,CE
62820,-4.6864814,-37.8309191,itaicaba,CE
62823,-4.8409079,-37.7812142,jaguaruana,CE
62840,-4.1840317,-38.1231591,beberibe,CE
62842,-4.2609070,-38.0524099,sucatinga,CE
62850,-4.1328491,-38.2415931,cascavel,CE
62852,-4.0448364,-38.1924509,caponga,CE
62860,-4.0327508,-38.3052216,pindoretama,CE
62870,-4.1756693,-38.4637676,pacajus,CE
62875,-4.3097958,-38.4928652,chorozinho,CE
62880,-4.0992285,-38.4942386,horizonte,CE
62881,-4.0751403,-38.4992907,horizonte,CE
62882,-4.1002417,-38.4858841,horizonte,CE
62884,-4.1102386,-38.4842249,horizonte,CE
62885,-4.1310171,-38.4884553,horizonte,CE
62886,-4.0960540,-38.4994974,horizonte,CE
62899,-4.1299877,-38.4980369,queimados,CE
62900,-4.9386378,-37.9738263,russas,CE
62903,-5.9908874,-38.3593937,flores,CE
62908,-4.9950000,-38.0033300,sao joao de deus,CE
62910,-4.7456621,-37.9617614,palhano,CE
62920,-5.0719638,-37.9854292,quixere,CE
62922,-5.0830448,-37.9111813,lagoinha,CE
62930,-5.1634832,-38.1050399,limoeiro do norte,CE
62940,-5.0935989,-38.3750590,morada nova,CE
62948,-5.2433300,-38.4805600,morada nova,CE
62955,-4.9689759,-38.6346047,ibicuitinga,CE
62960,-5.2495255,-38.1293120,tabuleiro do norte,CE
62965,-5.2750998,-38.2726680,sao joao do jaguaribe,CE
62970,-5.5197125,-38.2673739,alto santo,CE
62980,-5.8122813,-38.3125047,iracema,CE
62990,-5.7227003,-38.1541456,potiretama,CE
63010,-7.2052038,-39.3155368,juazeiro do norte,CE
63011,-7.1986523,-39.3194329,juazeiro do norte,CE
63012,-7.1790593,-39.3272822,juazeiro do norte,CE
63013,-7.2063954,-39.3016128,juazeiro do norte,CE
63016,-7.2032272,-39.3053047,juazeiro do norte,CE
63018,-7.2098923,-39.2710875,juazeiro do norte,CE
63020,-7.2145228,-39.3096125,juazeiro do norte,CE
63021,-7.2084098,-39.2823970,juazeiro do norte,CE
63022,-7.2219874,-39.3305040,juazeiro do norte,CE
63024,-7.2282506,-39.3457949,juazeiro do norte,CE
63028,-7.2159550,-39.2995734,juazeiro do norte,CE
63030,-7.2254048,-39.3008474,juazeiro do norte,CE
63031,-7.2338283,-39.2948986,juazeiro do norte,CE
63033,-7.2328851,-39.3069075,juazeiro do norte,CE
63034,-7.2274789,-39.3142135,juazeiro do norte,CE
63035,-7.2178090,-39.2952036,juazeiro do norte,CE
63036,-7.2335497,-39.2765885,juazeiro do norte,CE
63038,-7.2308559,-39.2678348,juazeiro do norte,CE
63040,-7.2434708,-39.3211168,juazeiro do norte,CE
63041,-7.2270690,-39.3303516,juazeiro do norte,CE
63042,-7.2347379,-39.3295197,juazeiro do norte,CE
63043,-7.2445012,-39.3372167,juazeiro do norte,CE
63044,-7.2405634,-39.3467382,juazeiro do norte,CE
63046,-7.2458925,-39.3276455,juazeiro do norte,CE
63047,-7.2475976,-39.3103137,juazeiro do norte,CE
63048,-7.2516810,-39.3070958,juazeiro do norte,CE
63050,-7.2157298,-39.3207883,juazeiro do norte,CE
63051,-7.2335566,-39.3161218,juazeiro do norte,CE
63100,-7.2323594,-39.4101128,crato,CE
63101,-7.2340579,-39.4051366,crato,CE
63103,-7.2436562,-39.4174331,crato,CE
63104,-7.2393916,-39.4079222,crato,CE
63105,-7.2394692,-39.4181960,crato,CE
63106,-7.2548190,-39.4235174,crato,CE
63107,-7.2435376,-39.4240490,crato,CE
63108,-7.2569191,-39.4298715,crato,CE
63109,-7.2721394,-39.4366409,crato,CE
63110,-7.2444449,-39.4298753,crato,CE
63111,-7.2439649,-39.4258703,crato,CE
63112,-7.2442042,-39.4315660,crato,CE
63113,-7.2312335,-39.4192914,crato,CE
63115,-7.2250785,-39.4219552,crato,CE
63116,-7.2281560,-39.4212469,crato,CE
63118,-7.2227737,-39.4117740,crato,CE
63119,-7.2267192,-39.4089722,crato,CE
63122,-7.2281978,-39.3980741,crato,CE
63123,-7.2119068,-39.3904330,crato,CE
63125,-7.2370918,-39.3955754,crato,CE
63132,-7.2256179,-39.3762004,crato,CE
63133,-7.2336139,-39.3653086,crato,CE
63140,-6.8747633,-39.8713973,assare,CE
63145,-6.6844566,-39.7560521,tarrafas,CE
63150,-7.0750861,-40.3735696,campos sales,CE
63155,-7.2824524,-40.4551868,salitre,CE
63160,-7.0790384,-40.0564152,potengi,CE
63165,-7.0972528,-39.6753719,nova olinda,CE
63170,-7.1981902,-40.1411180,araripe,CE
63180,-7.3105557,-39.3017302,barbalha,CE
63185,-6.9257643,-39.5707583,farias brito,CE
63190,-7.1868110,-39.7360907,santana do cariri,CE
63195,-6.9999196,-39.7392995,altaneira,CE
63200,-7.2485686,-39.1455629,missao velha,CE
63210,-7.3877358,-38.7721392,mauriti,CE
63215,-7.3808115,-38.7744441,mauriti,CE
63220,-7.0405754,-39.2880488,caririacu,CE
63230,-6.8899397,-39.2170472,granjeiro,CE
63240,-7.3582470,-39.0458168,abaiara,CE
63250,-7.3122913,-38.9449341,milagres,CE
63260,-7.4894032,-38.9842919,brejo santo,CE
63270,-7.5336163,-39.1145183,porteiras,CE
63275,-7.6884738,-39.0056772,jati,CE
63280,-7.8295250,-39.0754995,penaforte,CE
63290,-7.5861459,-39.2729687,jardim,CE
63300,-6.7535726,-38.9910074,lavras da mangabeira,CE
63307,-6.9661049,-36.9788321,mangabeira,CE
63310,-6.6435617,-38.7150850,umari,CE
63320,-6.7299193,-38.7159484,baixio,CE
63340,-6.7901614,-38.7189082,ipaumirim,CE
63360,-6.9442456,-38.9658942,aurora,CE
63380,-7.1739468,-38.7784931,barro,CE
63400,-6.6046657,-39.0618326,cedro,CE
63430,-6.4001254,-38.8602556,ico,CE
63460,-6.0464780,-38.4606896,pereiro,CE
63470,-6.0317355,-38.3489811,erere,CE
63475,-5.9005611,-38.6373660,jaguaribe,CE
63477,-4.9624734,-39.0125152,feiticeiro,CE
63478,-5.9482932,-38.9025622,nova floresta,CE
63480,-5.6103606,-38.7642419,jaguaretama,CE
63490,-5.4555896,-38.4624764,jaguaribara,CE
63500,-6.3594377,-39.2918922,iguatu,CE
63501,-6.3529600,-39.2875870,iguatu,CE
63502,-6.3758233,-39.2993585,iguatu,CE
63503,-6.3702697,-39.2886410,iguatu,CE
63504,-6.3668395,-39.3050478,iguatu,CE
63505,-6.3783293,-39.3281062,iguatu,CE
63507,-6.3584021,-39.3078911,iguatu,CE
63508,-6.3517066,-39.3066016,iguatu,CE
63515,-6.2411555,-39.1920003,quixelo,CE
63520,-6.2445498,-38.9149711,oros,CE
63527,-6.2450783,-38.9151453,guassusse,CE
63530,-6.5361605,-39.4962741,carius,CE
63540,-6.7925573,-39.2985964,varzea alegre,CE
63560,-6.0941177,-39.4489785,acopiara,CE
63570,-6.7752323,-39.9881402,antonina do norte,CE
63575,-6.5833386,-40.1388745,aiuaba,CE
63580,-6.5220415,-39.5243447,jucas,CE
63585,-22.5512548,-47.8988296,sao pedro,CE
63590,-6.5344016,-39.8735331,saboeiro,CE
63595,-6.1332140,-39.8778657,catarina,CE
63600,-5.5878772,-39.3747409,senador pompeu,CE
63605,-5.8211101,-39.4191910,piquet carneiro,CE
63608,-5.9282467,-39.4271207,ibicua,CE
63610,-5.7451641,-39.6287855,mombaca,CE
63620,-5.7363134,-39.0177492,solonopole,CE
63630,-5.4569749,-39.7144967,pedra branca,CE
63632,-5.5277015,-39.5977276,mineirolândia,CE
63635,-5.6766917,-39.1945150,milha,CE
63640,-5.3957105,-40.3095506,independencia,CE
63645,-5.8797366,-39.2578325,deputado irapuan pinheiro,CE
63650,-5.8449155,-40.7070949,quiterianopolis,CE
63660,-6.0019054,-40.2932116,taua,CE
63670,-6.3259437,-40.1561398,arneiroz,CE
63680,-6.2102878,-40.6968093,parambu,CE
63700,-5.1789776,-40.6676722,crateus,CE
63740,-5.5365251,-40.7741492,novo oriente,CE
63750,-4.8207710,-40.3299546,tamboril,CE
63765,-4.9423809,-40.5379830,sucesso,CE
63780,-4.8110692,-40.0664568,monsenhor tabosa,CE
63800,-5.1987001,-39.2937739,quixeramobim,CE
63825,-7.2064615,-39.3099794,sao miguel,CE
63860,-4.8420974,-39.5646234,madalena,CE
63870,-5.1245931,-39.7312967,boa viagem,CE
63900,-4.9685321,-39.0184958,quixada,CE
63901,-4.9589916,-39.0318503,quixada,CE
63902,-4.9668516,-39.0266665,quixada,CE
63903,-4.9730014,-39.0229343,quixada,CE
63905,-4.9829642,-39.0176816,quixada,CE
63906,-4.9950824,-39.0123189,quixada,CE
63907,-4.9634014,-39.0077182,quixada,CE
63908,-4.9658868,-39.0086163,quixada,CE
63910,-5.0831270,-39.0409621,juatama,CE
63960,-5.3054215,-38.9196164,banabuiu,CE
63970,-4.7785900,-38.7807023,ibaretama,CE
64000,-5.0849457,-42.8107517,teresina,PI
64001,-5.0908435,-42.8049219,teresina,PI
64002,-5.0743379,-42.8132855,teresina,PI
64003,-5.0744718,-42.8181136,teresina,PI
64004,-5.0486383,-42.8299840,teresina,PI
64005,-5.0614479,-42.8271799,teresina,PI
64006,-5.0530118,-42.8147923,teresina,PI
64007,-5.0521159,-42.8118451,teresina,PI
64008,-5.0396111,-42.8188644,teresina,PI
64009,-5.0391248,-42.8131066,teresina,PI
64010,-5.0671191,-42.7924177,teresina,PI
64011,-5.1239397,-42.7567361,teresina,PI
64012,-4.9890955,-42.8046277,teresina,PI
64013,-4.9901111,-42.8354696,teresina,PI
64014,-5.0919140,-42.7939007,teresina,PI
64015,-5.0980858,-42.7914207,teresina,PI
64016,-5.1030583,-42.7960101,teresina,PI
64017,-5.1085202,-42.7930925,teresina,PI
64018,-5.1091315,-42.8068326,teresina,PI
64019,-5.1124376,-42.8075747,teresina,PI
64020,-5.1245359,-42.7924270,teresina,PI
64022,-5.1351374,-42.7884220,teresina,PI
64023,-5.1317985,-42.7861880,teresina,PI
64025,-5.1422010,-42.7859960,teresina,PI
64027,-5.1187028,-42.7900717,teresina,PI
64028,-5.1567529,-42.7834808,teresina,PI
64030,-5.1381203,-42.7747825,teresina,PI
64031,-5.1331618,-42.7749775,teresina,PI
64032,-5.1472355,-42.7741640,teresina,PI
64033,-5.1236095,-42.7683439,teresina,PI
64034,-5.1760918,-42.7850332,teresina,PI
64035,-5.1830204,-42.7586467,teresina,PI
64037,-5.1894827,-42.7394985,teresina,PI
64038,-5.2003305,-42.7554810,teresina,PI
64039,-5.1884913,-42.7610187,teresina,PI
64040,-5.1333016,-42.7885952,teresina,PI
64041,-5.1157543,-42.7391182,teresina,PI
64045,-5.0850653,-42.7716936,teresina,PI
64046,-5.0840634,-42.7807277,teresina,PI
64048,-5.0704809,-42.7895897,teresina,PI
64049,-5.0681393,-42.7886877,teresina,PI
64050,-5.0592611,-42.7752856,teresina,PI
64051,-5.0757499,-42.7737815,teresina,PI
64052,-5.0685667,-42.7773664,teresina,PI
64053,-5.0727487,-42.7557188,teresina,PI
64055,-5.0677482,-42.7651292,teresina,PI
64056,-5.0691871,-42.7662675,teresina,PI
64057,-5.0567302,-42.7464327,teresina,PI
64058,-5.0614296,-42.7558724,teresina,PI
64059,-5.0493759,-42.7552468,teresina,PI
64060,-5.0552141,-42.7802496,teresina,PI
64062,-5.0440350,-42.7658829,teresina,PI
64063,-5.0410768,-42.7702125,teresina,PI
64064,-5.0418700,-42.7704559,teresina,PI
64066,-5.0092919,-42.7815984,teresina,PI
64067,-5.0073322,-42.7804486,teresina,PI
64069,-5.0259400,-42.7425000,teresina,PI
64071,-5.0371478,-42.7347055,teresina,PI
64073,-5.0765029,-42.7762849,teresina,PI
64074,-5.0636037,-42.7215148,teresina,PI
64075,-5.1089144,-42.7724817,teresina,PI
64076,-5.1164090,-42.7618884,teresina,PI
64077,-5.1020801,-42.7582098,teresina,PI
64078,-5.1033487,-42.7527933,teresina,PI
64079,-5.1132398,-42.7517454,teresina,PI
64080,-5.1083132,-42.7456887,teresina,PI
64081,-5.1102246,-42.7399452,teresina,PI
64082,-5.1125651,-42.7525153,teresina,PI
64083,-5.1089101,-42.7377001,teresina,PI
64084,-5.0856526,-42.7346459,teresina,PI
64085,-5.1010800,-42.7297249,teresina,PI
64086,-5.1156342,-42.7197235,teresina,PI
64090,-5.0851498,-42.7522031,teresina,PI
64091,-5.1496323,-42.7552172,teresina,PI
64100,-4.2432699,-42.2940426,barras,PI
64105,-4.4766502,-42.3083301,cabeceiras do piaui,PI
64108,-4.3951969,-42.1147624,boa hora,PI
64110,-4.7559008,-42.5762116,jose de freitas,PI
64120,-4.5861132,-42.8623816,uniao,PI
64130,-4.1688057,-42.8941669,miguel alves,PI
64138,-4.5123765,-42.6235809,lagoa alegre,PI
64140,-3.9823940,-42.6220098,nossa senhora dos remedios,PI
64145,-3.8936417,-42.7139746,porto,PI
64150,-3.7160767,-42.5538907,matias olimpio,PI
64160,-3.4612979,-42.3699780,luzilandia,PI
64165,-3.4969547,-42.4352314,joca marques,PI
64168,-3.4845199,-42.5044702,madeiro,PI
64170,-3.5058592,-42.1780311,joaquim pires,PI
64175,-3.3221661,-42.0903458,murici dos portelas,PI
64178,-3.7423389,-42.3101521,morro do chapeu do piaui,PI
64180,-3.8922144,-42.2339706,esperantina,PI
64190,-4.0238883,-42.0756279,batalha,PI
64200,-2.9032437,-41.7770411,parnaiba,PI
64201,-2.8954368,-41.7872712,parnaiba,PI
64202,-2.9070892,-41.7602617,parnaiba,PI
64204,-2.9069697,-41.7489754,parnaiba,PI
64205,-2.9251198,-41.7428280,parnaíba,PI
64206,-2.9007837,-41.7560882,parnaiba,PI
64207,-2.9160099,-41.7447431,parnaiba,PI
64208,-2.9199945,-41.7454953,parnaiba,PI
64209,-2.9211214,-41.7362679,parnaíba,PI
64210,-2.9199266,-41.7408625,parnaiba,PI
64211,-2.9248045,-41.7441053,parnaiba,PI
64212,-2.9292137,-41.7557853,parnaiba,PI
64213,-2.9310254,-41.7599556,parnaiba,PI
64215,-2.9164419,-41.7609702,parnaiba,PI
64216,-2.9300045,-41.7620393,parnaiba,PI
64217,-2.9375711,-41.7676813,parnaiba,PI
64218,-2.9129358,-41.7788031,parnaiba,PI
64220,-2.8855921,-41.6526422,luis correia,PI
64222,-2.9266549,-41.3475617,cajueiro da praia,PI
64224,-2.8521745,-41.8121765,ilha grande,PI
64225,-3.1890945,-41.6408469,bom principio do piaui,PI
64228,-3.4202600,-41.8940566,caxingo,PI
64230,-3.1774929,-41.8694150,buriti dos lopes,PI
64233,-3.4766019,-41.8422691,caraubas do piaui,PI
64235,-3.4703793,-41.5548282,cocal,PI
64238,-3.6046350,-41.4524637,cocal dos alves,PI
64240,-3.9289602,-41.7096874,piracuruca,PI
64243,-3.9467117,-41.2720752,sao joao da fronteira,PI
64245,-3.8113420,-41.8317266,sao jose do divino,PI
64250,-4.2545676,-41.2724721,domingos mourao,PI
64253,-4.7030572,-41.4485545,milton brandao,PI
64255,-4.4292955,-41.4539213,pedro ii,PI
64258,-4.3920270,-41.5933586,lagoa de sao francisco,PI
64260,-4.2763533,-41.7780858,piripiri,PI
64265,-4.1306382,-41.7785051,brasileira,PI
64270,-4.4583604,-41.9412676,capitao de campos,PI
64278,-4.5550087,-41.9695884,cocal de telha,PI
64280,-4.8302887,-42.1698742,campo maior,PI
64283,-4.4853324,-42.1127122,boqueirao do piaui,PI
64285,-4.9249004,-41.7403785,sigefredo pacheco,PI
64288,-4.6307645,-42.1795987,nossa senhora de nazare,PI
64290,-5.0379336,-42.4595746,altos,PI
64300,-6.4030959,-41.7384974,valenca do piaui,PI
64308,-6.5152216,-41.5705140,lagoa do sitio,PI
64310,-6.1053463,-41.7883232,aroazes,PI
64315,-5.8037427,-41.9553376,santa cruz dos milagres,PI
64320,-6.2353686,-41.4205493,pimenteiras,PI
64325,-6.2026404,-42.1393394,elesbao veloso,PI
64330,-5.5031247,-41.3230282,sao miguel do tapuio,PI
64333,-5.8641924,-41.0606947,assuncao do piaui,PI
64335,-5.0905992,-42.2032124,coivaras,PI
64340,-5.3192999,-41.5509639,castelo do piaui,PI
64343,-5.1665129,-41.7070503,juazeiro do piaui,PI
64345,-5.3140959,-41.0955879,buriti dos montes,PI
64350,-5.5132349,-41.8960104,sao joao da serra,PI
64360,-5.2523647,-42.2080106,alto longa,PI
64365,-5.2861238,-41.9320688,novo santo antonio,PI
64370,-5.6659019,-42.2055511,prata do piaui,PI
64375,-5.9335153,-42.1113211,sao felix do piaui,PI
64378,-5.8537655,-42.2107193,sao miguel da baixa grande,PI
64380,-5.4543226,-42.3612106,beneditinos,PI
64388,-5.4096586,-42.6468125,lagoa do piaui,PI
64390,-5.3580048,-42.6766584,demerval lobao,PI
64395,-5.8556002,-42.4394915,passagem franca do piaui,PI
64400,-6.2428047,-42.8535310,amarante,PI
64410,-6.0790238,-42.7361243,angical do piaui,PI
64420,-5.9732029,-43.0580666,palmeirais,PI
64430,-5.9205285,-42.7200188,sao pedro do piaui,PI
64435,-5.9969546,-42.7028704,sao goncalo do piaui,PI
64440,-5.7970499,-42.6646993,agricolandia,PI
64445,-5.6812183,-42.7381744,miguel leao,PI
64450,-5.5584184,-42.6123169,monsenhor gil,PI
64453,-5.6200043,-42.8311633,curralinhos,PI
64455,-5.8200007,-42.5112854,barro duro,PI
64460,-5.8920946,-42.6340282,agua branca,PI
64465,-5.8373615,-42.6280274,lagoinha do piaui,PI
64468,-5.8462469,-42.5803708,olho d'água do piauí,PI
64470,-5.9888292,-42.5593432,hugo napoleao,PI
64475,-6.6228415,-42.6950674,francisco ayres,PI
64480,-6.6520491,-42.5322810,arraial,PI
64490,-6.2281675,-42.6894982,regeneracao,PI
64495,-6.0956500,-42.6364500,jardim do mulato,PI
64500,-7.0158593,-42.1265255,oeiras,PI
64510,-6.9134743,-41.8638868,sao joao da varjota,PI
64512,-6.5988483,-42.2822264,tanque do piaui,PI
64514,-6.7941313,-42.3934858,cajazeiras do piauí,PI
64516,-7.2261710,-42.1788440,colonia do piaui,PI
64518,-6.7988647,-42.2732258,santa rosa do piaui,PI
64520,-6.3960205,-42.2603747,francinopolis,PI
64525,-6.5476975,-42.2504626,varzea grande,PI
64528,-6.5210746,-42.1055519,barra d'alcântara,PI
64530,-6.4563429,-41.9333536,novo oriente do piaui,PI
64535,-6.6667722,-41.7083935,inhuma,PI
64540,-6.8228564,-41.7436169,ipiranga do piaui,PI
64545,-7.1813338,-41.7653746,santa cruz do piaui,PI
64548,-7.2380782,-41.8956791,wall ferraz,PI
64550,-7.2227917,-42.5263637,sao francisco do piaui,PI
64555,-7.4947910,-42.5657153,sao jose do peixe,PI
64558,-7.5833471,-42.3709183,sao miguel do fidalgo,PI
64560,-7.4264506,-41.9113674,santo inacio do piaui,PI
64563,-7.4670744,-41.8003299,floresta do piaui,PI
64565,-7.4477860,-41.4814881,itainopolis,PI
64568,-7.6047736,-41.4804969,vera mendes,PI
64570,-7.7385361,-41.6786904,isaias coelho,PI
64573,-7.4655345,-41.1213177,massape do piaui,PI
64575,-7.3566756,-41.1403744,jaicos,PI
64578,-7.1478093,-41.0443450,campo grande do piaui,PI
64585,-7.5969394,-40.8180422,simoes,PI
64590,-7.7324478,-40.9886387,caridade do piaui,PI
64595,-7.8314994,-40.9015838,curral novo do piaui,PI
64600,-7.0850303,-41.4698663,picos,PI
64601,-7.0776761,-41.4720110,picos,PI
64604,-7.0709370,-41.4504445,picos,PI
64606,-7.0846311,-41.4097428,picos,PI
64607,-7.0820070,-41.4458057,picos,PI
64608,-7.0873009,-41.4344535,picos,PI
64615,-6.9456842,-41.5106714,santana do piaui,PI
64618,-7.1031222,-41.7031272,paqueta,PI
64620,-6.9616823,-41.6750789,dom expedito lopes,PI
64625,-6.8639548,-41.4779155,sao jose do piaui,PI
64630,-6.9457647,-41.3222474,bocaina,PI
64635,-6.8180361,-41.3464375,sao joao da canabrava,PI
64640,-6.9828873,-41.2289543,santo antonio de lisboa,PI
64645,-6.9947888,-41.1348528,francisco santos,PI
64650,-6.9968619,-41.0281892,monsenhor hipolito,PI
64655,-7.0089044,-40.9373836,alagoinha do piaui,PI
64660,-6.8349099,-40.6134885,pio ix,PI
64670,-7.0932403,-40.8322119,sao juliao,PI
64675,-7.2416362,-40.8480233,alegrete do piaui,PI
64678,-7.3751245,-40.9675877,belem do piaui,PI
64680,-7.3530253,-40.9083103,padre marcos,PI
64685,-7.4443209,-40.6624717,marcolandia,PI
64688,-7.1424928,-40.9406014,vila nova do piaui,PI
64690,-7.0860016,-40.6153646,fronteiras,PI
64695,-7.3322292,-40.6366702,caldeirao grande do piaui,PI
64700,-7.8599211,-41.9103096,simplicio mendes,PI
64705,-7.9712602,-41.8712036,bela vista do piaui,PI
64710,-7.7778681,-42.2547121,paes landim,PI
64720,-7.8645199,-42.5034091,socorro do piaui,PI
64725,-7.7537951,-42.6784520,ribeira do piaui,PI
64728,-8.0706967,-42.2958495,pedro laurentino,PI
64730,-7.6593271,-41.8814020,campinas do piaui,PI
64740,-7.9031165,-41.5650165,conceicao do caninde,PI
64745,-8.2245754,-41.6776126,sao francisco de assis do piaui,PI
64748,-8.2185073,-41.0811335,acaua,PI
64750,-8.1353203,-41.1440728,paulistana,PI
64753,-8.1454969,-40.7958125,betania do piaui,PI
64755,-7.9374826,-41.2102510,jacobina do piaui,PI
64758,-8.5809572,-41.4188460,queimada nova,PI
64760,-8.2302896,-42.2522893,sao joao do piaui,PI
64763,-8.4957851,-41.8341274,capitao gervasio oliveira,PI
64764,-8.0744501,-42.0495758,nova santa rita,PI
64767,-8.3778916,-41.8356863,campo alegre do fidalgo,PI
64768,-8.4836340,-41.5488348,lagoa do barro do piaui,PI
64770,-9.0144769,-42.6913982,sao raimundo nonato,PI
64773,-9.2362087,-42.9623968,varzea branca,PI
64778,-9.1690840,-42.5443899,sao lourenco do piaui,PI
64780,-9.1861968,-43.0489190,anisio de abreu,PI
64782,-9.2204645,-43.1291283,jurema,PI
64783,-9.0651751,-42.9925648,sao braz do piaui,PI
64785,-9.3410090,-42.4367227,dirceu arcoverde,PI
64788,-9.4816287,-42.7896475,fartura do piauí,PI
64790,-8.9882169,-41.9577834,dom inocencio,PI
64793,-8.8262326,-42.4797607,coronel jose dias,PI
64795,-9.2824501,-43.3281247,caracol,PI
64798,-9.3957353,-43.6896139,guaribas,PI
64800,-6.7717351,-43.0230933,floriano,PI
64801,-6.7733868,-43.0346898,floriano,PI
64803,-6.7640459,-43.0107293,floriano,PI
64804,-6.7728142,-43.0099378,floriano,PI
64806,-6.7767332,-43.0164987,floriano,PI
64807,-6.7877726,-43.0113338,floriano,PI
64808,-6.7825393,-43.0331180,floriano,PI
64809,-6.7726300,-43.0435497,floriano,PI
64815,-7.7935611,-42.9235624,flores do piaui,PI
64820,-7.6003807,-43.0265226,itaueira,PI
64825,-6.9684372,-42.6737091,nazare do piaui,PI
64835,-7.7757911,-43.1372431,rio grande do piaui,PI
64838,-7.9650224,-43.2252193,pavussu,PI
64840,-6.7954796,-43.5866926,guadalupe,PI
64845,-7.1209231,-43.8897383,marcos parente,PI
64850,-7.2642027,-43.9292315,landri sales,PI
64855,-7.2207806,-44.1947769,antonio almeida,PI
64858,-6.9701247,-44.1996802,porto alegre do piaui,PI
64860,-7.2375456,-44.5551125,urucui,PI
64865,-7.5597934,-45.2437987,ribeiro goncalves,PI
64868,-7.9084244,-45.2108831,baixa grande do ribeiro,PI
64870,-7.6397131,-43.9525206,bertolinia,PI
64873,-7.5700472,-44.0632271,sebastiao leal,PI
64875,-8.0086564,-43.8722698,manoel emidio,PI
64880,-8.0988029,-43.6604684,eliseu martins,PI
64885,-8.1712851,-43.7779650,colonia do gurgueia,PI
64890,-8.1100657,-42.9467573,canto do buriti,PI
64893,-8.4012528,-42.9126379,tamboril do piaui,PI
64895,-8.2063830,-42.8346270,brejo do piaui,PI
64898,-7.8565611,-42.8218102,pajeu do piaui,PI
64900,-9.0749501,-44.3643136,bom jesus,PI
64910,-8.9525001,-44.1301194,santa luz,PI
64915,-9.4865746,-44.5851404,redencao do gurgueia,PI
64920,-8.8158815,-44.2207884,cristino castro,PI
64923,-8.4525980,-43.9415483,alvorada do gurgueia,PI
64925,-8.7270688,-44.2372556,palmeira do piaui,PI
64930,-9.8310105,-45.3391444,gilbues,PI
64940,-9.7508226,-45.3044335,monte alegre do piaui,PI
64945,-9.1143745,-45.9215566,santa filomena,PI
64960,-10.0355409,-44.3052520,curimata,PI
64963,-10.3274024,-44.2365436,julio borges,PI
64965,-10.1416575,-43.9487313,avelino lopes,PI
64968,-9.7224716,-43.8999593,morro cabeca no tempo,PI
64970,-10.2157501,-44.6146445,parnagua,PI
64975,-10.1282813,-44.9523810,riacho frio,PI
64980,-10.4239927,-45.1653352,corrente,PI
64990,-9.9235666,-45.4763104,barreiras do piauí,PI
64993,-10.0300074,-45.3043539,sao goncalo do gurgueia,PI
64995,-10.6677907,-45.1763130,cristalandia do piaui,PI
65000,-2.5723484,-44.2047662,sao luis,MA
65010,-2.5351032,-44.2921267,sao luis,MA
65015,-2.5349549,-44.2985315,sao luis,MA
65020,-2.5274399,-44.2919536,sao luis,MA
65021,-2.5307860,-44.2915511,sao luis,MA
65025,-2.5381100,-44.2893496,sao luis,MA
65026,-2.5423004,-44.2745431,sao luis,MA
65030,-2.5444016,-44.2810405,sao luis,MA
65031,-2.5439696,-44.2835473,sao luis,MA
65032,-2.5657370,-44.2570473,sao luis,MA
65033,-2.5401115,-44.2251842,sao luis,MA
65035,-2.5326787,-44.2791676,sao luis,MA
65036,-2.5421782,-44.2653349,sao luis,MA
65037,-2.5402904,-44.2671862,sao luis,MA
65040,-2.5505951,-44.2646444,sao luis,MA
65041,-2.5509616,-44.2650724,sao luis,MA
65042,-2.5581178,-44.2626596,sao luis,MA
65043,-2.5575572,-44.2498971,sao luis,MA
65044,-2.5575000,-44.2633714,sao luis,MA
65045,-2.5493067,-44.2498085,sao luis,MA
65046,-2.5483785,-44.2503838,sao luis,MA
65047,-2.5482538,-44.2360205,sao luis,MA
65048,-2.5545352,-44.2444451,sao luis,MA
65049,-2.5527607,-44.2538710,sao luis,MA
65050,-2.5475046,-44.2241247,sao luis,MA
65051,-2.5384290,-44.2156764,sao luis,MA
65052,-2.5435218,-44.2228701,sao luis,MA
65053,-2.5465184,-44.2138046,sao luis,MA
65054,-2.5445152,-44.2118918,sao luis,MA
65055,-2.5619143,-44.2326262,sao luis,MA
65056,-2.5609333,-44.2356539,sao luis,MA
65057,-2.5654634,-44.2306262,sao luis,MA
65058,-2.5709360,-44.2064676,sao luis,MA
65059,-2.5522714,-44.2315754,sao luis,MA
65060,-2.5452607,-44.2349928,sao luis,MA
65061,-2.5336578,-44.2508103,sao luis,MA
65062,-2.5360461,-44.2373393,sao luis,MA
65063,-2.5311247,-44.2356219,sao luis,MA
65064,-2.5335183,-44.2387750,sao luis,MA
65065,-2.5009525,-44.2270838,sao luis,MA
65066,-2.5163034,-44.2281877,sao luis,MA
65067,-2.5129995,-44.2343429,sao luis,MA
65068,-2.5091683,-44.2316840,sao luis,MA
65070,-2.5225264,-44.2592726,sao luis,MA
65071,-2.4997908,-44.2610200,sao luis,MA
65072,-2.5012422,-44.2481634,sao luis,MA
65073,-2.5176522,-44.2414894,sao luis,MA
65074,-2.5167152,-44.2564179,sao luis,MA
65075,-2.5022204,-44.2923142,sao luis,MA
65076,-2.5143545,-44.2981347,sao luis,MA
65077,-2.4979931,-44.2977605,sao luis,MA
65078,-2.5130093,-44.2643079,sao luis,MA
65080,-2.5564596,-44.3104003,sao luis,MA
65081,-2.5455308,-44.2627224,sao luis,MA
65082,-2.5481979,-44.2981363,sao luis,MA
65083,-2.5511040,-44.2151381,sao luis,MA
65085,-2.5527571,-44.3175764,sao luis,MA
65086,-2.5596667,-44.3348283,sao luis,MA
65090,-2.5626504,-44.2502370,sao luis,MA
65091,-2.5459559,-44.2638916,sao luis,MA
65092,-2.5746353,-44.2303772,sao luis,MA
65093,-2.5633634,-44.2461237,sao luis,MA
65094,-2.5056912,-44.3102791,sao luis,MA
65095,-2.5423081,-44.2782769,sao luis,MA
65110,-2.5518478,-44.1390020,sao jose de ribamar,MA
65130,-2.5324938,-44.1615784,paco do lumiar,MA
65138,-2.4464198,-44.1253758,raposa,MA
65140,-2.9231925,-44.0627352,presidente juscelino,MA
65143,-2.9496060,-44.3293245,bacabeira,MA
65145,-3.1354043,-44.3208785,santa rita,MA
65148,-2.8372462,-44.0556149,axixa,MA
65150,-2.9402330,-44.2495442,rosario,MA
65160,-2.8661350,-44.0409626,morros,MA
65170,-2.7750343,-44.0594869,icatu,MA
65180,-2.6262257,-43.4835559,humberto de campos,MA
65190,-2.5112962,-43.4409139,primeira cruz,MA
65195,-2.5004329,-43.2537501,santo amaro,MA
65200,-2.5239772,-45.0862029,pinheiro,MA
65204,-2.5947343,-45.3953544,presidente sarney,MA
65206,-2.9681297,-45.3485117,pedro do rosário,MA
65208,-2.2439481,-45.2967605,santa helena,MA
65210,-3.3218169,-45.0148889,cajari,MA
65213,-3.2852486,-45.1779231,penalva,MA
65215,-3.2116282,-45.0017253,viana,MA
65218,-3.1004111,-45.0324004,matinha,MA
65220,-2.8962932,-44.8825667,sao vicente ferrer,MA
65223,-2.9942321,-44.9988992,olinda nova do maranhão,MA
65225,-2.9659183,-44.8122504,sao joao batista,MA
65230,-2.8762658,-44.6729341,cajapio,MA
65233,-2.7077807,-44.7400388,bacurituba,MA
65235,-2.7010485,-44.8335501,sao bento,MA
65238,-2.6475776,-44.8956215,palmeirandia,MA
65245,-2.5778027,-44.8572180,peri mirim,MA
65248,-2.4510718,-44.7872625,bequimao,MA
65250,-2.3925148,-44.4539415,alcantara,MA
65255,-2.1312850,-44.6113229,guimaraes,MA
65260,-1.9992658,-44.5358699,cedral,MA
65263,-1.8798118,-44.6000059,porto rico do maranhao,MA
65265,-2.0668738,-44.7851799,mirinzal,MA
65267,-2.1948150,-44.8279917,central do maranhao,MA
65268,-1.8274936,-44.8703004,cururupu,MA
65269,-1.8542405,-45.1130831,serrano do maranhao,MA
65270,-1.7280569,-45.1418290,bacuri,MA
65272,-2.5454790,-45.7752438,santa luzia do parua,MA
65274,-2.8063618,-45.7041974,nova olinda do maranhao,MA
65275,-1.5321990,-45.0795469,apicum-acu,MA
65276,-2.2258036,-45.3067812,turilandia,MA
65278,-1.6666882,-45.3707890,turiacu,MA
65279,-2.3801969,-45.8242853,presidente medici,MA
65280,-1.4888761,-45.7306441,candido mendes,MA
65283,-2.2444368,-45.8585536,maranhaozinho,MA
65284,-2.0943209,-45.8793377,governador nunes freire,MA
65285,-1.4021304,-45.7760710,godofredo viana,MA
65288,-2.4675562,-45.8734229,centro do guilherme,MA
65289,-2.0475975,-45.9576785,maracacume,MA
65290,-1.3303127,-45.8990435,luis domingues,MA
65292,-1.7953126,-46.2919866,boa vista do gurupi,MA
65293,-1.6740153,-46.0107516,amapa do maranhao,MA
65294,-1.8787679,-46.0725036,junco do maranhao,MA
65295,-1.2040727,-46.0210443,carutapera,MA
65299,-2.1758484,-46.1677817,centro novo do maranhao,MA
65300,-3.6616242,-45.3799731,santa ines,MA
65301,-3.6528155,-45.3880382,santa ines,MA
65302,-3.6569145,-45.3706407,santa ines,MA
65304,-3.6657284,-45.3681645,santa ines,MA
65306,-3.6687064,-45.3837199,santa ines,MA
65310,-4.1692396,-45.4868135,altamira do maranhao,MA
65315,-4.3304624,-45.5871513,brejo de areia,MA
65320,-4.2868658,-45.2474191,vitorino freire,MA
65335,-3.7449622,-45.2601820,bela vista do maranhao,MA
65340,-3.8384906,-44.8858144,conceicao do lago-acu,MA
65345,-3.6301645,-45.1669859,igarape do meio,MA
65350,-3.4842478,-44.8804899,vitoria do mearim,MA
65360,-3.4952782,-45.2477053,moncao,MA
65363,-3.4130986,-45.6978736,governador newton bello,MA
65365,-3.2762848,-45.6549054,ze doca,MA
65368,-2.9505097,-45.6654262,araguana,MA
65370,-3.6196974,-45.3493657,pindare mirim,MA
65378,-3.7026225,-45.5096812,tufilandia,MA
65380,-3.5436895,-45.6087634,bom jardim,MA
65385,-3.5306801,-46.2750600,sao joao do caru,MA
65390,-3.9891934,-45.6711900,santa luzia,MA
65393,-4.3167573,-46.4580391,buriticupu,MA
65395,-4.5028958,-46.8554910,bom jesus das selvas,MA
65398,-3.7241044,-45.8639974,alto alegre do pindare,MA
65400,-4.4617572,-43.8915996,codo,MA
65413,-4.2141349,-44.4495128,alto alegre do maranhao,MA
65415,-4.1294016,-44.1265496,coroata,MA
65418,-4.3742884,-44.3411203,peritoro,MA
65420,-4.2568696,-43.9400750,timbiras,MA
65430,-3.5440783,-43.9182614,vargem grande,MA
65440,-3.3312850,-43.5292699,sao benedito do rio preto,MA
65450,-3.4635577,-43.9081728,nina rodrigues,MA
65455,-3.3913385,-43.9920397,presidente vargas,MA
65460,-3.7272739,-44.2274213,pirapemas,MA
65465,-3.6351633,-44.3779928,cantanhede,MA
65468,-3.6283012,-44.5568360,matoes do norte,MA
65470,-4.0324193,-44.4658450,sao mateus do maranhao,MA
65480,-3.4509552,-44.7784419,arari,MA
65485,-3.3903297,-44.3666719,itapecuru mirim,MA
65490,-3.2657825,-44.6156267,anajatuba,MA
65495,-3.5635245,-44.5821033,miranda do norte,MA
65500,-3.7407620,-43.3605109,chapadinha,MA
65505,-4.1310884,-43.3239975,afonso cunha,MA
65510,-3.6240411,-43.1149926,mata roma,MA
65515,-3.9442439,-42.9144299,buriti,MA
65520,-3.6796750,-42.7532299,brejo,MA
65525,-3.6741936,-43.1103967,anapurus,MA
65530,-3.2083187,-43.4030965,urbano santos,MA
65535,-3.1601183,-43.5047824,belagua,MA
65540,-3.4857517,-42.5861786,santa quiteria do maranhao,MA
65545,-3.5809445,-42.6118661,milagres do maranhao,MA
65550,-3.3507915,-42.4223420,sao bernardo,MA
65555,-3.1169564,-42.4140499,santana do maranhao,MA
65560,-3.3949529,-42.2053222,magalhaes de almeida,MA
65570,-2.8856324,-41.9043043,araioses,MA
65578,-2.8692050,-42.1300112,agua doce do maranhao,MA
65580,-2.7709389,-42.2771503,tutoia,MA
65582,-2.8906151,-42.3100044,barro duro,MA
65585,-2.7469312,-42.5477678,paulino neves,MA
65590,-2.7572297,-42.8317952,barreirinhas,MA
65600,-4.8598307,-43.3532132,caxias,MA
65602,-4.8538585,-43.3570405,caxias,MA
65603,-4.8377620,-43.3559829,caxias,MA
65604,-4.8665268,-43.3475264,caxias,MA
65605,-4.8714090,-43.3450348,caxias,MA
65606,-4.8803596,-43.3533658,caxias,MA
65607,-4.8690464,-43.3670777,caxias,MA
65608,-4.8603361,-43.3710974,caxias,MA
65609,-4.8720584,-43.3552917,caxias,MA
65610,-4.6259676,-43.4673055,aldeias altas,MA
65615,-5.1122625,-43.8076876,são joão do soter,MA
65620,-4.2546097,-43.0150461,coelho neto,MA
65625,-4.1524537,-42.9461720,duque bacelar,MA
65630,-5.1029232,-42.8242651,timon,MA
65631,-5.0905154,-42.8359350,timon,MA
65632,-5.1092113,-42.8322736,timon,MA
65633,-5.1223850,-42.8355163,timon,MA
65634,-5.1130684,-42.8322505,timon,MA
65635,-5.1165367,-42.8367292,timon,MA
65636,-5.1014329,-42.8376590,timon,MA
65637,-5.1161982,-42.8371855,timon,MA
65640,-5.6815266,-43.0939139,parnarama,MA
65645,-5.5213189,-43.2035096,matoes,MA
65650,-6.2272906,-42.9911825,sao francisco do maranhao,MA
65660,-6.7504532,-43.0415204,barao de grajau,MA
65665,-6.4974551,-43.7015125,sao joao dos patos,MA
65668,-6.4136887,-43.5452610,sucupira do riachao,MA
65670,-6.4316765,-43.9879680,paraibano,MA
65680,-6.1798969,-43.7791823,passagem franca,MA
65683,-6.0496347,-43.5272420,lagoa do mato,MA
65685,-5.8394930,-43.8342711,buriti bravo,MA
65690,-6.0303846,-44.2472356,colinas,MA
65693,-5.8180834,-44.2252127,jatoba,MA
65695,-5.7327095,-44.1554742,fortuna,MA
65700,-4.2263847,-44.7890639,bacabal,MA
65704,-4.3723686,-45.0316429,bom lugar,MA
65705,-4.0417718,-44.9362476,lago verde,MA
65706,-4.1418303,-45.1159702,olho d'agua das cunhas,MA
65707,-3.8894225,-45.1704447,pio xii,MA
65708,-4.3775454,-44.6719237,são luís gonzaga do maranhão,MA
65709,-4.0385623,-45.2373762,satubinha,MA
65710,-4.6058974,-45.0514572,lago do junco,MA
65712,-4.6125013,-44.9791905,lago dos rodrigues,MA
65714,-4.6200441,-45.4599792,maraja do sena,MA
65715,-4.5653566,-45.1293973,lago da pedra,MA
65716,-4.4475340,-45.2392853,paulo ramos,MA
65718,-4.9931942,-45.3882387,lagoa grande do maranhao,MA
65720,-4.6614915,-44.8555202,igarape grande,MA
65723,-4.6306659,-44.7615974,bernardo do mearim,MA
65725,-4.5728654,-44.5988313,pedreiras,MA
65727,-4.5667508,-44.6172711,trizidela do vale,MA
65728,-4.5234966,-44.4638393,lima campos,MA
65730,-4.8610419,-44.3754439,santo antonio dos lopes,MA
65735,-4.7171173,-44.3266870,capinzal do norte,MA
65740,-4.7535923,-44.9424299,pocao de pedras,MA
65750,-4.8785892,-44.8833779,esperantinopolis,MA
65753,-5.1048091,-45.0814654,sao raimundo do doca bezerra,MA
65755,-4.9815891,-44.6994778,joselandia,MA
65758,-5.0215234,-44.9949668,sao roberto,MA
65760,-5.2933049,-44.4915053,presidente dutra,MA
65762,-5.0435456,-44.5726162,sao jose dos basilios,MA
65763,-5.2608651,-44.6441750,tuntum,MA
65765,-5.0368829,-44.4379530,dom pedro,MA
65768,-5.4996762,-44.5609715,santa filomena do maranhao,MA
65770,-5.0247669,-44.2699974,governador archer,MA
65775,-5.1550810,-44.2998807,goncalves dias,MA
65780,-5.3257376,-44.2339292,governador eugenio barros,MA
65783,-5.2589209,-44.0560088,senador alexandre costa,MA
65785,-5.4086190,-44.3323831,graca aranha,MA
65790,-5.5822651,-44.3809161,sao domingos do maranhao,MA
65795,-5.4854504,-44.0842601,governador luiz rocha,MA
65800,-7.5314749,-46.0431052,balsas,MA
65805,-6.9642106,-46.1769528,fortaleza dos nogueiras,MA
65808,-7.1188979,-46.2599342,nova colinas,MA
65810,-9.1234705,-45.9450869,alto parnaiba,MA
65820,-8.4766933,-45.7469614,tasso fragoso,MA
65840,-7.0206454,-45.5027356,sao raimundo das mangabeiras,MA
65850,-6.3429314,-44.4327474,mirador,MA
65860,-6.4778232,-44.1912165,sucupira do norte,MA
65870,-6.5996897,-44.0844046,pastos bons,MA
65880,-6.7389534,-44.0439858,nova iorque,MA
65885,-7.2185315,-44.5550718,benedito leite,MA
65888,-6.8141479,-44.6286413,sao domingos do azeitao,MA
65890,-7.0839451,-44.8130795,sao felix de balsas,MA
65895,-7.0879635,-45.1361271,loreto,MA
65900,-5.5202953,-47.4829705,imperatriz,MA
65901,-5.5268001,-47.4829799,imperatriz,MA
65903,-5.5195877,-47.4751256,imperatriz,MA
65904,-5.4833148,-47.4922810,imperatriz,MA
65905,-5.4972650,-47.4879152,imperatriz,MA
65906,-5.4847490,-47.4882390,imperatriz,MA
65907,-5.5160825,-47.4820735,imperatriz,MA
65908,-5.4895822,-47.4703806,imperatriz,MA
65910,-5.5163721,-47.4768721,imperatriz,MA
65911,-5.5066363,-47.4766673,imperatriz,MA
65912,-5.5192115,-47.4614283,imperatriz,MA
65913,-5.5236260,-47.4684488,imperatriz,MA
65914,-5.5100176,-47.4569994,imperatriz,MA
65915,-5.5302961,-47.4559379,imperatriz,MA
65916,-5.5313714,-47.4759174,imperatriz,MA
65917,-5.4956577,-47.4821688,imperatriz,MA
65918,-5.5393617,-47.4548103,imperatriz,MA
65919,-5.5117228,-47.4766437,imperatriz,MA
65920,-5.0766839,-48.4188140,sao pedro da agua branca,MA
65921,-5.1734292,-47.7861899,cidelandia,MA
65922,-5.4468649,-47.4051889,joao lisboa,MA
65923,-5.5503689,-46.7191942,amarante do maranhao,MA
65924,-5.1651391,-48.1271589,vila nova dos martirios,MA
65925,-5.8775144,-46.7024644,sitio novo,MA
65927,-5.5270448,-47.3945622,davinopolis,MA
65928,-5.7504251,-47.3614958,governador edison lobao,MA
65929,-5.1256250,-47.3855129,sao francisco do brejao,MA
65930,-4.9459338,-47.4844963,acailandia,MA
65935,-5.4824647,-47.2208313,senador la rocque,MA
65936,-5.8324441,-47.0667222,montes altos,MA
65937,-6.1908520,-47.0368283,lajeado novo,MA
65938,-5.9289395,-47.3840752,ribamar fiquene,MA
65939,-4.4458393,-47.5187079,itinga do maranhao,MA
65940,-5.8173051,-46.1456195,grajau,MA
65943,-6.4400414,-46.1885806,formosa da serra negra,MA
65945,-4.8897314,-46.0067798,arame,MA
65948,-5.2750517,-45.8555053,itaipava do grajau,MA
65950,-5.5044950,-45.2467237,barra do corda,MA
65962,-5.3667891,-45.6212197,jenipapo dos vieiras,MA
65968,-6.2074480,-47.3045312,campestre do maranhao,MA
65970,-6.3440793,-47.3938654,porto franco,MA
65973,-6.4653086,-47.0543122,sao joao do paraiso,MA
65975,-6.5595595,-47.4442387,estreito,MA
65978,-6.8209024,-46.5350564,sao pedro dos crentes,MA
65980,-7.3317411,-47.4686509,carolina,MA
65990,-7.3643698,-46.6272313,riachao,MA
65995,-6.9622998,-46.6845714,feira nova do maranhao,MA
66010,-1.4506549,-48.4975900,belem,PA
66013,-1.3372934,-48.4824236,belem,PA
66015,-1.4449441,-48.4956613,belem,PA
66017,-1.4474589,-48.4826194,belem,PA
66019,-1.4519635,-48.4993146,belem,PA
66020,-1.4607701,-48.5009650,belem,PA
66023,-1.4613736,-48.4975298,belem,PA
66025,-1.4643438,-48.4928185,belem,PA
66030,-1.4690433,-48.4890624,belem,PA
66033,-1.4610605,-48.4839186,belem,PA
66035,-1.4543986,-48.4877581,belem,PA
66040,-1.4556000,-48.4793814,belem,PA
66045,-1.4615055,-48.4789806,belem,PA
66050,-1.4370181,-48.4870573,belem,PA
66053,-1.4480117,-48.4902301,belem,PA
66055,-1.4445042,-48.4844699,belem,PA
66060,-1.4484998,-48.4754203,belem,PA
66063,-1.4563080,-48.4721321,belem,PA
66065,-1.4645610,-48.4743935,belem,PA
66070,-1.4501673,-48.4593399,belem,PA
66073,-1.4573730,-48.4637668,belem,PA
66075,-1.4593115,-48.4633404,belem,PA
66077,-1.4037777,-48.4575470,belem,PA
66079,-1.4641973,-48.4520378,belem,PA
66080,-1.4265556,-48.4656633,belem,PA
66083,-1.4273524,-48.4728742,belem,PA
66085,-1.4336807,-48.4697726,belem,PA
66087,-1.4266351,-48.4641164,belem,PA
66090,-1.4344499,-48.4663864,belem,PA
66093,-1.4381418,-48.4624794,belem,PA
66095,-1.4368092,-48.4554474,belem,PA
66110,-1.3971451,-48.4769393,belem,PA
66113,-1.4308783,-48.4840082,belem,PA
66115,-1.3983536,-48.4858546,belem,PA
66117,-1.4144787,-48.4804441,belem,PA
66120,-1.4161193,-48.4752755,belem,PA
66123,-1.4127989,-48.4707871,belem,PA
66610,-1.4286192,-48.4493763,belem,PA
66613,-1.4161633,-48.4487295,belem,PA
66615,-1.4004073,-48.4517839,belem,PA
66617,-1.3942471,-48.4678429,belem,PA
66620,-1.4022458,-48.4566985,belem,PA
66623,-1.4012864,-48.4446567,belem,PA
66625,-1.3696529,-48.4426151,belem,PA
66630,-1.3791964,-48.4656369,belem,PA
66633,-1.3945638,-48.4545776,belem,PA
66635,-1.3279742,-48.4555389,belem,PA
66640,-1.3635018,-48.4493082,belem,PA
66645,-1.3833473,-48.4317867,belem,PA
66650,-1.3576065,-48.4385502,belem,PA
66652,-1.3683065,-48.4240723,belem,PA
66670,-1.3318820,-48.4423078,belem,PA
66690,-1.4005513,-48.4003940,belem,PA
66695,-1.3909038,-48.4732193,belem,PA
66810,-1.2882050,-48.4761959,belem,PA
66811,-1.3010546,-48.4702312,belem,PA
66812,-1.3122141,-48.4831585,belem,PA
66813,-1.3215363,-48.4722860,belem,PA
66814,-1.3178169,-48.4711462,belem,PA
66815,-1.3239520,-48.4553611,belem,PA
66816,-1.3765188,-48.4716033,belem,PA
66820,-1.3485656,-48.4458765,belem,PA
66821,-1.3396072,-48.4588763,belem,PA
66822,-1.3362324,-48.4594299,belem,PA
66823,-1.3188176,-48.4392976,belem,PA
66825,-1.3551955,-48.4783451,belem,PA
66830,-1.3548975,-48.4561432,belem,PA
66831,-1.3558069,-48.4660279,belem,PA
66833,-1.3271626,-48.4536379,belem,PA
66840,-1.2930317,-48.4585896,belem,PA
66843,-1.2497496,-48.4561995,belem,PA
66845,-1.2781988,-48.4748077,belem,PA
66910,-1.1630011,-48.4709664,belem,PA
66911,-1.1677312,-48.4598396,belem,PA
66912,-1.1477009,-48.4624994,belem,PA
66913,-1.2687735,-48.4724364,belem,PA
66914,-1.2309548,-48.4501319,belem,PA
66916,-1.4578593,-48.4919301,belém,PA
66918,-1.1230385,-48.4377948,belem,PA
66920,-1.2632245,-48.4702797,belém,PA
66923,-1.0970281,-48.4100720,belem,PA
67010,-1.3881076,-48.4091037,ananindeua,PA
67013,-1.3800693,-48.4155685,ananindeua,PA
67015,-1.3647735,-48.3952256,ananindeua,PA
67020,-1.3793227,-48.3869556,ananindeua,PA
67030,-1.3656249,-48.3842347,ananindeua,PA
67033,-1.3729867,-48.3734272,ananindeua,PA
67035,-1.3408806,-48.3744840,ananindeua,PA
67040,-1.3589556,-48.3831020,ananindeua,PA
67100,-1.3815477,-48.4243005,ananindeua,PA
67103,-1.3509016,-48.3927338,ananindeua,PA
67110,-1.3899704,-48.4114038,ananindeua,PA
67113,-1.3728254,-48.4189488,ananindeua,PA
67115,-1.3640003,-48.4141506,ananindeua,PA
67118,-1.3839562,-48.4008596,ananindeua,PA
67120,-1.3516907,-48.4186109,ananindeua,PA
67125,-1.3390163,-48.4057414,ananindeua,PA
67130,-1.3656235,-48.4046618,ananindeua,PA
67133,-1.3591902,-48.4023283,ananindeua,PA
67140,-1.3482592,-48.4014871,ananindeua,PA
67143,-1.3537988,-48.3924505,ananindeua,PA
67145,-1.3510619,-48.3845921,ananindeua,PA
67146,-1.3607273,-48.3909289,ananindeua,PA
67200,-1.3669819,-48.3376371,marituba,PA
68005,-2.4248631,-54.7122865,santarem,PA
68010,-2.4336853,-54.7052772,santarem,PA
68015,-2.4421046,-54.6989626,santarem,PA
68020,-2.4468734,-54.7074834,santarem,PA
68022,-2.4637357,-54.7081042,santarem,PA
68025,-2.4643936,-54.7144303,santarem,PA
68030,-2.4422085,-54.7234425,santarem,PA
68035,-2.4459782,-54.7379715,santarem,PA
68038,-2.4443364,-54.7467306,santarem,PA
68040,-2.4277902,-54.7299236,santarem,PA
68041,-2.4239540,-54.7328532,santarem,PA
68045,-2.4542401,-54.7006081,santarem,PA
68047,-2.4574835,-54.7485823,santarem,PA
68050,-2.4656555,-54.7172100,santarem,PA
68129,-2.6832381,-54.6384681,mojui dos campos,PA
68130,-1.9350719,-53.6025364,prainha,PA
68138,-3.8669431,-54.2175631,placas,PA
68140,-3.7202778,-53.7397416,uruara,PA
68143,-2.6990376,-54.9218269,belterra,PA
68145,-3.4509323,-52.8906988,medicilandia,PA
68148,-3.3029289,-52.5394326,brasil novo,PA
68165,-4.1040688,-54.9230059,ruropolis,PA
68170,-2.1590391,-56.0852003,juruti,PA
68180,-4.2644136,-55.9863459,itaituba,PA
68181,-4.2677159,-55.9898358,itaituba,PA
68182,-4.2615028,-55.9942383,itaituba,PA
68184,-4.2699445,-55.9833018,itaituba,PA
68193,-7.0934808,-55.4030612,novo progresso,PA
68195,-6.2223119,-57.7594439,jacareacanga,PA
68198,-4.7155879,-56.0028774,trairao,PA
68200,-1.9460952,-54.7382245,alenquer,PA
68210,-1.8900645,-55.1170056,curua,PA
68220,-1.9969954,-54.0709739,monte alegre,PA
68230,-1.5275035,-52.5771499,almeirim,PA
68250,-1.9044100,-55.5150672,obidos,PA
68270,-1.7637139,-55.8633917,oriximina,PA
68275,22.5679518,-27.6980868,porto trombetas,PA
68280,-2.1734550,-56.7444271,faro,PA
68285,-2.1047740,-56.4903975,terra santa,PA
68300,-1.4081072,-51.6461884,gurupa,PA
68330,-1.7537831,-52.2364247,porto de moz,PA
68360,-2.6157535,-51.9361382,senador jose porfirio,PA
68365,-3.4636809,-51.2070496,anapu,PA
68371,-3.2081887,-52.2139460,altamira,PA
68372,-3.2169211,-52.2219215,altamira,PA
68373,-3.2137590,-52.2267361,altamira,PA
68374,-3.2058908,-52.2239391,altamira,PA
68375,-3.1956772,-52.2176530,altamira,PA
68376,-3.2013710,-52.1949273,altamira,PA
68377,-3.1942584,-52.2068479,altamira,PA
68379,9.0490627,-25.1709035,castelo dos sonhos,PA
68380,-6.6930109,-51.9809975,sao felix do xingu,PA
68383,-2.9416691,-52.0136965,vitória do xingu,PA
68385,-6.7531704,-51.1567899,tucuma,PA
68388,-7.6448583,-50.3574731,bannach,PA
68390,-6.7833293,-51.0816272,ourilandia do norte,PA
68398,-7.8112839,-50.7692064,cumaru do norte,PA
68400,-2.2506345,-49.4977350,cameta,PA
68415,-1.8963396,-49.3824350,limoeiro do ajuru,PA
68420,-2.5816048,-49.5064076,mocajuba,PA
68430,-1.9798988,-48.9597110,igarape-miri,PA
68435,-1.9676687,-48.9544034,maiauata,PA
68440,-1.7230242,-48.8810654,abaetetuba,PA
68445,-1.5102280,-48.6274062,barcarena,PA
68447,7.2716494,-40.3158840,barcarena,PA
68448,-1.5650067,-48.7615376,murucupi,PA
68450,-1.8897856,-48.7669538,moju,PA
68455,-3.8203011,-49.6780631,tucurui,PA
68456,-3.7660326,-49.6743488,tucurui,PA
68457,-3.7587945,-49.6745529,tucurui,PA
68458,-3.7640229,-49.6683281,tucurui,PA
68459,-3.7793414,-49.6726042,tucurui,PA
68460,-3.7560150,-49.6673583,tucurui,PA
68464,-3.7659158,-49.6758769,hidreletrica tucurui,PA
68465,-2.7928286,-49.6693767,baiao,PA
68470,-2.0050841,-49.8587997,oeiras do para,PA
68473,-4.2582931,-49.9754346,novo repartimento,PA
68475,-1.9000030,-50.2096879,bagre,PA
68480,-1.9363902,-50.8190350,portel,PA
68485,-3.8152647,-50.6187674,pacaja,PA
68488,-3.7749690,-49.5641715,breu branco,PA
68490,-1.8058067,-50.7151750,melgaco,PA
68500,-5.3494644,-49.1342650,maraba,PA
68501,-5.3790291,-49.1306889,maraba,PA
68502,-5.3684752,-49.1284205,maraba,PA
68503,-5.3696814,-49.1174810,maraba,PA
68504,-5.3459066,-49.0806328,maraba,PA
68505,-5.3432381,-49.0988268,maraba,PA
68506,-5.3465721,-49.0727870,maraba,PA
68507,-5.3557120,-49.0917763,maraba,PA
68508,-5.3451399,-49.1152031,maraba,PA
68509,-5.3556275,-49.1045030,maraba,PA
68510,-5.3638474,-49.1019596,maraba,PA
68512,-5.3483952,-49.0994232,maraba,PA
68513,-5.3120330,-49.0741947,maraba,PA
68514,-5.3670553,-49.1249913,maraba,PA
68515,-6.0743866,-49.9063704,parauapebas,PA
68516,-12.5212639,-48.4034936,carajas,PA
68520,-5.5459775,-48.7240773,sao domingos do araguaia,PA
68521,-5.7172544,-48.4154218,brejo grande do araguaia,PA
68523,-6.1109523,-49.6065805,curionopolis,PA
68524,-6.1078913,-49.3609978,eldorado dos carajas,PA
68525,-5.0469020,-48.5996805,bom jesus do tocantins,PA
68527,-4.9539013,-48.3981227,abel figueiredo,PA
68530,-7.3130442,-50.0472359,rio maria,PA
68533,-6.8045806,-50.4839197,agua azul do norte,PA
68535,-5.7962047,-48.3279408,palestina do para,PA
68537,-6.5252105,-49.8727946,canaa dos carajas,PA
68540,-8.2588290,-49.2980644,conceicao do araguaia,PA
68543,-7.5595401,-49.6976824,floresta do araguaia,PA
68545,-7.8338451,-50.0414756,pau d'arco,PA
68548,-6.9440487,-49.6993071,sapucaia,PA
68550,-8.0408032,-50.0266417,redencao,PA
68551,-8.0412810,-50.0356432,redencao,PA
68552,-8.0352493,-50.0395808,redencao,PA
68553,-8.0272785,-50.0272956,redencao,PA
68554,-8.0422449,-50.0414847,redencao,PA
68555,-7.0847858,-49.9216359,xinguara,PA
68556,-7.0943119,-49.9428864,xinguara,PA
68557,-7.0990427,-49.9373945,xinguara,PA
68560,-9.3352628,-50.3494575,santana do araguaia,PA
68565,-8.8680528,-49.7163162,santa maria das barreiras,PA
68570,-6.3889380,-48.5818027,sao geraldo do araguaia,PA
68575,-6.4496616,-48.8679878,picarra,PA
68580,-5.1352831,-49.3563532,itupiranga,PA
68585,-4.9214714,-49.0788071,nova ipixuna,PA
68590,-4.4504757,-49.1155957,jacunda,PA
68600,-1.0591690,-46.7684589,braganca,PA
68610,-1.0290114,-46.6318598,augusto correa,PA
68617,-1.8004559,-46.5197591,cachoeira do piria,PA
68618,-2.2572258,-46.9588579,nova esperanca do piria,PA
68620,-1.2021836,-46.1389990,viseu,PA
68625,-2.9968488,-47.3572106,paragominas,PA
68626,-2.9975894,-47.3583775,paragominas,PA
68627,-3.0043743,-47.3718785,paragominas,PA
68628,-2.9833747,-47.3498510,paragominas,PA
68630,-2.9961665,-47.3426676,paragominas,PA
68632,-3.7499009,-47.4997458,ulianopolis,PA
68633,-4.2891375,-47.5680810,dom eliseu,PA
68635,-1.6897497,-47.7622157,sao domingos do capim,PA
68637,-2.6894764,-47.6351078,ipixuna do para,PA
68638,-4.7725307,-48.0726630,rondon do para,PA
68639,-3.8586813,-49.0767106,goianesia do para,PA
68640,-1.5484759,-47.1144151,ourem,PA
68644,-1.5511680,-46.9082457,santa luzia do para,PA
68645,-1.3638164,-47.3077801,bonito,PA
68647,-1.0777801,-46.9030048,tracuateua,PA
68650,-1.7539664,-47.0670601,capitao poco,PA
68655,-1.7738764,-47.4421421,irituia,PA
68658,-2.1350552,-47.5579596,aurora do para,PA
68660,-1.6121134,-47.4846720,sao miguel do guama,PA
68665,-1.9343796,-47.0502720,garrafao do norte,PA
68670,-1.5148239,-48.0416902,bujaru,PA
68675,-2.0460236,-47.5561562,mae do rio,PA
68680,-2.4024791,-48.1453457,tome-acu,PA
68682,-2.5849631,-49.1251847,quatro bocas,PA
68685,-1.9960058,-47.9447170,concordia do para,PA
68690,-1.9599713,-48.1979174,acará,PA
68695,-2.9400264,-48.9451929,tailandia,PA
68700,-1.1916262,-47.1777084,capanema,PA
68701,-1.2015360,-47.1749701,capanema,PA
68702,-1.1978199,-47.1852684,capanema,PA
68703,-1.1888039,-47.1860255,capanema,PA
68707,-0.9401924,-47.1180432,primavera,PA
68709,-0.8785861,-47.0190244,quatipuru,PA
68710,-0.7740075,-47.4510296,maracana,PA
68719,-0.7789257,-47.1835345,sao joao de pirabas,PA
68720,-0.9306624,-47.3928028,santarem novo,PA
68721,-0.6280222,-47.3460744,salinopolis,PA
68722,-0.8004635,-47.6009371,magalhaes barata,PA
68725,-1.1279583,-47.6197392,igarape-acu,PA
68730,-1.1827933,-47.3889356,nova timboteua,PA
68734,-1.1531212,-47.3032241,peixe-boi,PA
68738,-1.3486175,-47.5727764,santa maria do para,PA
68740,-1.2991414,-47.9320708,castanhal,PA
68741,-1.3014769,-47.9364551,castanhal,PA
68742,-1.2894513,-47.9378399,castanhal,PA
68743,-1.2849814,-47.9270894,castanhal,PA
68744,-1.2804768,-47.9159076,castanhal,PA
68745,-1.2957876,-47.9137564,castanhal,PA
68746,-1.2986603,-47.8982526,castanhal,PA
68747,-1.2952530,-47.9781180,apeu,PA
68748,-1.1684109,-47.7945679,sao francisco do para,PA
68750,-0.7338252,-47.8535235,curuca,PA
68760,-0.7481713,-47.6892510,marapanim,PA
68773,-1.0389660,-47.9106326,terra alta,PA
68780,-0.8627414,-48.1358726,vigia,PA
68785,-0.9301040,-48.2779253,colares,PA
68786,-1.1451505,-48.1276089,santo antonio do taua,PA
68790,-1.3011382,-48.1565994,santa isabel do para,PA
68792,-1.3052958,-48.0469826,americano,PA
68795,-1.3504593,-48.2555328,benevides,PA
68797,-20.9051488,-51.3696958,benfica,PA
68798,-1.2318356,-48.2893458,santa barbara do para,PA
68800,-1.6827641,-50.4797198,breves,PA
68810,-0.9993521,-49.9261101,anajas,PA
68815,-1.8138135,-49.7964972,curralinho,PA
68820,-1.6813150,-49.5504688,sao sebastiao da boa vista,PA
68825,-1.5342851,-49.2271735,muana,PA
68830,-1.3952194,-48.8682407,ponta de pedras,PA
68840,-1.0132280,-48.9619753,cachoeira do arari,PA
68850,-0.6646278,-49.1737845,santa cruz do arari,PA
68860,-0.7913552,-48.5426722,salvaterra,PA
68870,-0.7281230,-48.5149571,soure,PA
68890,-0.1580536,-50.3906828,afuá,PA
68900,0.0356665,-51.0631028,macapa,AP
68901,0.0333946,-51.0678844,macapa,AP
68902,0.0174155,-51.0701644,macapa,AP
68903,-0.0007244,-51.0841836,macapa,AP
68904,0.0164286,-51.0829073,macapa,AP
68905,0.0483623,-51.0536903,macapa,AP
68906,0.0363070,-51.0952136,macapa,AP
68907,0.0761966,-51.0470762,macapa,AP
68908,0.0557088,-51.0615504,macapa,AP
68909,0.0821586,-51.0587559,macapa,AP
68911,-0.0340008,-51.1053432,macapa,AP
68915,0.8568057,-51.1784378,ferreira gomes,AP
68920,-0.4679072,-52.6153135,laranjal do jari,AP
68924,-0.9100905,-52.4210709,vitoria do jari,AP
68925,-0.0441033,-51.1727845,santana,AP
68926,-0.0551374,-51.1591094,santana,AP
68927,-0.0445923,-51.1634632,santana,AP
68928,-0.0254689,-51.1742006,santana,AP
68940,-0.1069594,-51.2863533,mazagao,AP
68945,0.7775394,-51.9532044,pedra branca do amapari,AP
68948,0.8963534,-52.0006833,serra do navio,AP
68950,2.0537900,-50.7921521,amapa,AP
68960,2.4962815,-50.9521241,calcoene,AP
68980,3.8425083,-51.8339584,oiapoque,AP
68985,-16.3311437,-52.1897668,clevelandia do norte,AP
68997,0.7076814,-51.4095211,porto grande,AP
69005,-3.1316720,-60.0192251,manaus,AM
69006,-3.0530820,-59.9321453,manaus,AM
69007,-3.0920355,-59.9215747,manaus,AM
69008,-3.0906038,-59.8940087,manaus,AM
69009,-3.0604507,-59.8456744,manaus,AM
69010,-3.1277438,-60.0248332,manaus,AM
69015,-3.0375202,-59.9993086,manaus,AM
69017,-2.9983360,-59.9889849,manaus,AM
69018,-2.9729252,-60.0048948,manaus,AM
69020,-3.1254388,-60.0164924,manaus,AM
69021,-3.0034547,-60.0366052,manaus,AM
69022,-2.9954431,-60.0840212,manaus,AM
69023,-2.9791956,-60.0223040,manaus,AM
69025,-3.1200356,-60.0249996,manaus,AM
69027,-3.1188426,-60.0332521,manaus,AM
69028,-3.0497052,-60.0064728,manaus,AM
69029,-3.1124836,-60.0363348,manaus,AM
69030,-3.0994820,-60.0335095,manaus,AM
69033,-3.1062572,-60.0343115,manaus,AM
69035,-3.1061686,-60.0611045,manaus,AM
69036,-3.0942127,-60.0588102,manaus,AM
69037,-3.0722863,-60.0816654,manaus,AM
69038,-3.0774634,-60.0569027,manaus,AM
69039,-3.0275503,-60.0118374,manaus,AM
69040,-3.0886151,-60.0374433,manaus,AM
69041,-3.0118070,-60.0409317,manaus,AM
69042,-3.0786847,-60.0504638,manaus,AM
69043,-3.0742616,-60.0280027,manaus,AM
69044,-3.0650171,-60.0589819,manaus,AM
69045,-3.0652836,-60.0519431,manaus,AM
69046,-3.0630640,-60.0447385,manaus,AM
69047,-3.0598806,-60.0423142,manaus,AM
69048,-3.0637659,-60.0251790,manaus,AM
69049,-3.0532275,-60.0315354,manaus,AM
69050,-3.0960864,-60.0205528,manaus,AM
69053,-3.1077586,-60.0238945,manaus,AM
69054,-3.0733502,-60.0019528,manaus,AM
69055,-3.0837414,-60.0113189,manaus,AM
69057,-3.1010265,-60.0081354,manaus,AM
69058,-3.0592535,-60.0059987,manaus,AM
69059,-2.9852176,-60.0117322,manaus,AM
69060,-3.0925784,-59.9999776,manaus,AM
69063,-3.1154852,-59.9968934,manaus,AM
69065,-3.1251687,-60.0054765,manaus,AM
69067,-3.1035326,-59.9887959,manaus,AM
69068,-3.1253557,-59.9966402,manaus,AM
69070,-3.1438270,-60.0081501,manaus,AM
69072,-3.1546170,-59.9828872,manaus,AM
69073,-3.1275337,-59.9894477,manaus,AM
69074,-3.1352508,-60.0054614,manaus,AM
69075,-3.1144820,-59.9649455,manaus,AM
69076,-3.1148994,-59.9783180,manaus,AM
69077,-3.1103661,-59.9737439,manaus,AM
69078,-3.1111936,-59.9871244,manaus,AM
69079,-3.1078058,-60.0041500,manaus,AM
69080,-3.0965622,-59.9857441,manaus,AM
69082,-3.0861998,-59.9716836,manaus,AM
69083,-3.0785850,-59.9798646,manaus,AM
69084,-3.0768933,-59.9471973,manaus,AM
69085,-3.0698215,-59.9564276,manaus,AM
69086,-3.0684913,-59.9452228,manaus,AM
69087,-3.0609288,-59.9509678,manaus,AM
69088,-3.0386873,-59.9338850,manaus,AM
69089,-3.0919596,-59.9554295,manaus,AM
69090,-3.0307424,-59.9919643,manaus,AM
69092,-3.0009159,-59.9898087,manaus,AM
69093,-3.0190549,-60.0093047,manaus,AM
69094,-3.0410508,-59.9770204,manaus,AM
69095,-3.0282516,-59.9762550,manaus,AM
69096,-3.0375185,-59.9683634,manaus,AM
69097,-3.0178686,-59.9680109,manaus,AM
69098,-3.0532575,-59.9663216,manaus,AM
69099,-3.0301270,-59.9516133,manaus,AM
69100,-3.1424792,-58.4441418,itacoatiara,AM
69101,-3.1315833,-58.4381962,itacoatiara,AM
69103,-3.1317886,-58.4316868,itacoatiara,AM
69104,-3.1400577,-58.4389577,itacoatiara,AM
69114,-2.8368725,-58.2129063,silves,AM
69117,-2.6966225,-59.7004699,rio preto da eva,AM
69120,-2.7454417,-58.0308948,itapiranga,AM
69130,-2.5326604,-57.7574846,urucará,AM
69135,-2.5672934,-57.8736152,sao sebastiao do uatuma,AM
69140,-2.1921880,-56.7142056,nhamunda,AM
69151,-2.6290355,-56.7383555,parintins,AM
69152,-2.6402766,-56.7482115,parintins,AM
69153,-2.6331943,-56.7309803,parintins,AM
69170,-2.8642066,-56.9980284,freguesia do andira,AM
69180,-3.0554119,-58.0768881,urucurituba,AM
69190,-3.3934137,-57.7143816,maues,AM
69195,-2.9689045,-57.5853443,boa vista do ramos,AM
69200,-4.3912701,-59.5936485,borba,AM
69230,-3.8908885,-59.0931688,nova olinda do norte,AM
69240,-3.5815358,-59.1292697,autazes,AM
69250,-3.8192103,-60.3610534,careiro,AM
69255,-3.1959675,-59.8283527,careiro da varzea,AM
69260,-5.1237369,-60.3729741,novo aripuanã,AM
69265,-7.1970260,-59.8886267,apui,AM
69280,-5.8092368,-61.2957755,manicore,AM
69301,2.8227746,-60.6706977,boa vista,RR
69303,2.8112506,-60.6782972,boa vista,RR
69304,2.8246309,-60.6879818,boa vista,RR
69305,2.8352717,-60.6734224,boa vista,RR
69306,2.8329747,-60.6657850,boa vista,RR
69307,2.8555583,-60.6607133,boa vista,RR
69308,2.7964014,-60.6853550,boa vista,RR
69309,2.8137455,-60.7010072,boa vista,RR
69310,2.8380246,-60.7044505,boa vista,RR
69311,2.8469292,-60.7129522,boa vista,RR
69312,2.8129564,-60.7134712,boa vista,RR
69313,2.8299946,-60.7227502,boa vista,RR
69314,2.8230955,-60.7354251,boa vista,RR
69315,2.8238556,-60.6784316,boa vista,RR
69316,2.7799617,-60.7346995,boa vista,RR
69317,2.8225918,-60.7541469,boa vista,RR
69318,2.7606850,-60.7405912,boa vista,RR
69340,2.4431505,-60.9396826,mucajai,RR
69345,4.4789551,-61.1459682,pacaraima,RR
69348,2.1688337,-61.0528551,iracema,RR
69350,2.9934007,-61.3861504,alto alegre,RR
69355,3.8828376,-59.6257629,normandia,RR
69360,1.8103411,-61.1336588,caracarai,RR
69370,1.0152400,-60.0383299,sao luiz,RR
69373,0.9375884,-60.4295637,rorainopolis,RR
69375,0.9513348,-59.9125526,sao joao da baliza,RR
69378,0.8626791,-59.6409295,caroebe,RR
69380,3.3621151,-59.8332225,bonfim,RR
69400,-3.2925326,-60.6227743,manacapuru,AM
69401,-3.2829445,-60.6395507,manacapuru,AM
69405,-3.2729739,-60.1968023,iranduba,AM
69410,-3.3288654,-61.2100155,caapiranga,AM
69415,-3.2746279,-60.1872265,iranduba,AM
69425,-3.3288654,-61.2100155,caapiranga,AM
69435,-3.4279350,-60.4589538,manaquiri,AM
69440,-3.7454148,-61.6587856,anori,AM
69445,-3.5791633,-61.4047788,anama,AM
69450,-3.8393054,-62.0670851,codajas,AM
69460,-4.0937426,-63.1411732,coari,AM
69470,-3.3508509,-64.7145368,tefe,AM
69480,-5.6254033,-63.1870473,tapauá,AM
69490,-1.8581995,-65.5910593,maraa,AM
69495,-1.8805494,-66.9989673,japura,AM
69500,-4.8743052,-66.8951067,carauari,AM
69510,-6.4383272,-68.2455029,itamarati,AM
69520,-3.4719509,-66.0594073,jurua,AM
69540,-3.2110189,-64.8042701,alvaraes,AM
69550,-3.3478654,-64.7044070,tefe,AM
69552,-3.3503939,-64.7172712,tefe,AM
69553,-3.3558355,-64.7259202,tefe,AM
69555,-3.3742065,-64.7118479,tefe,AM
69557,-3.3506100,-64.7110722,tefe,AM
69600,-3.4662217,-68.9529235,sao paulo de olivenca,AM
69620,-3.3644246,-68.1978350,amatura,AM
69630,-4.4167619,-70.0317050,benjamin constant,AM
69640,-4.2353976,-69.9329448,tabatinga,AM
69650,-4.3653654,-70.1925669,atalaia do norte,AM
69660,-2.7494406,-66.7705652,jutai,AM
69670,-2.5198995,-66.0920464,fonte boa,AM
69685,-2.8583821,-67.7727206,tonantins,AM
69700,-0.9708153,-62.9276574,barcelos,AM
69730,-2.6276415,-60.9477930,novo airao,AM
69735,-2.0273172,-60.0199956,presidente figueiredo,AM
69750,0.1609481,-66.8766559,sao gabriel da cachoeira,AM
69790,-3.0823042,-60.0674039,iauarete,AM
69800,-7.5150358,-63.0203087,humaita,AM
69820,-6.5306843,-64.3873913,canutama,AM
69830,-7.2605277,-64.7914620,labrea,AM
69850,-8.7761186,-67.3860942,boca do acre,AM
69860,-7.7093667,-66.9978371,pauini,AM
69870,-7.4362500,-70.0277537,envira,AM
69880,-6.6633927,-69.8670087,eirunepé,AM
69890,-7.0481355,-71.6917355,ipixuna,AM
69895,-7.5462404,-72.5831837,guajara,AM
69900,-9.9678430,-67.8132845,rio branco,AC
69901,-9.9593516,-67.8054808,rio branco,AC
69902,-9.9445338,-67.8168873,rio branco,AC
69903,-9.9453194,-67.8231598,rio branco,AC
69904,-9.9819857,-67.8287452,rio branco,AC
69905,-9.9769189,-67.8081093,rio branco,AC
69906,-9.9933716,-67.8164331,rio branco,AC
69907,-10.0014616,-67.7965062,rio branco,AC
69908,-9.9792822,-67.8802037,rio branco,AC
69909,-10.0210206,-67.8016803,rio branco,AC
69910,-9.9579059,-67.8180828,rio branco,AC
69911,-9.9798721,-67.8263486,rio branco,AC
69912,-9.9890615,-67.8440897,rio branco,AC
69914,-9.9768379,-67.8686660,rio branco,AC
69915,-9.9779636,-67.8343061,rio branco,AC
69917,-9.9490741,-67.8767586,rio branco,AC
69918,-9.9564787,-67.8284998,rio branco,AC
69919,-9.9553031,-67.8485379,rio branco,AC
69920,-9.9565764,-67.8188502,rio branco,AC
69921,-9.9399307,-67.8271832,rio branco,AC
69922,-9.9289171,-67.8401272,rio branco,AC
69925,-10.1533041,-67.7342577,senador guiomard,AC
69926,-9.7986505,-68.0042467,bujari,AC
69927,-9.5951400,-67.5429606,porto acre,AC
69928,-10.3286570,-67.1830654,placido de castro,AC
69929,-22.8616147,-47.0643030,campinas,AC
69930,-10.6522262,-68.5029347,xapuri,AC
69931,-10.5712297,-67.6744215,capixaba,AC
69932,-11.0059407,-68.7491753,brasileia,AC
69934,-11.0209529,-68.7293923,epitaciolandia,AC
69935,-10.9351056,-69.5578308,assis brasil,AC
69940,-9.0664102,-68.6599506,sena madureira,AC
69945,-10.0593744,-67.0374858,acrelandia,AC
69950,-8.8385777,-69.2613848,manoel urbano,AC
69955,-9.4513302,-70.4774105,santa rosa do purus,AC
69960,-8.1695831,-70.3572966,feijo,AC
69970,-8.1628190,-70.7684415,tarauaca,AC
69975,-9.1913108,-71.9504234,jordao,AC
69980,-7.6261996,-72.6688805,cruzeiro do sul,AC
69982,-8.5966743,-71.4428234,porto walter,AC
69983,-8.9545500,-72.7836590,marechal thaumaturgo,AC
69985,-7.7365589,-72.6516354,rodrigues alves,AC
69990,-7.6051056,-72.9160693,mancio lima,AC
70002,-15.7904386,-47.8806551,brasilia,DF
70037,-15.8459940,-47.9207655,brasilia,DF
70040,-15.7917697,-47.8790699,brasilia,DF
70041,-15.7882864,-47.8783880,brasilia,DF
70043,-15.7989285,-47.8709235,brasilia,DF
70044,-15.7977815,-47.8746816,brasilia,DF
70047,-15.7977815,-47.8746816,brasilia,DF
70048,-15.7977815,-47.8746816,brasilia,DF
70053,-15.7977815,-47.8746816,brasília,DF
70054,-15.7982004,-47.8733706,brasilia,DF
70055,-15.7977815,-47.8746816,brasilia,DF
70056,-15.7994460,-47.8692855,brasilia,DF
70057,-15.7904386,-47.8806551,brasilia,DF
70059,-15.7994460,-47.8692855,brasilia,DF
70064,-15.7977815,-47.8746816,brasilia,DF
70065,-15.7977815,-47.8746816,brasilia,DF
70067,-15.7991895,-47.8701022,brasilia,DF
70068,-15.7984290,-47.8725750,brasilia,DF
70070,-15.7849137,-47.8930151,brasilia,DF
70072,-15.8011689,-47.8825411,brasília,DF
70074,-15.8016376,-47.8824756,brasilia,DF
70077,-15.7907667,-47.8844392,brasilia,DF
70078,-15.8016376,-47.8824756,brasilia,DF
70150,-15.8004881,-47.8610013,brasilia,DF
70160,-15.8003754,-47.8605231,brasilia,DF
70175,-15.8003862,-47.8605267,brasilia,DF
70200,-15.8156306,-47.8552110,brasilia,DF
70210,-15.8485991,-47.9211875,brasilia,DF
70232,-15.8057854,-47.8860951,brasilia,DF
70233,-15.8085382,-47.8891103,brasilia,DF
70234,-15.8108770,-47.8910550,brasilia,DF
70235,-15.8131945,-47.8933045,brasilia,DF
70236,-15.8074566,-47.8844096,brasilia,DF
70237,-15.8102453,-47.8866280,brasilia,DF
70238,-15.8129172,-47.8890037,brasilia,DF
70239,-15.8155541,-47.8913105,brasilia,DF
70252,-15.8157153,-47.8957449,brasilia,DF
70253,-15.8176786,-47.8984265,brasilia,DF
70254,-15.8198849,-47.9013134,brasilia,DF
70255,-15.8176528,-47.8936063,brasilia,DF
70256,-15.8203866,-47.8969284,brasilia,DF
70257,-15.8221944,-47.8995781,brasilia,DF
70258,-15.8218714,-47.9011102,brasilia,DF
70272,-15.8217187,-47.9040121,brasilia,DF
70273,-15.8238855,-47.9065909,brasilia,DF
70274,-15.8258060,-47.9093231,brasilia,DF
70275,-15.8278281,-47.9122505,brasilia,DF
70276,-15.8259099,-47.9046675,brasilia,DF
70277,-15.8279876,-47.9074472,brasilia,DF
70278,-15.8299278,-47.9102132,brasilia,DF
70292,-15.8298910,-47.9147750,brasilia,DF
70293,-15.8313951,-47.9172213,brasilia,DF
70294,-15.8333095,-47.9200008,brasilia,DF
70295,-15.8354384,-47.9228332,brasilia,DF
70296,-15.8320105,-47.9129722,brasilia,DF
70297,-15.8310991,-47.9144552,brasilia,DF
70298,-15.8361177,-47.9186837,brasilia,DF
70299,-15.8378297,-47.9210063,brasilia,DF
70330,-15.8030703,-47.8904187,brasilia,DF
70331,-15.8031447,-47.8969569,brasilia,DF
70335,-15.8005971,-47.8894538,brasilia,DF
70336,-15.8037584,-47.8940791,brasilia,DF
70337,-15.8064408,-47.8962433,brasilia,DF
70338,-15.8017509,-47.8919609,brasilia,DF
70340,-15.7977407,-47.8937134,brasilia,DF
70342,-15.8058773,-47.8917824,brasilia,DF
70343,-15.8085566,-47.8939813,brasilia,DF
70344,-15.8108221,-47.8963599,brasilia,DF
70345,-15.8129501,-47.8984919,brasilia,DF
70346,-15.8146899,-47.9009540,brasilia,DF
70347,-15.8165391,-47.9039801,brasilia,DF
70350,-15.8075730,-47.9018292,brasilia,DF
70351,-15.8109625,-47.9056985,brasilia,DF
70352,-15.8084489,-47.8982601,brasilia,DF
70353,-15.8106540,-47.9003428,brasilia,DF
70354,-15.8125712,-47.9029774,brasilia,DF
70355,-15.8142854,-47.9055580,brasilia,DF
70360,-15.8147011,-47.9103414,brasilia,DF
70361,-15.8193537,-47.9166234,brasilia,DF
70362,-15.8163881,-47.9081560,brasilia,DF
70363,-15.8185036,-47.9110932,brasilia,DF
70364,-15.8204575,-47.9131852,brasilia,DF
70365,-15.8222560,-47.9163810,brasilia,DF
70372,-15.8184257,-47.9066248,brasilia,DF
70373,-15.8203871,-47.9093195,brasilia,DF
70374,-15.8225877,-47.9118480,brasilia,DF
70375,-15.8245981,-47.9144516,brasilia,DF
70376,-15.8264619,-47.9170880,brasilia,DF
70377,-15.8282950,-47.9201637,brasilia,DF
70380,-15.8223784,-47.9216098,brasilia,DF
70381,-15.8266509,-47.9269593,brasilia,DF
70382,-15.8242491,-47.9191684,brasilia,DF
70383,-15.8262430,-47.9216449,brasilia,DF
70384,-15.8274938,-47.9244325,brasilia,DF
70385,-15.8303076,-47.9228991,brasilia,DF
70386,-15.8322150,-47.9252326,brasilia,DF
70387,-15.8297417,-47.9273144,brasilia,DF
70390,-15.8153344,-47.9166657,brasilia,DF
70391,-15.7963734,-47.8489554,brasilia,DF
70393,-11.0032135,-68.7447228,brasilia,DF
70402,-15.8024776,-47.8747112,brasilia,DF
70406,-15.8078987,-47.8740638,brasília,DF
70415,-15.8239710,-47.8872062,brasilia,DF
70422,-15.8249015,-47.8925856,brasilia,DF
70602,-15.7480330,-47.9242495,brasilia,DF
70610,-15.7919453,-47.9122501,brasilia,DF
70620,-15.7760302,-47.9093729,brasília,DF
70630,-15.7716907,-47.9230920,brasilia,DF
70631,-15.7692813,-47.9593450,brasilia,DF
70632,-15.7629444,-47.9354818,brasilia,DF
70634,-15.7471887,-47.9253609,brasilia,DF
70636,-15.7173138,-47.9064161,brasilia,DF
70640,-15.7857492,-47.9363854,brasilia,DF
70645,-15.7818524,-47.9340551,brasilia,DF
70648,-15.7884932,-47.9360968,brasilia,DF
70650,-15.7980375,-47.9427355,brasilia,DF
70655,-15.7970918,-47.9369973,brasilia,DF
70658,-15.7946872,-47.9354667,brasilia,DF
70660,-15.8064958,-47.9421752,brasilia,DF
70666,-15.7488660,-47.8939320,brasilia,DF
70670,-15.8019196,-47.9236634,brasilia,DF
70673,-15.8001243,-47.9284096,brasilia,DF
70675,-15.7907256,-47.9300929,brasilia,DF
70680,-15.7844319,-47.9170456,brasilia,DF
70687,-15.8159763,-47.9073281,brasilia,DF
70710,-15.7541175,-47.8918315,brasilia,DF
70711,-15.7885808,-47.8824249,brasilia,DF
70712,-15.7869355,-47.8837650,brasilia,DF
70719,-15.7862836,-47.8891180,brasilia,DF
70720,-15.7809850,-47.8892827,brasilia,DF
70722,-15.7823287,-47.8829210,brasilia,DF
70723,-15.7815542,-47.8855153,brasilia,DF
70730,-15.7765968,-47.8891472,brasilia,DF
70732,-15.7785551,-47.8827839,brasilia,DF
70733,-15.7758653,-47.8831170,brasilia,DF
70734,-15.7725676,-47.8834998,brasilia,DF
70735,-15.7801908,-47.8868944,brasilia,DF
70736,-15.7759650,-47.8862676,brasilia,DF
70737,-15.7728889,-47.8862883,brasilia,DF
70740,-15.7679557,-47.8910117,brasilia,DF
70741,-15.7639773,-47.8926803,brasilia,DF
70742,-15.7696908,-47.8839891,brasilia,DF
70743,-15.7662073,-47.8847282,brasilia,DF
70744,-15.7635806,-47.8858243,brasilia,DF
70745,-15.7701797,-47.8870155,brasilia,DF
70746,-15.7675687,-47.8875774,brasilia,DF
70747,-15.7639014,-47.8887893,brasilia,DF
70750,-15.7599419,-47.8944990,brasilia,DF
70752,-15.7602441,-47.8866547,brasilia,DF
70753,-15.7569225,-47.8872729,brasilia,DF
70754,-15.7541880,-47.8889357,brasilia,DF
70755,-15.7610760,-47.8895963,brasilia,DF
70756,-15.7575000,-47.8900538,brasilia,DF
70757,-15.7550136,-47.8914774,brasilia,DF
70760,-15.7504620,-47.8964935,brasilia,DF
70761,-15.7454663,-47.8991205,brasilia,DF
70762,-15.7512346,-47.8896727,brasilia,DF
70763,-15.7478306,-47.8905605,brasilia,DF
70764,-15.7456055,-47.8920414,brasilia,DF
70765,-15.7517527,-47.8929596,brasilia,DF
70766,-15.7487886,-47.8935895,brasilia,DF
70767,-15.7454991,-47.8948659,brasilia,DF
70770,-15.7394828,-47.8994162,brasilia,DF
70772,-15.7415951,-47.8927808,brasilia,DF
70773,-15.7384570,-47.8941332,brasilia,DF
70774,-15.7426457,-47.8955731,brasilia,DF
70775,-15.7394876,-47.8967907,brasilia,DF
70785,-15.7366935,-47.8904602,brasilia,DF
70790,-15.7548206,-47.8982502,brasilia,DF
70800,-15.7779036,-47.8517362,brasilia,DF
70801,-15.7932406,-47.8503569,brasilia,DF
70802,-15.7938476,-47.8523106,brasilia,DF
70803,-15.7912455,-47.8510830,brasilia,DF
70804,-15.7941459,-47.8483544,brasilia,DF
70830,-15.7776255,-47.8740082,brasília,DF
70832,-15.7817778,-47.8784689,brasilia,DF
70833,-15.7788215,-47.8784008,brasilia,DF
70834,-15.7820760,-47.8752709,brasilia,DF
70835,-15.7781631,-47.8756945,brasilia,DF
70842,-15.7760262,-47.8789387,brasilia,DF
70843,-15.7718662,-47.8797686,brasilia,DF
70844,-15.7686187,-47.8800487,brasilia,DF
70845,-15.7744975,-47.8760300,brasilia,DF
70846,-15.7715658,-47.8760316,brasília,DF
70847,-15.7676334,-47.8775175,brasilia,DF
70852,-15.7637610,-47.8813129,brasília,DF
70853,-15.7623057,-47.8816822,brasilia,DF
70854,-15.7591891,-47.8829971,brasilia,DF
70855,-15.7646578,-47.8784279,brasilia,DF
70856,-15.7613867,-47.8789232,brasilia,DF
70857,-15.7586772,-47.8799748,brasilia,DF
70862,-15.7558904,-47.8837428,brasilia,DF
70863,-15.7529130,-47.8848850,brasilia,DF
70864,-15.7501130,-47.8857535,brasilia,DF
70865,-15.7547620,-47.8812332,brasilia,DF
70866,-15.7518767,-47.8821284,brasilia,DF
70867,-15.7482385,-47.8828951,brasilia,DF
70872,-15.7463215,-47.8874886,brasilia,DF
70873,-15.7433872,-47.8879745,brasilia,DF
70874,-15.7405123,-47.8888109,brasilia,DF
70875,-15.7374406,-47.8898636,brasilia,DF
70876,-15.7477989,-47.8847669,brasilia,DF
70878,-15.7395107,-47.8864097,brasilia,DF
70879,-15.7373726,-47.8869854,brasilia,DF
70908,-15.7652846,-47.8566630,brasilia,DF
70910,-11.0140558,-68.7466526,brasilia,DF
71009,-15.7873266,-47.8858278,brasilia,DF
71010,-15.8156480,-47.9869084,brasilia,DF
71015,-15.8231980,-47.9871077,brasilia,DF
71020,-15.8173412,-47.9738449,brasilia,DF
71050,-15.8328432,-47.9760606,brasilia,DF
71060,-15.8343688,-47.9827490,brasilia,DF
71065,-15.8426101,-47.9757827,brasilia,DF
71070,-15.8327867,-47.9463674,brasilia,DF
71090,-15.8156132,-47.9957207,guara,DF
71100,-15.8087295,-47.9894490,brasilia,DF
71200,-15.7997099,-47.9513630,brasilia,DF
71205,-15.7955855,-47.9490044,brasilia,DF
71215,-15.8139335,-47.9470249,brasilia,DF
71218,-14.6160694,-53.1585912,brasilia,DF
71225,-15.8007968,-47.9767750,brasilia,DF
71250,-15.7786851,-48.0000229,brasilia,DF
71503,-15.7149940,-47.8857781,brasilia,DF
71505,-15.7263977,-47.8675995,brasilia,DF
71510,-15.7275678,-47.8811107,brasilia,DF
71515,-15.7441207,-47.8454034,brasilia,DF
71520,-15.7379629,-47.8656564,brasilia,DF
71525,-15.7471379,-47.8513649,brasilia,DF
71530,-15.7595290,-47.8388942,brasilia,DF
71535,-15.7572644,-47.8324142,brasilia,DF
71540,-15.7386161,-47.8805481,brasilia,DF
71570,-15.7810992,-47.7836235,brasilia,DF
71571,-15.7734139,-47.7785360,brasilia,DF
71572,-15.7682271,-47.7798859,brasilia,DF
71573,-15.7629426,-47.7800584,brasilia,DF
71596,-15.7045087,-47.8246429,brasilia,DF
71600,-15.8520508,-47.8882057,brasilia,DF
71605,-15.8576798,-47.9170718,brasilia,DF
71610,-15.8553381,-47.9217511,brasilia,DF
71615,-15.8477465,-47.8959404,brasilia,DF
71620,-15.8466660,-47.9025562,brasilia,DF
71625,-15.8360252,-47.8756700,brasilia,DF
71630,-15.8321408,-47.8755451,brasilia,DF
71635,-15.8459577,-47.8771729,brasilia,DF
71640,-15.8484869,-47.8721906,brasilia,DF
71645,-15.8641258,-47.8753807,brasilia,DF
71650,-15.8487437,-47.8563437,brasilia,DF
71655,-15.8579038,-47.8590555,brasilia,DF
71660,-15.8416233,-47.8383344,brasilia,DF
71665,-15.8357002,-47.8356135,brasilia,DF
71670,-15.8199151,-47.8147221,brasilia,DF
71675,-15.8252319,-47.8060130,brasilia,DF
71680,-15.8465159,-47.8311322,brasilia,DF
71691,-15.8801623,-47.8169594,brasilia,DF
71692,-15.9011589,-47.7784446,brasilia,DF
71693,-15.8955280,-47.7717070,brasilia,DF
71694,-15.9089555,-47.7528442,brasilia,DF
71697,-15.7941971,-47.8481012,brasilia,DF
71699,-15.7930969,-47.8516157,brasilia,DF
71705,-15.8720904,-47.9660965,brasilia,DF
71710,-15.8694437,-47.9672425,brasilia,DF
71715,-15.8715969,-47.9729676,brasilia,DF
71720,-15.8628168,-47.9559180,brasilia,DF
71725,-15.8510796,-47.9510941,brasilia,DF
71727,-15.8562094,-47.9508657,brasilia,DF
71730,-15.8321266,-47.9037611,brasilia,DF
71731,-15.8544685,-47.9340513,brasilia,DF
71735,-15.8539565,-47.9914874,brasilia,DF
71736,-15.8682429,-47.9732337,brasilia,DF
71738,-15.8722793,-47.9770640,brasilia,DF
71740,-15.8994568,-47.9678176,brasilia,DF
71741,-15.9201951,-47.9538759,brasilia,DF
71742,-15.8910738,-47.9306587,brasilia,DF
71745,-15.9079039,-47.9466544,brasilia,DF
71746,-15.9456233,-47.9686668,brasilia,DF
71750,-15.9194184,-47.9322299,brasilia,DF
71800,-15.8834547,-47.9950192,riacho fundo,DF
71805,-15.8804303,-48.0159034,brasilia,DF
71820,-15.8850340,-48.0168819,brasilia,DF
71825,-15.8875372,-48.0170718,brasilia,DF
71880,-15.9029231,-48.0458968,brasilia,DF
71881,-15.8940314,-48.0496773,brasilia,DF
71882,-15.9134119,-48.0466686,brasilia,DF
71900,-15.8324136,-48.0374553,brasilia,DF
71901,-15.8311291,-48.0159878,brasilia,DF
71904,-15.8307684,-48.0180241,brasilia,DF
71906,-15.8310180,-48.0110295,brasilia,DF
71907,-15.8238944,-47.9779060,brasilia,DF
71908,-15.8165545,-47.9429441,brasilia,DF
71909,-15.8318167,-47.9998380,brasilia,DF
71910,-15.8386666,-48.0135625,brasilia,DF
71915,-15.8398310,-47.9968719,brasilia,DF
71916,-15.8396770,-48.0140916,brasilia,DF
71917,-15.8373057,-48.0223590,brasilia,DF
71918,-15.8374542,-48.0274397,brasilia,DF
71920,-15.8301053,-48.0323489,brasilia,DF
71925,-15.8430486,-48.0084099,brasilia,DF
71926,-15.8403738,-48.0147278,brasilia,DF
71927,-15.8449347,-48.0187434,brasilia,DF
71928,-15.8453462,-48.0314238,brasilia,DF
71929,-15.8419334,-48.0083856,brasilia,DF
71930,-15.8378220,-48.0368880,brasilia,DF
71931,-15.8367934,-48.0395533,brasilia,DF
71936,-15.8400022,-48.0246753,brasilia,DF
71937,-15.8300233,-47.9804658,brasilia,DF
71938,-15.8075895,-47.9023466,brasilia,DF
71939,-15.8368138,-48.0044695,brasilia,DF
71940,-15.8473104,-47.9227768,brasilia,DF
71950,-15.8392280,-48.0436371,brasilia,DF
71955,-15.8545052,-48.0376640,brasilia,DF
71956,-15.8546459,-48.0369861,brasilia,DF
71957,-15.8537088,-48.0367962,brasilia,DF
71958,-15.8530744,-48.0360794,brasilia,DF
71959,-15.8515696,-48.0352837,brasilia,DF
71960,-15.8519682,-48.0343281,brasilia,DF
71961,-15.8545903,-48.0320003,brasilia,DF
71963,-15.8548340,-48.0333398,brasilia,DF
71964,-15.8594617,-48.0357268,brasília,DF
71965,-15.8601404,-48.0274336,brasilia,DF
71967,-15.8640742,-48.0262613,brasilia,DF
71968,-15.8648950,-48.0248008,brasilia,DF
71969,-15.8658667,-48.0257791,brasilia,DF
71972,-15.8652898,-48.0321721,taguatinga,DF
71973,-15.8607633,-48.0244520,brasília,DF
71978,-15.8617654,-47.9855160,brasilia,DF
71979,-15.8698337,-48.0191320,brasília,DF
71980,-15.8690124,-48.0177543,brasilia,DF
71981,-15.8689063,-48.0162657,brasilia,DF
71982,-15.8718651,-48.0161408,brasilia,DF
71985,-15.8748369,-48.0151207,brasilia,DF
71987,-15.8769367,-48.0162938,brasilia,DF
71988,-15.8768644,-48.0121027,brasilia,DF
71989,-15.8767913,-48.0079727,brasilia,DF
71990,-15.8751739,-48.0002910,brasilia,DF
71991,-15.8750336,-47.9977644,brasília,DF
72001,-15.7913982,-47.8569889,brasilia,DF
72003,-15.7925035,-47.8451268,brasilia,DF
72006,-15.7911547,-47.8567296,brasilia,DF
72007,-15.7748160,-48.0468055,brasília,DF
72010,-15.8320903,-48.0546683,brasilia,DF
72015,-15.8382255,-48.0534007,brasilia,DF
72016,-15.8399318,-48.0600733,brasilia,DF
72020,-15.8453750,-48.0438767,brasilia,DF
72025,-15.8593362,-48.0407812,brasilia,DF
72035,-15.8704033,-48.0348054,brasilia,DF
72110,-15.8252529,-48.0519055,brasilia,DF
72115,-15.8247372,-48.0599179,brasilia,DF
72120,-15.8080279,-48.0622752,brasilia,DF
72125,-15.8131202,-48.0677345,brasilia,DF
72130,-15.7978793,-48.0622487,brasilia,DF
72135,-15.8093728,-48.0768078,brasilia,DF
72140,-15.8142024,-48.0841852,brasilia,DF
72145,-15.8033327,-48.0979500,brasilia,DF
72146,-15.7952481,-48.1063755,brasilia,DF
72150,-15.8257636,-48.0822981,brasilia,DF
72151,-15.8264537,-48.0872086,brasilia,DF
72152,-15.8155453,-48.0910457,brasilia,DF
72153,-15.7464328,-47.9254184,brasilia,DF
72155,-15.8285588,-48.0759425,brasilia,DF
72156,-15.8200036,-48.0793571,brasilia,DF
72160,-15.8325911,-48.0879717,brasilia,DF
72161,-15.8218379,-48.0914795,brasilia,DF
72162,-15.8140208,-48.0949741,brasília,DF
72210,-15.8069861,-48.1049589,brasilia,DF
72215,-15.8273683,-48.0977755,brasilia,DF
72220,-15.8319544,-48.1077839,brasilia,DF
72225,-15.8114139,-48.1191958,brasilia,DF
72230,-15.8385240,-48.1222170,ceilandia,DF
72231,-15.8416295,-48.1146819,brasilia,DF
72233,-15.8479014,-48.1125006,brasilia,DF
72235,-15.8427965,-48.1248875,brasilia,DF
72236,-15.8494570,-48.1198608,brasilia,DF
72240,-15.8176257,-48.1269262,brasilia,DF
72241,-15.8100541,-48.1318340,brasilia,DF
72250,-15.7948334,-48.1183470,brasilia,DF
72251,-15.7889298,-48.1248147,brasilia,DF
72252,-15.8000942,-48.1261858,brasilia,DF
72255,-15.7924419,-48.1241074,brasilia,DF
72260,-15.7995471,-48.1354736,brasilia,DF
72261,-15.7909780,-48.1389090,brasilia,DF
72270,-15.8054266,-48.1438092,brasilia,DF
72275,-15.8015527,-48.1310597,brasilia,DF
72301,-15.8851314,-48.1062044,brasilia,DF
72302,-15.8719937,-48.0757927,brasilia,DF
72303,-15.8935888,-48.1245966,brasilia,DF
72304,-15.8673246,-48.0588681,brasilia,DF
72305,-15.8846962,-48.0958577,brasilia,DF
72306,-15.8774187,-48.0763602,brasilia,DF
72307,-15.8906440,-48.1078927,brasilia,DF
72308,-15.8741612,-48.0666643,brasilia,DF
72309,-15.8962806,-48.1194240,brasilia,DF
72310,-15.8822297,-48.0748903,brasilia,DF
72311,-15.8904460,-48.0979127,brasilia,DF
72312,-15.8821906,-48.0723654,brasilia,DF
72313,-15.8915967,-48.1030521,brasilia,DF
72314,-15.8795360,-48.0645674,brasilia,DF
72315,-15.8908695,-48.0961319,brasilia,DF
72316,-15.8651159,-48.0784847,brasilia,DF
72317,-15.8983555,-48.1180176,brasilia,DF
72318,-15.8622812,-48.0804450,brasilia,DF
72319,-15.8708157,-48.0964597,brasilia,DF
72320,-15.8585059,-48.0756224,brasilia,DF
72321,-15.8777848,-48.1074710,brasilia,DF
72322,-15.8586557,-48.0855751,brasilia,DF
72323,-15.8802596,-48.1146019,brasilia,DF
72325,-15.8844896,-48.1232124,brasilia,DF
72327,-15.8883724,-48.1310649,brasilia,DF
72329,-15.8937956,-48.1431148,brasilia,DF
72331,-15.8709418,-48.1076645,brasilia,DF
72333,-15.8799316,-48.1247949,brasilia,DF
72335,-15.8894017,-48.1435152,brasilia,DF
72405,-15.9852922,-48.0299075,brasilia,DF
72410,-16.0352345,-48.0634840,brasilia,DF
72415,-16.0251659,-48.0788225,brasilia,DF
72420,-16.0167684,-48.0720154,brasilia,DF
72425,-16.0240031,-48.0716502,brasilia,DF
72430,-16.0100508,-48.0660518,brasilia,DF
72445,-15.6254783,-48.6407871,brasilia,DF
72450,-16.0085118,-48.0500169,brasilia,DF
72460,-16.0229466,-48.0507182,brasilia,DF
72500,-16.0447427,-48.0379807,brasilia,DF
72501,-16.0434096,-48.0305301,brasilia,DF
72502,-16.0400010,-48.0284397,brasilia,DF
72503,-16.0368678,-48.0303551,brasilia,DF
72504,-16.0331489,-48.0292365,brasilia,DF
72506,-16.0280563,-48.0301876,brasilia,DF
72507,-16.0281834,-48.0268182,brasilia,DF
72508,-16.0254232,-48.0238416,brasilia,DF
72509,-16.0236732,-48.0217367,brasilia,DF
72510,-16.0213229,-48.0193056,brasilia,DF
72542,-16.0120899,-48.0050167,brasilia,DF
72543,-16.0104799,-48.0022685,brasilia,DF
72544,-16.0084088,-47.9995270,brasilia,DF
72545,-16.0087841,-47.9979345,brasilia,DF
72546,-16.0089917,-47.9943066,brasilia,DF
72547,-16.0075325,-47.9910098,brasilia,DF
72548,-16.0090544,-47.9875285,brasilia,DF
72592,-15.9927146,-47.9931984,brasilia,DF
72593,-15.9970007,-47.9957404,brasilia,DF
72594,-15.9966293,-48.0001702,brasilia,DF
72600,-15.9009812,-48.0643296,brasilia,DF
72601,-15.9068157,-48.0854222,brasilia,DF
72602,-15.9124088,-48.1003415,brasilia,DF
72603,-15.9233610,-48.1068758,brasilia,DF
72610,-15.9060252,-48.0634904,brasilia,DF
72620,-15.9094087,-48.0808253,brasilia,DF
72621,-15.9171341,-48.0977687,brasilia,DF
72622,-15.9245400,-48.1028235,brasilia,DF
72630,-15.9100721,-48.0596481,brasilia,DF
72631,-15.9126243,-48.0664922,brasilia,DF
72640,-15.9167522,-48.0568017,brasilia,DF
72641,-15.9181282,-48.0636096,brasilia,DF
72650,-15.9214252,-48.0527882,brasilia,DF
72660,-15.9300385,-48.1036049,brasilia,DF
72669,-15.7933633,-47.8492242,brasília,DF
72705,-15.6777827,-48.1959841,brasilia,DF
72710,-15.6921840,-48.1669011,brasilia,DF
72715,-15.6840011,-48.1947084,brasilia,DF
72720,-15.6967675,-48.1551309,brasilia,DF
72725,-15.6716964,-48.2014426,brasilia,DF
72726,-15.6673466,-48.2010722,brasilia,DF
72735,-15.6631882,-48.1939084,brasilia,DF
72736,-15.6636100,-48.1961414,brasilia,DF
72737,-15.6632461,-48.1986505,brasilia,DF
72738,-15.6625428,-48.2011485,brasilia,DF
72745,-15.6601248,-48.1933298,brasilia,DF
72746,-15.6591354,-48.1956746,brasilia,DF
72747,-15.6591095,-48.1977658,brasilia,DF
72748,-15.6593807,-48.2012000,brasilia,DF
72755,-15.6451848,-48.1796374,brasilia,DF
72800,-16.2551542,-47.9545719,luziania,GO
72801,-16.2624993,-47.9564600,luziania,GO
72803,-16.2320939,-47.9457817,luziania,GO
72804,-16.2490677,-47.9237165,luziania,GO
72805,-16.2632382,-47.9380210,luziania,GO
72806,-16.2642642,-47.9242127,luziania,GO
72810,-16.2503962,-47.9568909,luziania,GO
72811,-16.2487619,-47.9630460,luziania,GO
72812,-16.2466711,-47.9513893,luziania,GO
72813,-16.2394415,-47.9482524,luziania,GO
72814,-16.2501105,-47.9381647,luziania,GO
72815,-16.2369215,-47.9327294,luziania,GO
72820,-16.2518471,-47.9083508,luziania,GO
72822,-16.2559272,-47.9283426,luziania,GO
72823,-16.2452753,-47.8987773,luziania,GO
72830,-16.2434447,-47.9177624,luziania,GO
72831,-16.2415054,-47.9045826,luziania,GO
72834,-16.2173799,-47.9191760,luziania,GO
72836,-16.2100195,-47.9296340,luziânia,GO
72850,-16.1416627,-47.9564939,luziania,GO
72851,-16.1320463,-47.9518340,luziania,GO
72853,-16.2321229,-47.9335398,luziania,GO
72855,-16.1776387,-47.9270287,luziania,GO
72858,-16.1401119,-47.9888772,luziania,GO
72860,-16.0563207,-48.0349146,novo gama,GO
72862,-16.0692035,-48.0505417,novo gama,GO
72865,-16.0912750,-48.0317450,novo gama,GO
72870,-16.0693361,-47.9969029,valparaiso de goias,GO
72871,-16.0588337,-48.0025338,valparaiso de goias,GO
72872,-16.0877054,-47.9880341,valparaiso de goias,GO
72873,-16.0760021,-47.9722531,valparaiso de goias,GO
72874,-16.1102096,-47.9803596,valparaiso de goias,GO
72875,-16.0743615,-47.9893059,valparaiso de goias,GO
72876,-16.0774647,-47.9776087,valparaiso de goias,GO
72878,-16.0586017,-47.9793042,valparaiso de goias,GO
72879,-16.0604994,-47.9644000,valparaiso de goias,GO
72880,-16.0948720,-47.9154837,cidade ocidental,GO
72883,-16.1115100,-47.9205622,cidade ocidental,GO
72885,-16.1074617,-47.9517752,cidade ocidental,GO
72887,-16.0827450,-47.9322412,cidade ocidental,GO
72899,-21.4678291,-56.1718692,jardim abc de goias,GO
72900,-15.9950482,-48.2691975,santo antonio do descoberto,GO
72901,-15.9343172,-48.2769929,santo antonio do descoberto,GO
72902,-16.1064751,-48.4794834,santo antonio do descoberto,GO
72906,-15.9511003,-48.2646468,santo antonio do descoberto,GO
72907,-15.9569280,-48.2697073,santo antonio do descoberto,GO
72910,-15.7281578,-48.2773302,aguas lindas de goias,GO
72911,-15.7403204,-48.2442788,aguas lindas de goias,GO
72912,-15.7168470,-48.2692836,aguas lindas de goias,GO
72914,-15.7245563,-48.2771395,aguas lindas de goias,GO
72915,-15.6417706,-48.2231177,aguas lindas de goias,GO
72916,-15.7096718,-48.2725609,aguas lindas de goias,GO
72917,-15.6939923,-48.2665425,aguas lindas de goias,GO
72920,-15.7206280,-48.2861934,aguas lindas de goias,GO
72921,-15.7247600,-48.3208598,aguas lindas de goias,GO
72922,-15.7284517,-48.3173153,aguas lindas de goias,GO
72925,-15.7413812,-48.2980430,aguas lindas de goias,GO
72926,-15.7458369,-48.3080690,aguas lindas de goias,GO
72927,-15.7768508,-48.2925587,aguas lindas de goias,GO
72930,-16.0840774,-48.5067728,alexania,GO
72940,-16.1937424,-48.7095213,abadiania,GO
72960,-15.9250164,-48.8093480,corumba de goias,GO
72975,-15.7631600,-48.7447125,cocalzinho de goias,GO
72980,-15.8617281,-48.9688516,pirenopolis,GO
73005,-15.6450927,-47.7984143,brasilia,DF
73006,-15.6465883,-47.7994594,brasilia,DF
73010,-15.6504532,-47.7920215,brasilia,DF
73011,-15.6496747,-47.7898605,brasilia,DF
73015,-15.6575096,-47.7966577,brasilia,DF
73020,-15.6574481,-47.8095104,brasilia,DF
73025,-15.6524897,-47.8010630,brasilia,DF
73030,-15.6507782,-47.8083103,brasilia,DF
73035,-15.6414990,-47.8059700,brasilia,DF
73036,-15.6442245,-47.8055362,brasilia,DF
73040,-15.6445934,-47.7865273,brasilia,DF
73041,-15.6460590,-47.7860490,brasilia,DF
73045,-15.6433093,-47.7780064,brasilia,DF
73050,-15.6478959,-47.7778360,brasilia,DF
73060,-15.6408954,-47.8160420,brasilia,DF
73062,-15.6465960,-47.8237891,brasilia,DF
73063,-15.6446567,-47.8173863,brasilia,DF
73070,-15.6334567,-47.8468739,brasilia,DF
73080,-15.6338833,-47.8158449,brasilia,DF
73083,-15.7934520,-47.8458522,brasília,DF
73092,-15.6663516,-47.8243798,brasilia,DF
73100,-15.7549884,-47.8316458,brasilia,DF
73105,-15.6627547,-47.8603922,brasilia,DF
73150,-15.7914006,-47.8493651,brasilia,DF
73250,-15.5779655,-48.0073020,brasilia,DF
73251,-15.6704485,-47.8159629,sobradinho,DF
73252,-15.6886103,-47.8249356,brasilia,DF
73270,-15.7924955,-47.8504875,brasilia,DF
73320,-15.6536893,-47.6839133,brasilia,DF
73330,-15.6305110,-47.6687080,brasilia,DF
73340,-15.6062370,-47.6511050,brasilia,DF
73350,-15.6168081,-47.6470534,brasilia,DF
73355,-15.6133765,-47.6363482,brasilia,DF
73356,-15.6199210,-47.6401563,brasilia,DF
73357,-15.6182173,-47.6389369,brasilia,DF
73358,-15.6194258,-47.6380535,brasilia,DF
73360,-15.6249286,-47.6471742,brasilia,DF
73365,-15.7496900,-47.9272465,brasilia,DF
73366,-15.7486492,-47.9250662,brasilia,DF
73367,-15.7467770,-47.9229680,brasília,DF
73368,-15.7497300,-47.9271745,brasilia,DF
73370,-15.6508837,-47.6445113,brasilia,DF
73375,-15.7923372,-47.8518115,brasilia,DF
73380,-15.6120369,-47.6781337,brasilia,DF
73403,-15.7929138,-47.8556200,brasília,DF
73700,-15.1734056,-48.2837370,padre bernardo,GO
73730,-15.0584806,-48.1614321,mimoso de goias,GO
73740,-14.1522888,-48.0745417,colinas do sul,GO
73750,-15.4573713,-47.6037488,planaltina,GO
73751,-15.4358861,-47.6052780,planaltina,GO
73752,-15.4537506,-47.5997877,planaltina,GO
73753,-15.4565751,-47.6101935,planaltina,GO
73754,-15.4943500,-47.6363655,planaltina,GO
73755,-15.4824014,-47.5896350,planaltina,GO
73760,-14.7066667,-47.5230992,sao joao d'alianca,GO
73770,-14.1393173,-47.5168981,alto paraiso de goias,GO
73780,-14.9744954,-47.7843871,agua fria de goias,GO
73790,-13.7946529,-47.4583836,cavalcante,GO
73795,-13.7646761,-47.2634359,teresina de goias,GO
73801,-15.5409505,-47.3373337,formosa,GO
73802,-15.5556143,-47.3393825,formosa,GO
73803,-15.5478415,-47.3408782,formosa,GO
73804,-15.5617738,-47.3442919,formosa,GO
73805,-15.5366586,-47.3436766,formosa,GO
73807,-15.5381432,-47.3270368,formosa,GO
73808,-15.5378395,-47.3035089,formosa,GO
73809,-15.5406592,-47.3267341,formosa,GO
73813,-15.5501832,-47.3294963,formosa,GO
73814,-15.5539253,-47.2989397,formosa,GO
73820,-13.7417705,-46.8815129,nova roma,GO
73825,-15.0348866,-47.0625370,vila boa,GO
73830,-13.2628970,-46.8838871,monte alegre de goias,GO
73840,-13.0371635,-46.7696940,campos belos,GO
73850,-16.7699155,-47.6107233,cristalina,GO
73860,-13.4060637,-46.3146392,sao domingos,GO
73865,-13.2866089,-46.4139641,divinopolis de goias,GO
73870,-15.8052493,-46.9305847,cabeceiras,GO
73890,-14.4890436,-46.9895028,flores de goias,GO
73900,-14.0869733,-46.3615703,posse,GO
73910,-13.9128923,-46.4546736,guarani de goias,GO
73920,-14.1007397,-46.6342435,iaciara,GO
73930,-14.4677973,-46.4826378,simolandia,GO
73950,-14.4853391,-46.5062238,alvorada do norte,GO
73970,-14.4945911,-46.1115331,mambai,GO
73975,-14.4557648,-46.4360235,buritinopolis,GO
73980,-14.5588250,-46.1752497,damianopolis,GO
73990,-14.8035509,-46.2549982,sitio d'abadia,GO
74001,-16.6803398,-49.2544440,goiânia,GO
74003,-16.6807191,-49.2569115,goiania,GO
74005,-16.6512956,-49.2642719,goiania,GO
74010,-16.6653308,-49.2605961,goiânia,GO
74013,-16.6737426,-49.2598865,goiania,GO
74015,-16.6784960,-49.2593070,goiania,GO
74020,-16.6722783,-49.2588217,goiania,GO
74023,-16.6735186,-49.2566711,goiania,GO
74025,-16.6737856,-49.2615873,goiania,GO
74030,-16.6766263,-49.2534915,goiania,GO
74040,-16.6740444,-49.2557130,goiania,GO
74043,-16.6752168,-49.2598442,goiania,GO
74045,-16.6666685,-49.2642317,goiania,GO
74050,-16.6676783,-49.2605430,goiania,GO
74053,-16.6676476,-49.2602848,goiania,GO
74055,-16.6667500,-49.2571935,goiania,GO
74063,-16.6605416,-49.2621391,goiania,GO
74070,-16.6695687,-49.2688314,goiania,GO
74075,-16.6728333,-49.2688728,goiania,GO
74080,-16.6871751,-49.2565282,goiania,GO
74083,-16.6842160,-49.2514927,goiania,GO
74085,-16.6960962,-49.2524169,goiania,GO
74093,-16.6948204,-49.2561651,goiania,GO
74110,-16.6806777,-49.2694968,goiania,GO
74115,-16.6853548,-49.2645429,goiania,GO
74120,-16.6889053,-49.2671278,goiania,GO
74125,-16.6778256,-49.2746368,goiania,GO
74130,-16.6866656,-49.2722965,goiania,GO
74140,-16.6895123,-49.2721445,goiania,GO
74150,-16.6967277,-49.2674489,goiania,GO
74160,-16.6964469,-49.2645244,goiania,GO
74170,-16.6964478,-49.2620907,goiania,GO
74175,-16.7041737,-49.2619453,goiania,GO
74180,-16.6983006,-49.2558406,goiania,GO
74210,-16.6955090,-49.2771091,goiania,GO
74215,-16.6976121,-49.2757740,goiania,GO
74223,-16.7100221,-49.2665870,goiania,GO
74230,-16.7150241,-49.2678615,goiania,GO
74250,-16.7174140,-49.2881265,goiania,GO
74255,-16.7098913,-49.2892353,goiania,GO
74265,-16.6971885,-49.2890335,goiania,GO
74270,-16.7013483,-49.2835155,goiania,GO
74275,-16.7144684,-49.2810945,goiania,GO
74280,-16.7161078,-49.2726340,goiania,GO
74290,-16.7089742,-49.2766443,goiania,GO
74303,-16.7009363,-49.3060842,goiania,GO
74305,-16.6939448,-49.2969943,goiania,GO
74310,-16.6988913,-49.2945725,goiania,GO
74313,-16.7084985,-49.3033926,goiania,GO
74315,-16.7040031,-49.2806006,goiania,GO
74320,-16.6940716,-49.3113417,goiania,GO
74323,-16.6904376,-49.3270153,goiania,GO
74325,-16.7098386,-49.3112246,goiania,GO
74330,-16.7119638,-49.3115400,goiania,GO
74333,-16.7114621,-49.3057279,goiania,GO
74335,-16.7200890,-49.3001707,goiania,GO
74339,-16.7134520,-49.3162674,goiania,GO
74340,-16.7205646,-49.3105711,goiania,GO
74343,-16.7358806,-49.3023331,goiania,GO
74345,-16.7450247,-49.2981452,goiania,GO
74350,-16.7410473,-49.3164835,goiania,GO
74351,-16.6786338,-49.2831042,goiania,GO
74353,-16.7419386,-49.3284685,goiania,GO
74354,-16.7751674,-49.3562142,goiania,GO
74355,-16.7805933,-49.3618597,goiania,GO
74356,-16.7881260,-49.3712454,goiania,GO
74357,-16.7512170,-49.3379027,goiania,GO
74360,-16.7301859,-49.3194541,goiania,GO
74363,-16.7149934,-49.3200703,goiania,GO
74365,-16.7203383,-49.3162494,goiania,GO
74366,-16.7144650,-49.3271211,goiania,GO
74367,-16.7086349,-49.3287035,goiania,GO
74369,-16.7440277,-49.3452495,goiania,GO
74370,-16.7255250,-49.3409787,goiania,GO
74371,-16.7325444,-49.3462787,goiania,GO
74372,-16.7477480,-49.3674002,goiania,GO
74373,-16.7090251,-49.3239103,goiania,GO
74375,-16.6874217,-49.3106864,goiania,GO
74390,-16.6760136,-49.3228313,goiania,GO
74391,-16.7040464,-49.3521488,goiania,GO
74392,-16.7097624,-49.3669209,goiania,GO
74393,-16.7270165,-49.3675298,goiania,GO
74394,-16.7300190,-49.3998779,goiania,GO
74395,-16.7286306,-49.3661217,goiania,GO
74403,-16.6773500,-49.2987233,goiania,GO
74405,-16.6801703,-49.2953472,goiania,GO
74410,-16.6854107,-49.2965518,goiania,GO
74413,-16.6823598,-49.2974977,goiania,GO
74415,-16.6891858,-49.3136951,goiania,GO
74420,-16.6711131,-49.3051688,goiania,GO
74423,-16.6813341,-49.3128261,goiania,GO
74425,-16.6784603,-49.3136377,goiania,GO
74430,-16.6718193,-49.3071058,goiania,GO
74433,-16.6632139,-49.3115761,goiania,GO
74435,-16.6651657,-49.3016811,goiania,GO
74440,-16.6580195,-49.3018190,goiania,GO
74445,-16.6439786,-49.2977800,goiania,GO
74450,-16.6572503,-49.3239576,goiania,GO
74453,-16.6597962,-49.3306369,goiania,GO
74455,-16.6522494,-49.3215328,goiania,GO
74460,-16.6586088,-49.3336394,goiania,GO
74461,-16.6590752,-49.3573267,goiania,GO
74463,-16.6483021,-49.3316352,goiania,GO
74464,-16.6558619,-49.3548504,goiania,GO
74465,-16.6387941,-49.3257288,goiania,GO
74470,-16.6308144,-49.3577180,goiania,GO
74471,-16.6506699,-49.3448670,goiania,GO
74473,-16.6204978,-49.3192770,goiania,GO
74474,-16.6130329,-49.3156627,goiania,GO
74475,-16.6111837,-49.3256779,goiania,GO
74476,-16.6103276,-49.3474443,goiânia,GO
74477,-16.5898588,-49.3539331,goiania,GO
74480,-16.6121753,-49.3445046,goiania,GO
74481,-16.6007105,-49.3329857,goiania,GO
74483,-16.6859039,-49.3500671,goiania,GO
74484,-16.7008684,-49.3541680,goiania,GO
74485,-16.6770042,-49.3435247,goiania,GO
74486,-16.6793228,-49.3326320,goiania,GO
74487,-16.7037091,-49.3750347,goiania,GO
74490,-16.6851015,-49.4070328,goiania,GO
74491,-16.6756558,-49.4231871,goiania,GO
74492,-16.6772635,-49.3572228,goiania,GO
74493,-16.6613236,-49.3851159,goiania,GO
74494,-16.6865000,-49.3947016,goiania,GO
74495,-16.6765009,-49.3787160,goiania,GO
74496,-16.6511084,-49.3831957,goiania,GO
74503,-16.6709395,-49.2946899,goiania,GO
74505,-16.6678589,-49.2946058,goiania,GO
74510,-16.6632967,-49.3015981,goiania,GO
74513,-16.6740236,-49.2909194,goiania,GO
74515,-16.6728128,-49.2951735,goiania,GO
74520,-16.6661979,-49.2924094,goiania,GO
74523,-16.6596349,-49.2896426,goiania,GO
74525,-16.6690504,-49.2892697,goiania,GO
74530,-16.6806354,-49.2881406,goiania,GO
74533,-16.6812129,-49.2778834,goiania,GO
74535,-16.6804151,-49.2816194,goiania,GO
74543,-16.6700619,-49.2772134,goiania,GO
74550,-16.6642128,-49.2821053,goiania,GO
74553,-16.6716403,-49.2868562,goiania,GO
74555,-16.6550328,-49.2796900,goiania,GO
74560,-16.6593964,-49.2738080,goiania,GO
74563,-16.6510416,-49.2676096,goiania,GO
74565,-16.6405741,-49.2764833,goiania,GO
74573,-16.6385794,-49.2835834,goiania,GO
74574,-16.6460017,-49.2792154,goiania,GO
74575,-16.6511230,-49.2869415,goiania,GO
74580,-16.6500255,-49.2994864,goiania,GO
74583,-16.6363701,-49.3015026,goiania,GO
74584,-16.6287587,-49.2988281,goiania,GO
74590,-16.6125226,-49.2960913,goiania,GO
74591,-16.6171919,-49.2876408,goiania,GO
74593,-16.6200621,-49.2929412,goiania,GO
74594,-16.6216884,-49.3010290,goiania,GO
74595,-16.6259318,-49.2933770,goiania,GO
74603,-16.6817540,-49.2406745,goiania,GO
74605,-16.6769791,-49.2442508,goiania,GO
74610,-16.6746503,-49.2373080,goiania,GO
74611,-16.6751527,-49.2330280,goiania,GO
74615,-16.6774053,-49.2335425,goiania,GO
74620,-16.6665638,-49.2259597,goiania,GO
74630,-16.6627815,-49.2239067,goiania,GO
74633,-16.6675194,-49.2458530,goiania,GO
74635,-16.6607474,-49.2395992,goiania,GO
74640,-16.6672582,-49.2425909,goiania,GO
74643,-16.6705094,-49.2467633,goiania,GO
74645,-16.6644571,-49.2446928,goiania,GO
74650,-16.6549307,-49.2420793,goiania,GO
74653,-16.6567544,-49.2520318,goiania,GO
74655,-16.6531733,-49.2559451,goiania,GO
74660,-16.6479365,-49.2597655,goiania,GO
74663,-16.6323154,-49.2582796,goiania,GO
74665,-16.6214358,-49.2540869,goiania,GO
74670,-16.6397438,-49.2406749,goiania,GO
74672,-16.6325636,-49.2358634,goiania,GO
74673,-16.6485642,-49.2367499,goiania,GO
74674,-16.6405347,-49.2279539,goiania,GO
74675,-16.6213467,-49.2174237,goiania,GO
74680,-16.6237048,-49.2164801,goiania,GO
74681,-16.6223493,-49.1947272,goiania,GO
74682,-16.5076875,-49.4373240,goiania,GO
74683,-16.6118877,-49.2187568,goiania,GO
74684,-16.6002897,-49.2107311,goiania,GO
74685,-16.6286448,-49.2569956,goiania,GO
74686,-16.5561779,-49.2447860,goiania,GO
74690,-16.6371468,-49.2514327,goiania,GO
74691,-16.5901373,-49.2814948,goiania,GO
74692,-16.5840823,-49.2648683,goiania,GO
74693,-16.5430649,-49.2829000,goiania,GO
74703,-16.6632036,-49.2249322,goiania,GO
74705,-16.6709619,-49.2217079,goiania,GO
74710,-16.6748420,-49.2152241,goiania,GO
74711,-16.6707148,-49.2254150,goiania,GO
74713,-16.6751565,-49.2283343,goiania,GO
74715,-16.6896578,-49.2290258,goiania,GO
74720,-16.6860119,-49.2391987,goiania,GO
74723,-16.6957343,-49.2217185,goiania,GO
74730,-16.6933601,-49.2144607,goiania,GO
74735,-16.6822822,-49.2039999,goiania,GO
74740,-16.6919326,-49.2234326,goiania,GO
74765,-16.6483699,-49.2207377,goiania,GO
74766,-16.6670880,-49.1806100,goiania,GO
74767,-16.6679133,-49.1942718,goiania,GO
74769,-16.6458117,-49.2016638,goiania,GO
74770,-16.6573557,-49.1911579,goiania,GO
74775,-16.6512626,-49.2113047,goiania,GO
74780,-16.6514946,-49.1909462,goiania,GO
74781,-16.6517478,-49.1997439,goiania,GO
74783,-16.6470804,-49.2900200,goiania,GO
74785,-16.6453464,-49.1853546,goiania,GO
74786,-16.6449727,-49.1787651,goiania,GO
74805,-16.6911091,-49.2405406,goiania,GO
74810,-16.7019069,-49.2395763,goiania,GO
74815,-16.6995449,-49.2554372,goiania,GO
74817,-16.7132028,-49.2437714,goiânia,GO
74820,-16.7061290,-49.2487576,goiania,GO
74823,-16.7153972,-49.2596198,goiania,GO
74825,-16.7170111,-49.2536616,goiania,GO
74830,-16.7132046,-49.2623790,goiania,GO
74835,-16.7157889,-49.2740261,goiania,GO
74840,-16.7366668,-49.2776144,goiania,GO
74843,-16.7197413,-49.2939766,goiania,GO
74845,-16.7173473,-49.2428387,goiania,GO
74850,-16.7092114,-49.2384229,goiania,GO
74853,-16.7294738,-49.2477207,goiania,GO
74855,-16.7261890,-49.2259634,goiania,GO
74860,-16.7258595,-49.2244469,goiania,GO
74863,-16.7125508,-49.2573739,goiania,GO
74865,-16.7093237,-49.2253623,goiania,GO
74870,-16.7289610,-49.2180502,goiania,GO
74883,-16.6870629,-49.2268953,goiania,GO
74884,-16.7093653,-49.1975911,goiania,GO
74885,-16.6978343,-49.2472629,goiania,GO
74886,-16.7258341,-49.2122289,goiania,GO
74890,-16.7470190,-49.2013168,goiania,GO
74893,-16.7378889,-49.2019264,goiania,GO
74905,-16.7396619,-49.2583967,aparecida de goiania,GO
74910,-16.7469181,-49.2486919,aparecida de goiania,GO
74911,-16.7385825,-49.2446375,aparecida de goiania,GO
74912,-16.7398624,-49.2395717,aparecida de goiania,GO
74913,-16.7618824,-49.2592388,aparecida de goiania,GO
74914,-16.7535197,-49.2632892,aparecida de goiania,GO
74915,-16.7445764,-49.2704485,aparecida de goiania,GO
74916,-16.7523051,-49.2811262,aparecida de goiania,GO
74917,-16.7605040,-49.2722358,aparecida de goiania,GO
74919,-16.7713884,-49.2502823,aparecida de goiania,GO
74920,-16.7587552,-49.2557858,aparecida de goiania,GO
74921,-16.7577602,-49.2140155,aparecida de goiania,GO
74922,-16.7504971,-49.2245770,aparecida de goiania,GO
74923,-16.7764447,-49.2290505,aparecida de goiania,GO
74924,-16.7854230,-49.2158305,aparecida de goiania,GO
74926,-16.7566189,-49.2092775,aparecida de goiania,GO
74927,-16.7559903,-49.2058526,aparecida de goiania,GO
74930,-16.7665522,-49.3393744,aparecida de goiania,GO
74932,-16.7609888,-49.3355937,aparecida de goiania,GO
74933,-16.7549720,-49.3185933,aparecida de goiania,GO
74934,-16.7724570,-49.3125586,aparecida de goiania,GO
74935,-16.7503281,-49.2955514,aparecida de goiania,GO
74936,-16.7621331,-49.2940350,aparecida de goiania,GO
74937,-16.7731882,-49.2948073,aparecida de goiania,GO
74938,-16.7528523,-49.2876366,aparecida de goiania,GO
74940,-16.7873942,-49.2787735,aparecida de goiania,GO
74942,-16.7845407,-49.3158631,aparecida de goiania,GO
74943,-16.7764950,-49.3301161,aparecida de goiania,GO
74944,-16.7865514,-49.3275712,aparecida de goiania,GO
74945,-16.7897040,-49.3334856,aparecida de goiania,GO
74946,-16.7747897,-49.3445216,aparecida de goiania,GO
74947,-16.7976949,-49.3483236,aparecida de goiania,GO
74948,-16.8095019,-49.3497402,aparecida de goiania,GO
74950,-16.7788321,-49.2749025,aparecida de goiania,GO
74952,-16.7751954,-49.2756147,aparecida de goiania,GO
74953,-16.7846267,-49.2916315,aparecida de goiania,GO
74954,-16.7926118,-49.2783113,aparecida de goiania,GO
74955,-16.8062865,-49.2830314,aparecida de goiania,GO
74956,-16.8011065,-49.2933005,aparecida de goiania,GO
74957,-16.8065092,-49.3099851,aparecida de goiania,GO
74958,-16.8013985,-49.3186832,aparecida de goiania,GO
74959,-16.8194004,-49.3105837,aparecida de goiania,GO
74960,-16.7993451,-49.3158495,aparecida de goiania,GO
74961,-16.8113048,-49.3217437,aparecida de goiania,GO
74962,-16.8161640,-49.3413467,aparecida de goiania,GO
74963,-16.8192093,-49.3603380,aparecida de goiania,GO
74965,-16.8326410,-49.3656418,aparecida de goiânia,GO
74966,-16.8251268,-49.2973537,aparecida de goiania,GO
74967,-16.8168956,-49.2905464,aparecida de goiania,GO
74968,-16.8189528,-49.2621095,aparecida de goiania,GO
74969,-16.8160352,-49.2818627,aparecida de goiania,GO
74970,-16.8267594,-49.2857515,aparecida de goiania,GO
74971,-16.8322099,-49.2758580,aparecida de goiania,GO
74973,-16.8259945,-49.2528827,aparecida de goiania,GO
74975,-16.8383428,-49.2491939,aparecida de goiania,GO
74976,-16.8251258,-49.2416179,aparecida de goiania,GO
74980,-16.8227351,-49.2481748,aparecida de goiania,GO
74981,-16.8114350,-49.2414685,aparecida de goiania,GO
74982,-16.8006875,-49.2448691,aparecida de goiania,GO
74983,-16.7888814,-49.2441188,aparecida de goiania,GO
74984,-16.7910343,-49.2431381,aparecida de goiania,GO
74985,-16.7955448,-49.2591185,aparecida de goiania,GO
74986,-16.8155337,-49.2344753,aparecida de goiania,GO
74987,-16.8230891,-49.2340024,aparecida de goiania,GO
74988,-16.8332266,-49.2232910,aparecida de goiania,GO
74989,-16.8445289,-49.2370542,aparecida de goiania,GO
74990,-16.8280651,-49.2375913,aparecida de goiania,GO
74993,-16.8131430,-49.2193351,aparecida de goiânia,GO
75020,-16.3246234,-48.9526752,anapolis,GO
75023,-16.3340406,-48.9599824,anapolis,GO
75024,-16.3281685,-48.9592076,anapolis,GO
75025,-16.3317685,-48.9580175,anapolis,GO
75040,-16.3127242,-48.9564973,anapolis,GO
75043,-16.3261580,-48.9586674,anapolis,GO
75044,-16.3210195,-48.9658533,anapolis,GO
75045,-16.3130769,-48.9617026,anapolis,GO
75050,-16.2986703,-48.9714770,anapolis,GO
75053,-16.2883038,-48.9681746,anapolis,GO
75054,-16.2703355,-48.9766907,anapolis,GO
75060,-16.3024796,-48.9595436,anapolis,GO
75063,-16.2878486,-48.9567015,anapolis,GO
75064,-16.2897317,-48.9691448,anapolis,GO
75065,-16.2839103,-48.9646717,anapolis,GO
75066,-16.2774147,-48.9793625,anapolis,GO
75070,-16.3112146,-48.9491133,anapolis,GO
75071,-16.2807401,-48.9447718,anapolis,GO
75072,-16.2779833,-48.9351326,anapolis,GO
75073,-16.2572160,-48.9616493,anapolis,GO
75074,-16.2783399,-48.9287211,anapolis,GO
75075,-16.3026680,-48.9386460,anapolis,GO
75076,-16.3036350,-48.9266775,anapolis,GO
75080,-16.3189400,-48.9459395,anapolis,GO
75083,-16.3043433,-48.9468990,anapolis,GO
75084,-16.3107640,-48.9386099,anapolis,GO
75085,-16.2841505,-48.9219357,anapolis,GO
75090,-16.3046992,-48.8953944,anápolis,GO
75091,-16.3151242,-48.9034509,anapolis,GO
75093,-16.3195663,-48.9167938,anapolis,GO
75094,-16.3214771,-48.9304028,anapolis,GO
75095,-16.3383881,-48.9212011,anapolis,GO
75096,-16.3276446,-48.9286089,anapolis,GO
75097,-16.3227424,-48.9210957,anapolis,GO
75100,-16.3566776,-48.9402054,anapolis,GO
75101,-16.3367561,-48.9036872,anapolis,GO
75102,-16.3734409,-48.8223950,anapolis,GO
75103,-16.3506879,-48.9061246,anapolis,GO
75104,-16.3552545,-48.9125813,anapolis,GO
75105,-16.3637779,-48.9408130,anapolis,GO
75106,-16.3666189,-48.9495284,anapolis,GO
75110,-16.3332036,-48.9396296,anapolis,GO
75113,-16.3265675,-48.9415778,anapolis,GO
75114,-16.3411061,-48.9377409,anapolis,GO
75115,-16.3438950,-48.9456262,anapolis,GO
75120,-16.3422589,-48.9615880,anapolis,GO
75123,-16.3493552,-48.9554671,anapolis,GO
75124,-16.3585330,-48.9665210,anapolis,GO
75125,-16.3533658,-48.9540261,anapolis,GO
75126,-16.3375865,-48.9534885,anapolis,GO
75130,-16.3690223,-48.9666720,anapolis,GO
75131,-16.3739223,-48.9741975,anapolis,GO
75132,-16.3863841,-48.9290412,anapolis,GO
75133,-16.3813212,-48.9577563,anapolis,GO
75134,-16.3573319,-48.9824504,anapolis,GO
75135,-16.3861677,-48.9807272,anapolis,GO
75136,-16.3910644,-48.9829255,anapolis,GO
75140,-16.3316734,-48.9672059,anapolis,GO
75143,-16.3358111,-48.9724838,anapolis,GO
75144,-16.3279544,-48.9885545,anapolis,GO
75145,-16.3466513,-48.9731065,anapolis,GO
75154,-16.8699013,-49.8556019,sousania,GO
75160,-16.2953741,-49.0907042,campo limpo de goias,GO
75165,-16.2184895,-49.1963356,ouro verde de goias,GO
75170,-16.5069911,-49.0195511,goianapolis,GO
75175,-16.4809885,-49.0941557,terezopolis de goias,GO
75180,-16.6648384,-48.6111728,silvania,GO
75184,-16.4524495,-48.6992080,gameleira de goias,GO
75185,-17.0443778,-48.6666843,sao miguel do passa quatro,GO
75190,-16.6193986,-48.7517449,leopoldo de bulhoes,GO
75195,-16.6135376,-48.9637405,bonfinopolis,GO
75200,-17.3051081,-48.2821259,pires do rio,GO
75202,-18.1992445,-47.9418008,catalão,GO
75210,-17.3256170,-48.4265103,palmelo,GO
75220,-17.3060827,-48.5016891,santa cruz de goias,GO
75230,-17.1967532,-48.7057349,cristianopolis,GO
75240,-16.9707486,-48.9509974,bela vista de goias,GO
75245,-16.7142907,-49.0009402,caldazinha,GO
75250,-16.6926942,-49.1167985,senador canedo,GO
75251,-16.7131632,-49.1037523,senador canedo,GO
75254,-16.6945697,-49.1458784,senador canedo,GO
75255,-16.6717515,-49.1752284,senador canedo,GO
75256,-16.6522383,-49.1534266,senador canedo,GO
75258,-16.6754303,-49.1104976,senador canedo,GO
75259,-16.6871863,-49.1042426,senador canedo,GO
75260,-16.7202466,-48.7993378,senador canedo,GO
75261,-16.6949465,-49.1001143,senador canedo,GO
75262,-16.7028387,-49.0933668,senador canedo,GO
75263,-16.7157050,-49.0951700,senador canedo,GO
75264,-16.6888384,-49.0893813,senador canedo,GO
75265,-16.7451495,-48.5147833,vianopolis,GO
75280,-17.0321721,-48.3000177,orizona,GO
75340,-16.9625955,-49.2292601,hidrolandia,GO
75345,-16.7670629,-49.4380894,abadia de goias,GO
75350,-16.8367108,-49.5360991,guapo,GO
75355,-17.0473547,-49.6309910,varjao,GO
75360,-16.9114874,-49.4497550,aragoiania,GO
75370,-16.5132833,-49.4209505,goianira,GO
75375,-16.4935324,-49.3119839,santo antonio de goias,GO
75380,-16.6383315,-49.4249348,trindade,GO
75381,-16.5911100,-49.3967299,trindade,GO
75382,-16.6302199,-49.4063164,trindade,GO
75383,-16.6404321,-49.4160925,trindade,GO
75384,-16.6381794,-49.4379567,trindade,GO
75386,-16.6510038,-49.4696743,trindade,GO
75387,-16.6435179,-49.4813005,trindade,GO
75388,-16.6529817,-49.4833720,trindade,GO
75389,-16.6681221,-49.4854880,trindade,GO
75390,-16.6567507,-49.5078996,trindade,GO
75391,-16.6543494,-49.4983370,trindade,GO
75392,-16.6448200,-49.4880713,trindade,GO
75393,-16.6394808,-49.5019567,trindade,GO
75395,-16.4702926,-49.7597428,avelinopolis,GO
75396,-16.7626995,-49.6959006,campestre de goias,GO
75398,-16.5745545,-49.6951304,santa barbara de goias,GO
75400,-16.3612539,-49.4971428,inhumas,GO
75410,-16.3551628,-49.6835668,aracu,GO
75420,-16.2533418,-49.3683039,damolandia,GO
75430,-16.4455101,-49.4949547,caturai,GO
75440,-16.4324138,-49.3871321,brazabrantes,GO
75450,-16.2029984,-49.6077812,itaucu,GO
75455,-16.0805394,-49.4900651,santa rosa de goias,GO
75460,-16.4059223,-49.2213197,neropolis,GO
75470,-16.3728021,-49.3166666,nova veneza,GO
75480,-16.1036998,-49.3303627,petrolina de goias,GO
75490,-15.9323246,-49.2630103,sao francisco de goias,GO
75495,-15.9545046,-49.3857238,jesupolis,GO
75503,-18.4172639,-49.2167818,itumbiara,GO
75510,-18.4108630,-49.2199015,itumbiara,GO
75513,-18.4016536,-49.2163945,itumbiara,GO
75514,-18.3836028,-49.2167534,itumbiara,GO
75515,-18.3817658,-49.2142473,itumbiara,GO
75516,-18.3983752,-49.2083990,itumbiara,GO
75520,-18.3909440,-49.1977486,itumbiara,GO
75522,-18.4099365,-49.2003756,itumbiara,GO
75523,-18.4094166,-49.2063776,itumbiara,GO
75524,-18.4299771,-49.2151279,itumbiara,GO
75526,-18.4251526,-49.2281548,itumbiara,GO
75528,-18.3977798,-49.2408452,itumbiara,GO
75530,-18.4158423,-49.2271588,itumbiara,GO
75532,-18.4094375,-49.2415691,itumbiara,GO
75533,-18.4060553,-49.2460551,itumbiara,GO
75534,-18.4211070,-49.2491016,itumbiara,GO
75535,-18.4115765,-49.2667881,itumbiara,GO
75536,-18.4115262,-49.2472458,itumbiara,GO
75550,-18.4868583,-49.9921639,inaciolandia,GO
75555,-17.7332773,-49.8048926,vicentinopolis,GO
75560,-18.4936158,-49.4909338,cachoeira dourada,GO
75570,-18.2159636,-49.7382506,bom jesus,GO
75580,-18.1826680,-49.3534766,panama,GO
75600,-18.0104146,-49.3792121,goiatuba,GO
75603,-17.8138788,-50.1633196,porteirao,GO
75610,-17.8057985,-49.6216128,joviania,GO
75615,-17.7296026,-49.4775993,aloandia,GO
75620,-17.5181388,-49.4504106,pontalina,GO
75630,-17.2973014,-49.4923034,mairipotaba,GO
75635,-17.2890322,-49.3753340,crominia,GO
75640,-17.3034991,-49.0263688,piracanjuba,GO
75645,-17.2530693,-49.2451452,professor jamil,GO
75650,-17.7338964,-49.1159089,morrinhos,GO
75660,-18.1345040,-49.0412619,buriti alegre,GO
75665,-18.0763224,-48.7616043,agua limpa,GO
75670,-17.9795619,-48.6449842,marzagao,GO
75680,-18.1422596,-48.5635323,corumbaiba,GO
75690,-17.7394238,-48.6198526,caldas novas,GO
75695,-17.7989378,-48.7630576,rio quente,GO
75701,-18.1711551,-47.9467782,catalao,GO
75702,-18.1618339,-47.9528527,catalao,GO
75703,-18.1594336,-47.9405495,catalao,GO
75704,-18.1586323,-47.9352912,catalao,GO
75705,-18.1450901,-47.9257583,catalao,GO
75706,-18.1624009,-47.9229183,catalao,GO
75707,-18.1699315,-47.9355123,catalao,GO
75708,-18.1702701,-47.9225028,catalao,GO
75709,-18.1791420,-47.9460135,catalao,GO
75710,-18.2185365,-47.9391914,catalao,GO
75711,-18.1689306,-47.9702286,catalao,GO
75712,-18.1648871,-47.9583592,catalao,GO
75713,-18.1666617,-47.9547497,catalao,GO
75714,-17.8314206,-47.4781850,santo antonio do rio verde,GO
75715,-18.2328939,-47.8342638,ouvidor,GO
75720,-18.3613932,-47.7792586,tres ranchos,GO
75730,-18.1541809,-47.5613516,davinopolis,GO
75740,-18.1340855,-48.0869719,goiandira,GO
75750,-18.0585837,-48.2559396,nova aurora,GO
75760,-18.2647544,-48.1497935,cumari,GO
75770,-18.3398325,-48.2193715,anhanguera,GO
75780,-17.7087821,-48.1503398,ipameri,GO
75790,-17.4649617,-48.2021443,urutai,GO
75795,-17.6344018,-47.7765889,campo alegre de goias,GO
75800,-17.8843373,-51.7169900,jatai,GO
75801,-17.8952164,-51.7155658,jatai,GO
75802,-17.9000960,-51.7310481,jatai,GO
75803,-17.8890455,-51.7333744,jatai,GO
75804,-17.8762855,-51.7309700,jatai,GO
75805,-17.8737425,-51.7264550,jatai,GO
75806,-17.8649373,-51.7136192,jatai,GO
75807,-17.8793932,-51.7055094,jatai,GO
75810,-18.7632199,-51.3466811,itaruma,GO
75813,-18.5666491,-51.1350075,cacu,GO
75814,-18.5567269,-51.1353920,cacu,GO
75815,-19.0652470,-51.5485501,itaja,GO
75819,-19.1829938,-51.3989827,lagoa santa,GO
75820,-18.3069900,-51.9582348,serranopolis,GO
75822,-18.3116212,-51.9540971,serranopolis,GO
75823,-17.5284483,-52.0644993,perolandia,GO
75825,-18.9626284,-51.9269416,apore,GO
75827,-18.2885487,-51.1579963,aparecida do rio doce,GO
75828,-18.3973328,-52.6625648,chapadao do ceu,GO
75830,-17.5570907,-52.5503199,mineiros,GO
75831,-17.5608621,-52.5596551,mineiros,GO
75832,-17.5546025,-52.5496809,mineiros,GO
75833,-17.5550751,-52.5495561,mineiros,GO
75834,-17.5421506,-52.5430458,mineiros,GO
75835,-17.3547962,-52.6791872,portelandia,GO
75836,-17.5694651,-52.5362471,mineiros,GO
75837,-17.5542805,-52.5429135,mineiros,GO
75838,-17.5795391,-52.5490040,mineiros,GO
75840,-17.3193196,-53.1939943,santa rita do araguaia,GO
75843,-17.3571623,-52.6782640,portelandia,GO
75845,-16.7447304,-51.5294631,palestina de goias,GO
75850,-16.9568048,-51.8135556,caiaponia,GO
75855,-16.7278492,-52.3208104,doverlandia,GO
75860,-18.4460144,-50.4515407,quirinopolis,GO
75865,-18.4393886,-50.1384017,gouvelandia,GO
75870,-18.7311168,-50.9550876,cachoeira alta,GO
75880,-18.9032574,-50.6496406,paranaiguara,GO
75890,-18.9997819,-50.5504618,sao simao,GO
75893,-17.9229652,-49.9584594,itaguacu,GO
75900,-17.8670227,-50.8271205,rio verde,GO
75901,-17.8045007,-50.9164947,rio verde,GO
75902,-17.7983934,-50.9223864,rio verde,GO
75903,-17.7828671,-50.9181769,rio verde,GO
75904,-17.7774960,-50.9047239,rio verde,GO
75905,-17.7995414,-50.8938124,rio verde,GO
75906,-17.8041231,-50.9213739,rio verde,GO
75907,-17.8140200,-50.9349239,rio verde,GO
75908,-17.8000970,-50.9464858,rio verde,GO
75909,-17.7787925,-50.9647570,rio verde,GO
75910,-17.7557459,-50.9119517,rio verde,GO
75911,-17.8138396,-50.8637406,rio verde,GO
75912,-17.8585503,-50.9616090,rio verde,GO
75913,-17.8066756,-50.9266132,rio verde,GO
75914,-18.1001477,-50.5614002,ouroana,GO
75915,-17.4187797,-51.1857860,montividiu,GO
75920,-17.8131303,-50.5964449,santa helena de goias,GO
75925,-18.0890776,-50.2215934,castelandia,GO
75930,-17.9785768,-50.3401644,maurilandia,GO
75935,-17.5595459,-50.6360727,santo antonio da barra,GO
75940,-17.3391938,-49.9290040,edeia,GO
75945,-17.4219313,-49.6805140,edealina,GO
75950,-17.0798452,-50.1602876,jandaia,GO
75955,-17.1447275,-49.9916412,indiara,GO
75960,-17.3983324,-50.3730148,acreuna,GO
75970,-17.8523123,-50.3057874,turvelandia,GO
75980,-16.9664591,-50.4610190,parauna,GO
75985,-16.8190734,-50.4079696,sao joao da parauna,GO
75990,-16.7933982,-50.1622222,palminopolis,GO
76100,-16.5128802,-50.3749430,sao luis de montes belos,GO
76105,-16.5795542,-50.3057206,firminopolis,GO
76110,-16.6089374,-50.1340947,turvania,GO
76120,-16.6800505,-50.4652607,aurilandia,GO
76125,-16.6674754,-50.6458184,cachoeira de goias,GO
76130,-16.6082437,-50.7907120,ivolandia,GO
76135,-16.5435956,-50.7397616,moipora,GO
76140,-16.6197990,-51.0958007,amorinopolis,GO
76145,-16.2945313,-50.5493038,corrego do ouro,GO
76150,-16.1247031,-50.2134093,mossamedes,GO
76152,-16.1832720,-50.4341723,buriti de goias,GO
76155,-16.4162630,-50.1676022,adelandia,GO
76160,-16.2014159,-50.3119948,sanclerlandia,GO
76165,-16.2535882,-49.9815690,americano do brasil,GO
76170,-16.4598406,-49.9608146,anicuns,GO
76180,-16.5808992,-49.8829212,nazario,GO
76190,-16.8065805,-49.9221374,palmeiras de goias,GO
76195,-16.9792585,-49.7708160,cezarina,GO
76200,-16.4390209,-51.1166560,ipora,GO
76205,-16.3153155,-50.9046788,israelandia,GO
76210,-16.1835392,-50.9532499,jaupaci,GO
76220,-16.1817032,-50.7889203,fazenda nova,GO
76230,-16.4326353,-51.8175995,piranhas,GO
76235,-16.3854896,-51.5595668,arenopolis,GO
76240,-15.9108360,-52.2325120,aragarcas,GO
76244,-15.8972445,-52.2338655,aragarças,GO
76245,-16.2017428,-52.1745548,bom jardim de goias,GO
76250,-16.2003755,-52.5441477,baliza,GO
76255,-16.0044469,-51.3940971,montes claros de goias,GO
76260,-16.2340174,-51.2580953,diorama,GO
76265,-15.7694113,-51.1025744,santa fe de goias,GO
76270,-15.8653306,-50.8732909,jussara,GO
76280,-15.2434766,-51.1643308,britania,GO
76285,-16.0347888,-50.7121083,novo brasil,GO
76290,-15.8184868,-50.6177352,itapirapua,GO
76293,-17.8049082,-50.9234496,jacilandia,GO
76300,-15.3036393,-49.6072200,ceres,GO
76304,-15.1730986,-49.6720872,ipiranga de goias,GO
76305,-15.1490760,-49.5742000,nova gloria,GO
76310,-15.3173116,-49.5804255,rialma,GO
76315,-15.4483404,-49.5116198,rianapolis,GO
76320,-15.3022998,-49.4239047,santa isabel,GO
76330,-15.7491871,-49.3321053,jaragua,GO
76335,-15.5149130,-49.6794225,uruana,GO
76340,-15.3568951,-49.7023552,carmo do rio verde,GO
76343,-15.3506849,-49.8192362,sao patricio,GO
76345,-15.0220669,-49.8933981,nova america,GO
76350,-15.1639859,-49.8037609,rubiataba,GO
76355,-15.3154970,-50.0580396,morro agudo de goias,GO
76360,-14.9583437,-49.5488723,itapaci,GO
76365,-14.8632452,-49.3285949,sao luiz do norte,GO
76370,-14.7637069,-49.5798962,pilar de goias,GO
76372,-14.7630793,-49.5783391,pilar de goias,GO
76374,-14.7329580,-49.7043264,guarinos,GO
76375,-14.7220331,-49.4688721,hidrolina,GO
76380,-15.3182956,-49.1211838,goianesia,GO
76381,-15.3054427,-49.1162221,goianésia,GO
76382,-15.3297649,-49.1178928,goianesia,GO
76383,-15.3372526,-49.1039092,goianesia,GO
76385,-15.2442928,-49.1873853,goianesia,GO
76386,-15.8484904,-49.1799321,goianesia,GO
76387,-15.3034783,-49.1264386,goianesia,GO
76388,-15.3150545,-49.1348710,goianesia,GO
76390,-14.9658736,-48.9191857,barro alto,GO
76393,-15.3424101,-48.8480699,vila propicio,GO
76395,-14.9133450,-49.0596785,santa rita do novo destino,GO
76400,-14.5184748,-49.1420971,uruacu,GO
76410,-14.3127475,-49.1536876,campinorte,GO
76420,-14.4698447,-48.4569499,niquelandia,GO
76440,-13.8054945,-48.5666698,campinacu,GO
76450,-13.5285570,-48.2210959,minacu,GO
76460,-13.5102377,-48.7430342,trombas,GO
76465,-13.3528434,-48.6905624,montividiu do norte,GO
76470,-13.6581559,-48.8775074,formoso,GO
76480,-13.6970858,-49.0145003,santa tereza de goias,GO
76485,-13.8696157,-49.0690060,estrela do norte,GO
76490,-14.0181370,-49.1783638,mara rosa,GO
76493,-13.9024552,-49.4040265,amaralina,GO
76495,-14.2876323,-49.3886688,nova iguacu de goias,GO
76500,-14.4307337,-49.7106029,santa terezinha de goias,GO
76510,-14.5405766,-49.9690173,crixas,GO
76515,-14.2613935,-49.6569819,campos verdes,GO
76520,-14.0945305,-50.3435023,nova crixas,GO
76523,-14.0991099,-50.3298865,nova crixás,GO
76525,-14.2842407,-49.9182226,uirapuru,GO
76530,-13.7730884,-50.2783098,mundo novo,GO
76540,-13.7281561,-49.2825587,mutunopolis,GO
76550,-13.4389205,-49.1465585,porangatu,GO
76555,-13.6495762,-49.8304089,bonopolis,GO
76560,-14.1943802,-49.3401556,alto horizonte,GO
76580,-13.2407249,-49.5085188,novo planalto,GO
76590,-13.2567794,-50.1637977,sao miguel do araguaia,GO
76600,-15.9386060,-50.1427808,goias,GO
76630,-16.0238211,-49.8003564,itaberai,GO
76640,-16.0532821,-49.6022611,taquaral de goias,GO
76650,-15.9206509,-49.6047302,itaguari,GO
76660,-15.7616283,-49.6335659,itaguaru,GO
76670,-15.7199878,-49.8264684,heitorai,GO
76680,-15.5606052,-49.9471406,itapuranga,GO
76690,-15.6319432,-50.0303367,guaraita,GO
76700,-14.7512739,-50.5681646,mozarlandia,GO
76710,-14.9250819,-51.0795433,aruana,GO
76720,-15.0984257,-50.6175153,araguapaz,GO
76730,-15.4444963,-50.7233892,matrincha,GO
76740,-15.4416647,-50.3769016,faina,GO
76801,-8.7527439,-63.9055119,porto velho,RO
76802,-8.7355489,-63.9049630,porto velho,RO
76803,-8.7424212,-63.8956464,porto velho,RO
76804,-8.7661945,-63.8935655,porto velho,RO
76805,-8.7797201,-63.9077524,porto velho,RO
76806,-8.7814991,-63.8796350,porto velho,RO
76807,-8.7911997,-63.8845371,porto velho,RO
76808,-8.7938234,-63.8889092,porto velho,RO
76810,-9.0575272,-64.5296519,porto velho,RO
76811,-8.7986742,-63.8634750,porto velho,RO
76812,-8.7757669,-63.8585134,porto velho,RO
76813,-8.7747027,-63.8255462,porto velho,RO
76814,-8.7805777,-63.8024635,porto velho,RO
76815,-8.8004846,-63.7198160,porto velho,RO
76817,-8.8079594,-63.8060546,porto velho,RO
76820,-8.7572203,-63.8749300,porto velho,RO
76821,-8.7381754,-63.8768658,porto velho,RO
76822,-8.7229448,-63.8761581,porto velho,RO
76824,-8.7478438,-63.8567148,porto velho,RO
76825,-8.7446398,-63.8429899,porto velho,RO
76828,-8.7576702,-63.8206745,porto velho,RO
76829,-8.7655440,-63.8431652,porto velho,RO
76840,-9.1173955,-64.2554053,jaci parana,RO
76842,-9.2952849,-64.5480308,mutum parana,RO
76846,-9.6560829,-65.7381494,vista alegre do abuna,RO
76847,-11.2086145,-61.5886291,extrema,RO
76848,-9.7634158,-66.6194251,nova california,RO
76850,-10.7770608,-65.3220771,guajara-mirim,RO
76857,-10.4013318,-65.2672107,nova mamore,RO
76860,-8.8227490,-63.6493490,candeias do jamari,RO
76861,-9.1853403,-63.1872470,itapua do oeste,RO
76862,-9.7187386,-63.3249353,alto paraiso,RO
76863,-9.7066598,-62.8999874,rio crespo,RO
76864,-9.3619501,-62.5835499,cujubim,RO
76866,-10.2467874,-62.3496210,theobroma,RO
76867,-9.8577745,-62.1743612,vale do anari,RO
76868,-9.4209852,-62.0124292,machadinho d'oeste,RO
76870,-9.9105983,-63.0402343,ariquemes,RO
76871,-9.8914102,-63.0421478,ariquemes,RO
76872,-9.9031470,-63.0337316,ariquemes,RO
76873,-9.9085030,-63.0268145,ariquemes,RO
76874,-9.8904125,-63.0221843,ariquemes,RO
76875,-9.9100533,-63.0141392,ariquemes,RO
76876,-9.9266690,-63.0362819,ariquemes,RO
76877,-9.8990652,-63.0616721,ariquemes,RO
76880,-10.2070441,-63.8310889,buritis,RO
76887,-10.5205499,-63.6930944,campo novo de rondonia,RO
76888,-10.2561832,-63.3076151,monte negro,RO
76889,-10.3385452,-62.9076431,cacaulandia,RO
76890,-10.4369600,-62.4732497,jaru,RO
76898,-10.6100656,-62.7922970,governador jorge teixeira,RO
76900,-10.8772222,-61.9584151,ji-parana,RO
76901,-10.8709662,-61.9757516,ji-parana,RO
76904,-10.8419168,-61.9930618,ji-parana,RO
76906,-10.8561439,-61.9554326,ji-parana,RO
76907,-10.8669422,-61.9505815,ji-parana,RO
76908,-10.8844500,-61.9215110,ji-parana,RO
76909,-10.8782135,-61.9022576,ji-parana,RO
76912,-10.8981374,-61.8931822,ji-paraná,RO
76913,-10.8985337,-61.9152439,ji-parana,RO
76914,-10.8941141,-61.9329286,ji-paraná,RO
76916,-11.1704572,-61.9058322,presidente medici,RO
76919,-11.1894197,-61.5246435,ministro andreazza,RO
76920,-10.7157512,-62.2561393,ouro preto do oeste,RO
76923,-10.4166373,-62.1276623,vale do paraiso,RO
76924,-10.9143718,-62.5537530,nova uniao,RO
76926,-11.0292511,-62.6697260,mirante da serra,RO
76928,-10.9327885,-62.2564677,teixeiropolis,RO
76929,-11.1299709,-62.3696121,urupa,RO
76930,-11.3494707,-62.2869732,alvorada d'oeste,RO
76932,-11.6955179,-62.7175041,sao miguel do guapore,RO
76934,-11.7789790,-63.0395598,seringueiras,RO
76935,-12.0645622,-63.5742686,sao francisco do guapore,RO
76937,-12.3507033,-64.2054345,costa marques,RO
76940,-11.7224541,-61.7770363,rolim de moura,RO
76948,-11.4280807,-61.9510252,castanheiras,RO
76950,-11.9051110,-61.7805171,santa luzia d'oeste,RO
76952,-12.1340286,-61.8569813,alto alegre dos parecis,RO
76954,-11.9445840,-61.9988254,alta floresta d'oeste,RO
76956,-11.7116295,-62.0120061,novo horizonte do oeste,RO
76958,-11.7258755,-62.3169929,nova brasilandia d'oeste,RO
76960,-11.4254654,-61.4719276,cacoal,RO
76961,-11.4270630,-61.4678624,cacoal,RO
76962,-11.4285288,-61.4594645,cacoal,RO
76963,-11.4310308,-61.4444110,cacoal,RO
76964,-11.4377328,-61.4434104,cacoal,RO
76965,-11.4352307,-61.4334765,cacoal,RO
76966,-11.4383475,-61.4299725,cacoal,RO
76967,-11.4427687,-61.4502732,cacoal,RO
76970,-11.6875729,-61.1712460,pimenta bueno,RO
76974,-11.5266204,-61.0147426,espigao do oeste,RO
76976,-11.8396416,-61.3189437,primavera de rondonia,RO
76977,-11.9102637,-61.5124297,sao felipe d'oeste,RO
76979,-12.1814612,-61.6012569,parecis,RO
76980,-12.7334123,-60.1483545,vilhena,RO
76981,-12.7409556,-60.1470706,vilhena,RO
76982,-12.7229423,-60.1359500,vilhena,RO
76983,-12.7202532,-60.1452839,vilhena,RO
76985,-12.7345960,-60.1132870,vilhena,RO
76987,-12.7419330,-60.1161125,vilhena,RO
76988,-12.7461582,-60.1324709,vilhena,RO
76990,-12.5541555,-60.9044207,chupinguaia,RO
76993,-13.1222411,-60.5421761,colorado do oeste,RO
76994,-13.4868524,-60.5378829,cabixi,RO
76995,-12.9974527,-60.9450547,corumbiara,RO
76997,-13.1926648,-60.8231111,cerejeiras,RO
76999,-13.4810254,-61.0464731,pimenteiras do oeste,RO
77001,-10.1685061,-48.3409090,palmas,TO
77002,-10.1627036,-48.3434460,palmas,TO
77006,-10.1753094,-48.3191730,palmas,TO
77015,-10.1992001,-48.3450364,palmas,TO
77016,-10.2172940,-48.3463085,palmas,TO
77017,-10.1849609,-48.3448406,palmas,TO
77018,-10.2462454,-48.3464427,palmas,TO
77019,-10.2567251,-48.3378734,palmas,TO
77020,-10.1894070,-48.3205932,palmas,TO
77021,-10.2051969,-48.3237957,palmas,TO
77022,-10.2195556,-48.3235596,palmas,TO
77023,-10.2330404,-48.3221322,palmas,TO
77024,-10.2543099,-48.3230010,palmas,TO
77025,-10.2688858,-48.3223285,palmas,TO
77026,-10.1542280,-48.3145020,palmas,TO
77059,-10.2934783,-48.3171505,palmas,TO
77060,-10.3177731,-48.3029013,palmas,TO
77062,-10.3154818,-48.3182336,palmas,TO
77063,-10.3291537,-48.3231675,palmas,TO
77064,-10.3378222,-48.2931700,palmas,TO
77066,-10.3416828,-48.2819355,palmas,TO
77080,-10.3168725,-48.1546053,palmas,TO
77300,-11.6270338,-46.8215470,dianopolis,TO
77303,-11.3716312,-46.8218153,rio da conceicao,TO
77305,-12.2077351,-47.2984950,conceicao do tocantins,TO
77308,-12.1923171,-46.9915461,taipas do tocantins,TO
77310,-11.5678926,-47.1683104,almas,TO
77315,-12.0891990,-46.4791924,ponte alta do bom jesus,TO
77318,-11.8195608,-46.6252181,novo jardim,TO
77320,-12.3986049,-46.4392654,taguatinga,TO
77325,-12.7107104,-46.4054351,aurora do tocantins,TO
77330,-12.9206995,-46.9500812,arraias,TO
77350,-12.8154048,-46.5501303,combinado,TO
77353,-12.9143089,-46.5739454,novo alegre,TO
77360,-12.6168038,-47.8757874,parana,TO
77365,-13.0428189,-48.4057977,palmeiropolis,TO
77368,-12.7489303,-48.2378373,sao salvador do tocantins,TO
77370,-11.7132848,-47.7215057,natividade,TO
77375,-11.4481223,-48.1145069,santa rosa do tocantins,TO
77378,-11.6178104,-47.7510378,chapada da natividade,TO
77380,-11.1438865,-47.5751358,pindorama do tocantins,TO
77390,-11.9734367,-48.2342287,sao valerio da natividade,TO
77395,-11.5624632,-47.0485303,porto alegre do tocantins,TO
77402,-11.7262795,-49.0735758,gurupi,TO
77403,-11.7288814,-49.0737449,gurupi,TO
77405,-11.7293066,-49.0667348,gurupi,TO
77410,-11.7296773,-49.0614273,gurupi,TO
77411,-11.7378518,-49.0482689,gurupi,TO
77413,-11.7234181,-49.0734911,gurupi,TO
77415,-11.7572614,-49.0691643,gurupi,TO
77416,-11.7196090,-49.0863484,gurupi,TO
77420,-11.7176528,-49.0682885,gurupi,TO
77423,-11.7273292,-49.0636042,gurupi,TO
77425,-11.7319701,-49.0943924,gurupi,TO
77426,-11.7324075,-49.0664039,gurupi,TO
77430,-11.7190952,-49.0947004,gurupi,TO
77433,-11.7363848,-49.0706715,gurupi,TO
77435,-11.7251642,-49.0792497,gurupi,TO
77440,-11.7081616,-49.0420581,gurupi,TO
77444,-11.7089390,-49.0555390,gurupi,TO
77450,-12.6578900,-48.5991023,jau do tocantins,TO
77453,-11.9050194,-49.1662232,cariri do tocantins,TO
77455,-11.3050185,-48.9372103,alianca do tocantins,TO
77458,-11.9876736,-48.9111467,sucupira,TO
77460,-12.0329182,-48.5398781,peixe,TO
77463,-11.1032236,-48.9183914,crixas do tocantins,TO
77465,-12.1354283,-49.1599145,figueiropolis,TO
77470,-11.8122247,-49.5448859,formoso do araguaia,TO
77475,-12.9279708,-49.8262730,araguacu,TO
77478,-12.5392197,-49.9266033,sandolandia,TO
77480,-12.4786694,-49.1229048,alvorada,TO
77483,-12.7994010,-49.0919100,talisma,TO
77485,-11.3413874,-49.2668579,duere,TO
77490,-10.6029578,-49.1954371,cristalandia,TO
77493,-10.7953303,-49.6272266,lagoa da confusao,TO
77495,-10.5653905,-48.9124505,nova rosalandia,TO
77500,-10.7054255,-48.4062677,porto nacional,TO
77555,-10.7583220,-48.9026054,fatima,TO
77558,-10.7070886,-48.9056176,oliveira de fatima,TO
77560,-11.0179620,-48.5705323,brejinho de nazare,TO
77570,-10.4417968,-49.1779761,pium,TO
77580,-11.1625280,-48.1412250,silvanopolis,TO
77585,-10.7633983,-48.1038390,monte do carmo,TO
77590,-10.7448606,-47.5363676,ponte alta do tocantins,TO
77593,-10.5460620,-46.4191974,mateiros,TO
77600,-10.1745065,-48.8884452,paraiso do tocantins,TO
77603,-10.4214990,-48.9256910,pugmil,TO
77610,-9.9655579,-47.6775208,novo acordo,TO
77613,-10.2957138,-47.5637295,lagoa do tocantins,TO
77615,-10.2833614,-47.8090072,santa tereza do tocantins,TO
77620,-9.9504098,-47.9752717,aparecida do rio negro,TO
77630,-9.5949451,-46.6751298,lizarda,TO
77635,-9.3471386,-47.8957663,rio sono,TO
77640,-9.5675527,-48.3753798,tocantinia,TO
77645,-9.7537030,-48.3557783,lajeado,TO
77650,-9.5722527,-48.4096353,miracema do tocantins,TO
77655,-9.3428956,-48.5355171,rio dos bois,TO
77660,-9.5349606,-48.5910473,miranorte,TO
77665,-9.8355477,-48.7260559,barrolandia,TO
77670,-9.8008859,-49.2150576,divinopolis do tocantins,TO
77673,-9.9808657,-49.0296990,monte santo do tocantins,TO
77675,-9.7966452,-49.6572018,marianopolis do tocantins,TO
77680,-9.2714985,-49.9566976,caseara,TO
77685,-9.2581795,-49.0652474,dois irmaos do tocantins,TO
77690,-8.8147150,-49.5565634,araguacema,TO
77693,-9.6224427,-49.1497203,abreulândia,TO
77695,-8.7740336,-48.9350659,goianorte,TO
77700,-8.8397519,-48.5085167,guarai,TO
77704,-8.9715294,-48.1882609,tupirama,TO
77708,-9.0731911,-48.5224729,fortaleza do tabocao,TO
77710,-9.0086810,-48.1453376,pedro afonso,TO
77714,-8.9655460,-48.1656669,bom jesus do tocantins,TO
77716,-8.7750356,-47.7493929,santa maria do tocantins,TO
77718,-8.3843465,-48.1083226,itapiratins,TO
77720,-8.3994591,-47.7659274,itacaja,TO
77723,-8.9584672,-47.3371136,centenario,TO
77725,-8.7417318,-48.7532031,colmeia,TO
77730,-8.5962535,-48.9344944,pequizeiro,TO
77733,-8.7231876,-47.2225316,recursolandia,TO
77735,-8.3684019,-48.4831980,brasilândia do tocantins,TO
77740,-8.5714265,-48.6893961,itapora do tocantins,TO
77745,-8.5310842,-48.5072211,presidente kennedy,TO
77750,-8.3658620,-49.1683106,couto de magalhaes,TO
77753,-8.1192909,-49.1010242,juarina,TO
77755,-7.8922216,-48.9044460,bernardo sayao,TO
77760,-8.0579111,-48.4798113,colinas do tocantins,TO
77770,-7.7120593,-47.3161279,goiatins,TO
77777,-7.9888595,-46.8014501,campos lindos,TO
77780,-7.6566708,-49.0643015,arapoema,TO
77783,-7.7595978,-48.5780856,bandeirantes do tocantins,TO
77785,-7.5417477,-49.3695107,pau d'arco,TO
77790,-7.6300786,-48.4230101,nova olinda,TO
77795,-7.3393784,-47.4932904,filadelfia,TO
77803,-7.1935009,-48.2090746,araguaina,TO
77804,-7.1890787,-48.2076626,araguaina,TO
77805,-7.1915089,-48.2094958,araguaina,TO
77807,-7.1975479,-48.1987147,araguaina,TO
77808,-7.2086318,-48.1860374,araguaina,TO
77809,-7.2080608,-48.2028796,araguaina,TO
77813,-7.2005864,-48.2100072,araguaina,TO
77814,-7.2214064,-48.2390135,araguaina,TO
77815,-7.2117992,-48.2245792,araguaina,TO
77816,-7.2021886,-48.2325150,araguaina,TO
77817,-7.1976942,-48.2241973,araguaina,TO
77818,-7.1938656,-48.2245591,araguaina,TO
77820,-7.1996989,-48.2184706,araguaina,TO
77823,-7.1850117,-48.2146593,araguaina,TO
77824,-7.1832681,-48.2052022,araguaina,TO
77825,-7.1724542,-48.2018814,araguaina,TO
77826,-7.1913859,-48.1930504,araguaina,TO
77827,-7.1886594,-48.1928185,araguaina,TO
77828,-7.2024271,-48.1756231,araguaina,TO
77829,-7.2233320,-48.2380478,araguaina,TO
77840,-7.0351352,-48.3961999,carmolandia,TO
77845,-7.1689839,-48.5303376,aragominas,TO
77848,-7.1456359,-48.7166633,santa fe do araguaia,TO
77850,-7.1423963,-48.6071882,muricilandia,TO
77855,-6.6683241,-48.5770563,araguana,TO
77860,-6.8506385,-47.9653036,wanderlandia,TO
77870,-7.2036422,-47.7587580,babaculandia,TO
77880,-6.4180476,-48.5329597,xambioa,TO
77885,-6.4350213,-47.6728639,santa terezinha do tocantins,TO
77890,-6.3691058,-48.0732415,ananas,TO
77895,-6.3755667,-47.6625827,nazare,TO
77900,-6.3257576,-47.4308996,tocantinopolis,TO
77903,-6.1917351,-47.8550058,luzinopolis,TO
77905,-6.3928158,-47.8661072,angico,TO
77908,-6.5612336,-47.4745891,aguiarnopolis,TO
77910,-6.7087796,-47.7511193,darcinopolis,TO
77913,-6.6137100,-47.5642673,palmeiras do tocantins,TO
77915,-6.1200116,-47.9203258,cachoeirinha,TO
77918,-5.9542930,-47.5073261,maurilandia do tocantins,TO
77920,-5.7748204,-47.4799684,itaguatins,TO
77925,-5.5540649,-47.5773138,sao miguel do tocantins,TO
77930,-5.6286343,-47.7681901,axixa do tocantins,TO
77940,-5.6073528,-47.6491731,sitio novo do tocantins,TO
77950,-5.6502807,-48.1212837,araguatins,TO
77958,-6.0104877,-47.9162329,sao bento do tocantins,TO
77960,-5.4683437,-47.8883055,augustinopolis,TO
77970,-5.4227038,-47.8093464,praia norte,TO
77980,-5.3527408,-47.8750631,sampaio,TO
77990,-5.2722995,-48.2164328,sao sebastiao do tocantins,TO
77993,-5.3639205,-48.5421150,esperantina,TO
77995,-5.3212052,-48.2111124,buriti do tocantins,TO
78000,-15.6495323,-56.0329012,cuiaba,MT
78005,-15.5923788,-56.0932826,cuiaba,MT
78008,-15.5918165,-56.0828956,cuiaba,MT
78010,-15.6020825,-56.0831632,cuiaba,MT
78015,-15.6087474,-56.0862878,cuiaba,MT
78020,-15.6028816,-56.1028606,cuiaba,MT
78025,-15.6085618,-56.0994671,cuiaba,MT
78028,-15.6140527,-56.1272375,cuiaba,MT
78030,-15.6065460,-56.1216030,cuiaba,MT
78031,-15.6033973,-56.1148624,cuiaba,MT
78032,-15.5979787,-56.1071310,cuiaba,MT
78035,-15.5957602,-56.1261667,cuiaba,MT
78040,-15.5805445,-56.1143254,cuiaba,MT
78042,-15.5920119,-56.1186003,cuiabá,MT
78043,-15.5855597,-56.1077320,cuiaba,MT
78045,-15.5902783,-56.1022054,cuiaba,MT
78048,-15.5660540,-56.0848654,cuiaba,MT
78049,-15.5493364,-56.0952394,cuiaba,MT
78050,-15.5883200,-56.0683568,cuiaba,MT
78051,-15.5931753,-56.0581937,cuiaba,MT
78052,-15.5842973,-56.0314413,cuiaba,MT
78053,-15.5840213,-56.0526016,cuiaba,MT
78055,-15.5557625,-56.0561504,cuiaba,MT
78056,-15.5952019,-56.0384849,cuiaba,MT
78057,-15.6659614,-56.0426664,cuiaba,MT
78058,-15.5767482,-56.0228431,cuiaba,MT
78060,-15.6061501,-56.0697561,cuiaba,MT
78061,-15.6102951,-56.0704649,cuiaba,MT
78065,-15.6172344,-56.0776931,cuiaba,MT
78068,-15.6121787,-56.0466848,cuiaba,MT
78070,-15.6220654,-56.0739645,cuiaba,MT
78074,-15.5598179,-56.0330268,cuiabá,MT
78075,-15.6076274,-56.0339788,cuiaba,MT
78076,-15.6236382,-56.0221607,cuiaba,MT
78077,-15.6049202,-56.0457044,cuiaba,MT
78080,-15.6235716,-56.0552272,cuiaba,MT
78085,-15.6348430,-56.0588108,cuiaba,MT
78087,-15.6146861,-56.0517431,cuiaba,MT
78088,-15.6254547,-56.0163160,cuiaba,MT
78089,-15.6432491,-55.9972469,cuiaba,MT
78090,-15.6419295,-56.0273547,cuiaba,MT
78091,-15.6263664,-55.9899511,cuiaba,MT
78093,-15.6185679,-56.0201731,cuiaba,MT
78094,-15.6254905,-56.0440516,cuiaba,MT
78095,-15.6601557,-56.0514968,cuiaba,MT
78096,-15.6156177,-56.0411851,cuiaba,MT
78098,-15.6499001,-55.9892824,cuiaba,MT
78099,-15.6326486,-55.9555091,cuiaba,MT
78104,-14.6333300,-57.0666700,nossa senhora da guia,MT
78110,-15.6469100,-56.1340788,varzea grande,MT
78115,-15.6289896,-56.1074209,varzea grande,MT
78116,-15.6363108,-56.1067893,varzea grande,MT
78117,-15.6333746,-56.1408454,varzea grande,MT
78118,-15.6490023,-56.1059095,varzea grande,MT
78120,-15.6668496,-56.0942932,varzea grande,MT
78125,-15.6601455,-56.1252075,varzea grande,MT
78128,-15.6725685,-56.1250375,varzea grande,MT
78130,-15.6687367,-56.1364523,varzea grande,MT
78131,38.8168163,-9.3946245,varzea grande,MT
78132,-15.6800093,-56.1492807,varzea grande,MT
78134,-15.6588835,-56.1257929,varzea grande,MT
78135,-15.6565666,-56.1419527,varzea grande,MT
78138,-15.6536214,-56.1610052,varzea grande,MT
78140,-15.6395264,-56.1460389,varzea grande,MT
78141,-15.6407754,-56.1506337,varzea grande,MT
78142,-15.6313972,-56.1559848,varzea grande,MT
78143,-15.6516002,-56.1504234,varzea grande,MT
78144,-15.6269261,-56.1542758,varzea grande,MT
78145,-15.6645250,-56.1386660,varzea grande,MT
78148,-15.6628940,-56.1563967,varzea grande,MT
78149,-15.6679525,-56.2363121,varzea grande,MT
78150,-15.6499004,-56.1649630,varzea grande,MT
78152,-15.6623858,-56.1548636,varzea grande,MT
78158,-15.6352445,-56.1667015,varzea grande,MT
78165,-15.6249139,-56.1479074,varzea grande,MT
78170,-15.7908903,-56.3793264,nossa senhora do livramento,MT
78175,-16.2620750,-56.6299641,pocone,MT
78178,-19.5394227,-55.2149861,cangas,MT
78180,-15.9035463,-56.0349175,santo antonio do leverger,MT
78190,-16.1954339,-55.9512253,barao de melgaco,MT
78195,-15.4192970,-55.7253067,chapada dos guimaraes,MT
78200,-16.0643823,-57.6880470,caceres,MT
78237,-15.6127377,-57.9170820,curvelandia,MT
78240,-15.8379424,-58.5064383,porto esperidiao,MT
78243,-14.4744478,-59.5868549,nova lacerda,MT
78245,-15.0501278,-59.9560816,vila bela da santissima trindade,MT
78250,-15.2357465,-59.3332802,pontes e lacerda,MT
78253,-15.2896797,-59.0790749,vale de sao domingos,MT
78254,-14.5511219,-59.5324034,conquista d'oeste,MT
78255,-15.3397034,-58.8723258,jauru,MT
78260,-15.4694453,-58.3477317,araputanga,MT
78265,-15.1207266,-58.3854848,reserva do cabacal,MT
78270,-15.1289122,-58.1308389,salto do ceu,MT
78275,-15.2404639,-58.1131376,rio branco,MT
78278,-15.3344687,-57.9925676,lambari d'oeste,MT
78280,-15.6754917,-58.0913274,mirassol d'oeste,MT
78284,-15.7715340,-58.1214098,sonho azul,MT
78285,-15.6265273,-58.1832849,sao jose dos quatro marcos,MT
78290,-15.4505921,-58.7374654,figueiropolis d'oeste,MT
78293,-15.7698880,-58.3119469,gloria d'oeste,MT
78295,-15.4571733,-58.5849977,indiavai,MT
78300,-14.6151081,-57.5147834,tangara da serra,MT
78307,-13.7231702,-59.2583453,campos de julio,MT
78310,-13.6584837,-59.7845005,comodoro,MT
78320,-11.4226563,-58.7792272,juina,MT
78325,-10.1850398,-59.4605818,aripuana,MT
78330,-9.8952996,-58.5669105,cotriguacu,MT
78335,-9.4479758,-59.2694336,colniza,MT
78338,-10.8451103,-61.4602022,rondolandia,MT
78340,-10.3293275,-58.4968079,juruena,MT
78345,-11.1379075,-58.6101961,castanheira,MT
78350,-12.1303072,-57.9989214,brasnorte,MT
78360,-13.7267269,-57.9083482,campo novo do parecis,MT
78361,-15.5940538,-56.1164343,itamarati norte,MT
78365,-13.5434001,-58.8081919,sapezal,MT
78370,-14.7797710,-57.2938545,nova olimpia,MT
78380,-14.7283218,-57.0493506,denise,MT
78390,-15.0695365,-57.1877657,barra do bugres,MT
78398,-15.3303086,-57.2010873,porto estrela,MT
78400,-14.3775977,-56.4586245,diamantino,MT
78402,-14.3810587,-56.4011587,novo diamantino,MT
78410,-14.5131161,-56.4870346,alto paraguai,MT
78415,-14.3655401,-56.9746601,nova marilandia,MT
78420,-14.4600897,-56.8426948,arenapolis,MT
78425,-14.4887496,-57.0373659,santo afonso,MT
78430,-14.4524623,-56.8046453,nortelandia,MT
78435,-13.5132936,-56.7233868,sao jose do rio claro,MT
78445,-13.0108568,-57.1021061,nova maringa,MT
78450,-13.8119094,-56.0832177,nova mutum,MT
78453,-13.8045895,-55.2754653,santa rita do trivelato,MT
78455,-13.0669327,-55.9325428,lucas do rio verde,MT
78460,-14.7127270,-56.3151913,nobres,MT
78470,-14.8346819,-56.3853202,rosario oeste,MT
78480,-15.1995894,-56.3669410,acorizal,MT
78490,-15.2405723,-56.4862933,jangada,MT
78500,-10.8047738,-55.4577105,colider,MT
78505,-10.5862224,-55.1142968,terra nova do norte,MT
78508,-10.3106018,-55.4048551,nova guarita,MT
78510,-11.0080641,-55.2436592,itauba,MT
78515,-10.6162973,-55.8106191,nova canaa do norte,MT
78518,-10.4775000,-56.0780600,colorado do norte,MT
78520,-9.9482767,-54.9012705,guaranta do norte,MT
78525,-10.1445741,-54.8697930,matupa,MT
78528,-9.9756826,-55.1740699,novo mundo,MT
78530,-10.2489151,-54.9093311,peixoto de azevedo,MT
78535,-11.0808448,-54.5191649,marcelandia,MT
78540,-11.5041378,-54.8756264,claudia,MT
78543,-11.5312511,-54.3683731,uniao do sul,MT
78545,-11.9734651,-55.2804165,santa carmem,MT
78548,-10.8696658,-55.1293471,nova santa helena,MT
78550,-11.8538030,-55.5035454,sinop,MT
78551,-11.7879409,-55.4716734,sinop,MT
78552,-11.8345524,-55.5081099,sinop,MT
78553,-11.8249208,-55.5168062,sinop,MT
78555,-11.8452441,-55.5281790,sinop,MT
78556,-11.8669288,-55.5169226,sinop,MT
78557,-11.8747151,-55.5005359,sinop,MT
78558,-11.9425011,-55.5125288,sinop,MT
78559,-11.9109305,-55.5069141,sinop,MT
78560,-11.5586538,-57.3497761,porto dos gauchos,MT
78563,-11.2996001,-56.7922146,tabapora,MT
78565,-9.8501835,-57.8229490,nova bandeirantes,MT
78570,-11.3910351,-57.3210311,novo horizonte do norte,MT
78573,-12.7302363,-56.5194694,tapurah,MT
78575,-11.2380396,-57.5168815,juara,MT
78578,-12.2093565,-56.1392648,ipiranga do norte,MT
78579,-12.2301227,-56.6483329,itanhanga,MT
78580,-9.9020963,-56.1479825,alta floresta,MT
78587,-9.9665168,-55.8236724,carlinda,MT
78590,-9.6965485,-56.6088463,paranaita,MT
78593,-9.9794833,-57.4499324,nova monte verde,MT
78595,-9.5567511,-57.3924994,apiacas,MT
78600,-15.8788627,-52.2735737,barra do garcas,MT
78610,-16.7651797,-52.8363505,ponte branca,MT
78613,-16.4880820,-52.6985863,ribeiraozinho,MT
78615,-16.8589928,-53.0342353,araguainha,MT
78620,-15.6908662,-52.8360118,general carneiro,MT
78625,-14.9125187,-53.0196461,novo sao joaquim,MT
78628,-14.8001731,-53.6119856,santo antonio do leste,MT
78630,-14.4435941,-52.8328995,campinapolis,MT
78635,-14.0622027,-52.2044592,agua boa,MT
78638,-13.9894577,-51.7967087,nova nazaré,MT
78640,-13.5422987,-52.2715177,canarana,MT
78643,-12.5698054,-52.2497789,querencia,MT
78645,-10.0133269,-51.1199428,vila rica,MT
78650,-10.7667385,-50.9434382,santa terezinha,MT
78652,-10.6342942,-51.5767509,confresa,MT
78655,-10.8727166,-51.6367162,porto alegre do norte,MT
78658,-11.0684137,-51.8330551,canabrava do norte,MT
78660,-11.2206958,-50.6661480,luciara,MT
78663,-10.7972655,-52.7342246,sao jose do xingu,MT
78664,-10.6488008,-52.7373273,santa cruz do xingu,MT
78665,-11.6794285,-51.3767543,alto boa vista,MT
78668,-12.0912531,-51.3943739,serra nova dourada,MT
78670,-11.6092395,-50.8171015,sao felix do araguaia,MT
78674,-12.3157026,-50.9689812,novo santo antonio,MT
78675,-12.9184509,-51.7990294,ribeirao cascalheira,MT
78678,-12.2433562,-51.5929624,bom jesus do araguaia,MT
78680,-14.3927235,-51.0023283,cocalinho,MT
78685,-15.7246659,-51.8348328,araguaiana,MT
78690,-14.6664643,-52.3539311,nova xavantina,MT
78695,-16.1998451,-52.5572726,torixoreu,MT
78698,-15.9009955,-52.2572482,pontal do araguaia,MT
78700,-16.4679561,-54.6314268,rondonopolis,MT
78705,-16.4594757,-54.6506574,rondonopolis,MT
78710,-16.4559977,-54.6397547,rondonopolis,MT
78711,-16.4400951,-54.6628326,rondonopolis,MT
78714,-16.4397948,-54.6334866,rondonopolis,MT
78715,-16.4419291,-54.6385659,rondonopolis,MT
78716,-16.4398534,-54.6413658,rondonopolis,MT
78717,-16.4453795,-54.6297822,rondonopolis,MT
78718,-16.4560115,-54.6285025,rondonopolis,MT
78719,-16.4323701,-54.6260504,rondonopolis,MT
78720,-16.4456526,-54.6241312,rondonopolis,MT
78721,-16.4363857,-54.6192826,rondonopolis,MT
78725,-16.4459826,-54.6150270,rondonopolis,MT
78730,-16.4614705,-54.6089159,rondonopolis,MT
78731,-16.4451218,-54.6096027,rondonopolis,MT
78734,-16.4781253,-54.6188285,rondonopolis,MT
78735,-16.4773068,-54.5931699,rondonopolis,MT
78736,-16.4703746,-54.5704440,rondonopolis,MT
78739,-16.4653597,-54.6385629,rondonopolis,MT
78740,-16.4756359,-54.6169000,rondonopolis,MT
78744,-16.4858657,-54.6431574,rondonopolis,MT
78745,-16.4832621,-54.6486780,rondonopolis,MT
78746,-16.4769456,-54.6570450,rondonopolis,MT
78747,-16.4399509,-54.6746622,rondonopolis,MT
78750,-16.4564028,-54.6713438,rondonopolis,MT
78752,-16.1447500,-54.6610850,boa vista,MT
78760,-16.3457951,-53.7631819,guiratinga,MT
78770,-16.9461292,-53.5310955,alto garcas,MT
78773,-16.5141013,-54.2771473,sao jose do povo,MT
78775,-16.0808915,-53.5537760,tesouro,MT
78780,-17.3172601,-53.2233277,alto araguaia,MT
78785,-17.8313395,-53.2824291,alto taquari,MT
78790,-17.2058441,-54.1459331,itiquira,MT
78795,-16.6359113,-54.4566414,pedra preta,MT
78800,-15.8286086,-54.3914775,poxoreu,MT
78810,-16.0531978,-54.8885384,juscimeira,MT
78816,-16.1620991,-54.7951258,juscimeira,MT
78820,-15.9512743,-54.9852160,jaciara,MT
78830,-15.8092482,-54.9219229,dom aquino,MT
78835,-16.0028952,-54.9198982,sao pedro da cipa,MT
78840,-15.5507563,-55.1760602,campo verde,MT
78850,-15.5425186,-54.2997694,primavera do leste,MT
78855,-14.6609997,-54.7776620,planalto da serra,MT
78860,-14.9249487,-54.9730171,nova brasilandia,MT
78870,-14.3795626,-54.0586721,paranatinga,MT
78875,-13.1827621,-53.2655460,gaucha do norte,MT
78880,-12.2880994,-55.2969906,vera,MT
78885,-12.3758973,-54.9287519,feliz natal,MT
78888,-13.0166235,-55.1719433,nova ubirata,MT
78890,-12.5721340,-55.7145157,sorriso,MT
78896,-14.3160475,-50.2762457,boa esperanca,MT
79002,-20.4599263,-54.6117311,campo grande,MS
79003,-20.4699768,-54.5966602,campo grande,MS
79004,-20.4732758,-54.6093880,campo grande,MS
79005,-20.4728951,-54.6257005,campo grande,MS
79006,-20.4833387,-54.6389432,campo grande,MS
79008,-20.4581917,-54.6245117,campo grande,MS
79009,-20.4520480,-54.6289741,campo grande,MS
79010,-20.4438175,-54.6091066,campo grande,MS
79011,-20.4315680,-54.6079113,campo grande,MS
79012,-20.4217136,-54.6030701,campo grande,MS
79013,-20.4193143,-54.5906017,campo grande,MS
79014,-20.4220156,-54.6034334,campo grande,MS
79015,-20.3992941,-54.5829827,campo grande,MS
79016,-20.4078435,-54.5750370,campo grande,MS
79017,-20.3908833,-54.5695406,campo grande,MS
79018,-20.3856999,-54.5506594,campo grande,MS
79020,-20.4582538,-54.5977247,campo grande,MS
79021,-20.4529543,-54.5874490,campo grande,MS
79022,-20.4427211,-54.5930368,campo grande,MS
79023,-20.4306259,-54.5834433,campo grande,MS
79031,-20.4517001,-54.5717861,campo grande,MS
79032,-20.4379115,-54.5744618,campo grande,MS
79033,-20.4227848,-54.5730022,campo grande,MS
79034,-20.4231597,-54.5640196,campo grande,MS
79035,-20.4194644,-54.5591611,campo grande,MS
79036,-20.4354198,-54.5608352,campo grande,MS
79037,-20.4411244,-54.5399332,campo grande,MS
79040,-20.4619049,-54.5794628,campo grande,MS
79041,-20.4735397,-54.5781429,campo grande,MS
79042,-20.4846096,-54.5705720,campo grande,MS
79043,-20.4712572,-54.5625437,campo grande,MS
79044,-20.4721495,-54.5485976,campo grande,MS
79045,-20.4611169,-54.5417879,campo grande,MS
79046,-20.4832934,-54.5527462,campo grande,MS
79048,-20.4934698,-54.6077613,campo grande,MS
79050,-20.4866861,-54.6064798,campo grande,MS
79051,-20.4863678,-54.5931570,campo grande,MS
79052,-20.5000584,-54.5852063,campo grande,MS
79060,-20.5094190,-54.5972462,campo grande,MS
79062,-20.5145287,-54.5710101,campo grande,MS
79063,-20.5239076,-54.5902221,campo grande,MS
79064,-20.5518675,-54.5846605,campo grande,MS
79065,-20.5510088,-54.5745722,campo grande,MS
79070,-20.5154272,-54.6137515,campo grande,MS
79071,-20.5292810,-54.6091366,campo grande,MS
79072,-20.5460627,-54.6069539,campo grande,MS
79073,-20.5508040,-54.6215126,campo grande,MS
79074,-20.5308770,-54.6380407,campo grande,MS
79075,-20.5528402,-54.6506564,campo grande,MS
79076,-20.5382853,-54.6578702,campo grande,MS
79077,-20.5504505,-54.6627959,campo grande,MS
79080,-20.4895359,-54.6220087,campo grande,MS
79081,-20.5039737,-54.6314544,campo grande,MS
79082,-20.5101825,-54.6420900,campo grande,MS
79083,-20.5245633,-54.6442868,campo grande,MS
79084,-20.5192370,-54.6494614,campo grande,MS
79085,-20.5241138,-54.6570414,campo grande,MS
79086,-20.4994681,-54.6475128,campo grande,MS
79090,-20.4777076,-54.6495432,campo grande,MS
79091,-20.4836616,-54.6659911,campo grande,MS
79092,-20.4978619,-54.6561170,campo grande,MS
79093,-20.4975509,-54.6807443,campo grande,MS
79094,-20.5132825,-54.6623810,campo grande,MS
79095,-20.5267996,-54.6669069,campo grande,MS
79096,-20.5180733,-54.6841906,campo grande,MS
79097,-20.5380414,-54.6706497,campo grande,MS
79100,-20.4569047,-54.6467880,campo grande,MS
79101,-20.4625861,-54.6530341,campo grande,MS
79102,-20.4528892,-54.6641974,campo grande,MS
79103,-20.4480471,-54.6718223,campo grande,MS
79104,-20.4628514,-54.6910339,campo grande,MS
79105,-20.4661623,-54.7019719,campo grande,MS
79106,-20.4475704,-54.6962785,campo grande,MS
79107,-20.4323220,-54.6721392,campo grande,MS
79108,-20.4779157,-54.7442216,campo grande,MS
79110,-20.4533904,-54.6380214,campo grande,MS
79112,-20.4417810,-54.6559106,campo grande,MS
79113,-20.4414743,-54.6668649,campo grande,MS
79114,-20.4176130,-54.6624181,campo grande,MS
79115,-20.4290498,-54.6542259,campo grande,MS
79116,-20.4186184,-54.6414421,campo grande,MS
79117,-20.4219712,-54.6294321,campo grande,MS
79118,-20.4298574,-54.6231456,campo grande,MS
79125,-20.9814615,-54.5037183,anhandui,MS
79130,-21.7984222,-54.5434634,rio brilhante,MS
79134,-21.6544789,-54.4316185,prudêncio thomaz,MS
79140,-21.4587749,-54.3656402,nova alvorada do sul,MS
79150,-21.6228070,-55.1641980,maracaju,MS
79152,-21.7265119,-55.4993110,vista alegre,MS
79170,-20.9352815,-54.9631966,sidrolandia,MS
79180,-20.4554596,-53.7541823,ribas do rio pardo,MS
79190,-20.4402029,-54.8644599,terenos,MS
79200,-20.4676193,-55.7830910,aquidauana,MS
79208,-20.1268833,-55.3891013,cipolandia,MS
79210,-20.4929429,-55.8021614,anastacio,MS
79215,-20.6846696,-55.2810366,dois irmaos do buriti,MS
79220,-21.1620061,-55.8285885,nioaque,MS
79230,-21.4658100,-56.1007165,guia lopes da laguna,MS
79240,-21.4808826,-56.1488412,jardim,MS
79260,-22.1010095,-56.5375182,bela vista,MS
79270,-21.9891734,-57.0114868,caracol,MS
79280,-21.6862693,-57.8652103,porto murtinho,MS
79290,-21.1267406,-56.4869433,bonito,MS
79300,-19.0031393,-57.6516806,corumba,MS
79301,-19.0032509,-57.6496946,corumba,MS
79302,-19.0019452,-57.6477490,corumba,MS
79303,-19.0028789,-57.6439573,corumba,MS
79304,-19.0034914,-57.6355176,corumba,MS
79310,-19.0133746,-57.6367384,corumba,MS
79311,-19.0197850,-57.6417828,corumba,MS
79320,-19.0205241,-57.6564590,corumba,MS
79321,-19.0353725,-57.6513243,corumba,MS
79330,-19.0016795,-57.6548489,corumba,MS
79331,-19.0025000,-57.6604883,corumba,MS
79332,-19.0116866,-57.6560293,corumba,MS
79333,-19.0047572,-57.6688157,corumba,MS
79370,-19.0092743,-57.6037948,ladario,MS
79380,-20.2380806,-56.3954586,miranda,MS
79390,-20.5505058,-56.6783567,bodoquena,MS
79400,-18.5072652,-54.7487531,coxim,MS
79410,-18.1000065,-54.5517524,pedro gomes,MS
79415,-17.5830813,-54.7544094,sonora,MS
79420,-19.5347269,-54.0424061,camapua,MS
79424,-19.0140333,-53.9008888,pontinha do cocho,MS
79428,-18.6797899,-53.6387611,figueirao,MS
79430,-19.9099447,-54.3643648,bandeirantes,MS
79440,-20.1007705,-54.4354822,jaraguari,MS
79450,-19.9561155,-54.8900264,rochedo,MS
79460,-19.8164039,-54.8847121,corguinho,MS
79470,-19.4329995,-54.9876036,rio negro,MS
79480,-18.9163661,-54.8473006,rio verde de mato grosso,MS
79490,-19.3840530,-54.5784019,sao gabriel do oeste,MS
79500,-19.6739490,-51.1928796,paranaiba,MS
79530,-18.3258105,-53.7103549,alcinopolis,MS
79540,-19.1086550,-51.7575039,cassilandia,MS
79550,-18.5409742,-53.1327401,costa rica,MS
79556,-19.0293844,-53.0146728,paraiso das aguas,MS
79560,-18.7982156,-52.6290487,chapadao do sul,MS
79570,-20.0806513,-51.1064230,aparecida do taboado,MS
79580,-19.7409379,-51.9298441,inocencia,MS
79590,-20.3542703,-51.4467426,selviria,MS
79600,-20.7810946,-51.7083996,tres lagoas,MS
79601,-20.7855754,-51.7051551,tres lagoas,MS
79602,-20.7853518,-51.7005142,tres lagoas,MS
79603,-20.7931511,-51.6964765,tres lagoas,MS
79604,-20.7863541,-51.6910874,tres lagoas,MS
79610,-20.7931069,-51.6865473,tres lagoas,MS
79611,-20.8040092,-51.6813763,tres lagoas,MS
79612,-20.7911695,-51.6596783,tres lagoas,MS
79620,-20.7982812,-51.7049703,tres lagoas,MS
79621,-20.8055799,-51.7146311,tres lagoas,MS
79622,-20.8099355,-51.6837479,tres lagoas,MS
79630,-20.7992956,-51.7299348,tres lagoas,MS
79640,-20.7814037,-51.7184607,tres lagoas,MS
79641,-20.7698359,-51.7029404,tres lagoas,MS
79645,-20.7745396,-51.6925290,tres lagoas,MS
79648,-20.3257967,-51.3100073,tres lagoas,MS
79654,-20.7883329,-52.0603827,arapua,MS
79670,-21.2662426,-52.0660944,brasilandia,MS
79680,-20.4411494,-52.8773531,agua clara,MS
79690,-21.3030317,-52.8258333,santa rita do pardo,MS
79700,-22.3780643,-54.5092400,fatima do sul,MS
79710,-22.4097021,-54.4450173,vicentina,MS
79712,-22.4933298,-54.4630552,sao jose,MS
79720,-22.4799833,-54.3083728,jatei,MS
79730,-22.4176863,-54.2299731,gloria de dourados,MS
79740,-22.3058238,-53.8249446,ivinhema,MS
79742,-22.3853302,-53.5946643,amandina,MS
79745,-22.6549169,-53.8577118,novo horizonte do sul,MS
79750,-22.2477954,-53.3473546,nova andradina,MS
79758,-21.7575308,-53.2686905,nova casa verde,MS
79760,-22.2967795,-53.2695214,bataypora,MS
79765,-22.4867675,-53.3514761,taquarussu,MS
79770,-22.1837620,-52.7182391,anaurilandia,MS
79780,-21.7156473,-52.4226854,bataguassu,MS
79785,-22.1555634,-53.7780047,angelica,MS
79790,-22.2516825,-54.1601713,deodapolis,MS
79792,-22.2643956,-54.2253121,lagoa bonita,MS
79800,-22.2266033,-54.8115495,dourados,MS
79801,-22.2281700,-54.8073503,dourados,MS
79802,-22.2311329,-54.8079065,dourados,MS
79803,-22.2270345,-54.8197235,dourados,MS
79804,-22.2257068,-54.8132371,dourados,MS
79805,-22.2245383,-54.8091852,dourados,MS
79806,-22.2261980,-54.8039855,dourados,MS
79810,-22.2336488,-54.8037466,dourados,MS
79811,-22.2386549,-54.8039850,dourados,MS
79812,-22.2456741,-54.8093865,dourados,MS
79813,-22.2542786,-54.8117417,dourados,MS
79814,-22.2416836,-54.8210130,dourados,MS
79815,-22.2413917,-54.7492912,dourados,MS
79820,-22.2291675,-54.8270313,dourados,MS
79821,-22.2146719,-54.8539501,dourados,MS
79822,-22.2296224,-54.8396352,dourados,MS
79823,-22.2153273,-54.8351302,dourados,MS
79824,-22.2235504,-54.8141123,dourados,MS
79825,-22.2187038,-54.8130240,dourados,MS
79826,-22.2114275,-54.8075858,dourados,MS
79827,-22.2139133,-54.8112568,dourados,MS
79830,-22.2219090,-54.7911949,dourados,MS
79831,-22.2145432,-54.7872598,dourados,MS
79833,-22.2189779,-54.7679304,dourados,MS
79837,-22.2618366,-54.7722777,dourados,MS
79839,-22.2529234,-54.7877861,dourados,MS
79840,-22.2367861,-54.7863408,dourados,MS
79841,-22.2276160,-54.7639890,dourados,MS
79842,-22.2397028,-54.7544499,dourados,MS
79843,-22.2404453,-54.7381228,dourados,MS
79862,-22.1315506,-54.6146943,sao pedro,MS
79864,-22.0862015,-55.3503513,itahum,MS
79878,-22.1342527,-54.6185278,vila vargas,MS
79880,-22.0413166,-54.6069728,douradina,MS
79890,-22.0757730,-54.7881267,itapora,MS
79894,-21.9816495,-54.6766398,pirapora,MS
79896,-22.0335174,-54.7444937,montese,MS
79900,-22.5090436,-55.7324293,ponta pora,MS
79901,-22.4997304,-55.7326981,ponta pora,MS
79902,-22.5140407,-55.7236331,ponta pora,MS
79903,-22.5122894,-55.7067254,ponta pora,MS
79904,-22.5332011,-55.7243827,ponta pora,MS
79905,-22.5530634,-55.7106798,ponta pora,MS
79906,-22.5620588,-55.6921488,ponta pora,MS
79907,-22.5772280,-55.6791753,ponta porã,MS
79909,-22.6202524,-55.6283318,sanga puita,MS
79910,-22.1902596,-55.9491977,antonio joao,MS
79920,-22.5643578,-55.1541626,laguna carapa,MS
79925,-23.8923180,-55.4294787,paranhos,MS
79930,-22.9533978,-55.6175956,aral moreira,MS
79932,-23.0251700,-55.5886100,vila marques,MS
79935,-23.9743249,-55.0379859,sete quedas,MS
79940,-22.6326611,-54.8240349,caarapo,MS
79944,-22.4986544,-54.7582256,cristalina,MS
79950,-23.0610764,-54.2003768,navirai,MS
79955,-22.8594709,-54.6040293,juti,MS
79960,-23.6809615,-54.5626226,iguatemi,MS
79965,-23.4746133,-54.1792815,itaquirai,MS
79970,-23.7837789,-54.2811991,eldorado,MS
79975,-23.6351395,-55.0171075,tacuru,MS
79980,-23.9381218,-54.2887754,mundo novo,MS
79985,-23.8917320,-54.4072877,japora,MS
79990,-23.0918965,-55.2277622,amambai,MS
79995,-23.2714447,-55.5302433,coronel sapucaia,MS
80002,-25.4395635,-49.2619628,curitiba,PR
80006,-25.4339827,-49.2599270,curitiba,PR
80010,-25.4336482,-49.2691734,curitiba,PR
80011,-25.4314508,-49.2695820,curitiba,PR
80020,-25.4300441,-49.2712573,curitiba,PR
80030,-25.4170389,-49.2607600,curitiba,PR
80035,-25.4057853,-49.2526448,curitiba,PR
80040,-25.4180494,-49.2487734,curitiba,PR
80045,-25.4257302,-49.2539164,curitiba,PR
80050,-25.4359880,-49.2426923,curitiba,PR
80060,-25.4296324,-49.2613169,curitiba,PR
80061,-25.4336173,-49.2602522,curitiba,PR
80101,-25.4365947,-49.2661874,curitiba,PR
80210,-25.4404877,-49.2444039,curitiba,PR
80215,-25.4482189,-49.2542972,curitiba,PR
80220,-25.4563496,-49.2650069,curitiba,PR
80230,-25.4415714,-49.2668745,curitiba,PR
80231,-25.4395635,-49.2619628,curitiba,PR
80240,-25.4489909,-49.2886099,curitiba,PR
80249,-25.4493817,-49.2932091,curitiba,PR
80250,-25.4436191,-49.2768549,curitiba,PR
80310,-25.4569339,-49.3094550,curitiba,PR
80320,-25.4605812,-49.2943639,curitiba,PR
80330,-25.4699736,-49.3073723,curitiba,PR
80370,-25.4358915,-49.3013224,curitiba,PR
80410,-25.4313225,-49.2792189,curitiba,PR
80420,-25.4375778,-49.2819172,curitiba,PR
80430,-25.4301441,-49.2853199,curitiba,PR
80440,-25.4441587,-49.2967149,curitiba,PR
80510,-25.4219775,-49.2787122,curitiba,PR
80520,-25.4106810,-49.2771860,curitiba,PR
80530,-25.4164044,-49.2678110,curitiba,PR
80540,-25.4062982,-49.2604987,curitiba,PR
80610,-25.4699551,-49.2898211,curitiba,PR
80611,-25.5632938,-49.3131294,curitiba,PR
80620,-25.4588810,-49.2848940,curitiba,PR
80627,-25.5631890,-49.3128887,curitiba,PR
80630,-25.4785716,-49.2695928,curitiba,PR
80710,-25.4283235,-49.2998179,curitiba,PR
80730,-25.4337594,-49.2977685,curitiba,PR
80740,-25.4417865,-49.3110760,curitiba,PR
80810,-25.4163991,-49.2913440,curitiba,PR
80820,-25.4087077,-49.2952103,curitiba,PR
81010,-25.4792685,-49.2798521,curitiba,PR
81020,-25.4897849,-49.2877776,curitiba,PR
81030,-25.4838787,-49.2724087,curitiba,PR
81050,-25.4905593,-49.3020274,curitiba,PR
81070,-25.4893394,-49.3038368,curitiba,PR
81110,-25.5025190,-49.2908538,curitiba,PR
81130,-25.5049146,-49.3000338,curitiba,PR
81150,-25.5178536,-49.3011006,curitiba,PR
81170,-25.5160205,-49.3241379,curitiba,PR
81200,-25.4371961,-49.3325588,curitiba,PR
81210,-25.4445324,-49.3291730,curitiba,PR
81220,-25.4607046,-49.3239320,curitiba,PR
81230,-25.4612706,-49.3367643,curitiba,PR
81240,-25.4750863,-49.3363988,curitiba,PR
81250,-25.4801820,-49.3444955,curitiba,PR
81260,-25.4822067,-49.3524268,curitiba,PR
81265,-25.4715895,-49.3648878,curitiba,PR
81270,-25.4547822,-49.3498654,curitiba,PR
81280,-25.4398491,-49.3526625,curitiba,PR
81290,-25.4455173,-49.3658429,curitiba,PR
81295,-25.4316367,-49.3811555,curitiba,PR
81305,-25.5055908,-49.3250586,curitiba,PR
81310,-25.4976818,-49.3173947,curitiba,PR
81312,-25.5042283,-49.3094258,curitiba,PR
81315,-25.5079425,-49.3246796,curitiba,PR
81320,-25.4764885,-49.3211619,curitiba,PR
81330,-25.4856073,-49.3283614,curitiba,PR
81350,-25.5010309,-49.3331399,curitiba,PR
81420,-25.4380360,-49.2769614,curitiba,PR
81450,-25.4965365,-49.3479612,curitiba,PR
81452,-25.5042752,-49.3537874,curitiba,PR
81460,-25.5405518,-49.3343243,curitiba,PR
81470,-25.5683918,-49.3358703,curitiba,PR
81480,-25.5618096,-49.3250641,curitiba,PR
81490,-25.5875722,-49.3305355,curitiba,PR
81495,-25.5935510,-49.3365611,curitiba,PR
81510,-25.4682930,-49.2428193,curitiba,PR
81520,-25.4617289,-49.2399204,curitiba,PR
81530,-25.4610165,-49.2310639,curitiba,PR
81540,-25.4669337,-49.2215669,curitiba,PR
81550,-25.4836553,-49.2099379,curitiba,PR
81560,-25.4867836,-49.2175580,curitiba,PR
81570,-25.4811561,-49.2312092,curitiba,PR
81580,-25.4951820,-49.2204529,curitiba,PR
81590,-25.4859793,-49.2020326,curitiba,PR
81610,-25.4787172,-49.2461159,curitiba,PR
81630,-25.4830308,-49.2548036,curitiba,PR
81650,-25.4924948,-49.2359869,curitiba,PR
81670,-25.4968935,-49.2497262,curitiba,PR
81690,-25.5669042,-49.3091149,curitiba,PR
81710,-25.4976005,-49.2664025,curitiba,PR
81720,-25.5136732,-49.2556061,curitiba,PR
81730,-25.5086229,-49.2266882,curitiba,PR
81750,-25.5179588,-49.2413223,curitiba,PR
81770,-25.5278739,-49.2411250,curitiba,PR
81810,-25.5070142,-49.2759630,curitiba,PR
81820,-25.5179063,-49.2806432,curitiba,PR
81825,-25.5284235,-49.2754900,curitiba,PR
81830,-25.5172004,-49.2644335,curitiba,PR
81850,-25.5336763,-49.2478172,curitiba,PR
81860,-25.5372743,-49.2402140,curitiba,PR
81870,-25.5283336,-49.2887347,curitiba,PR
81880,-25.5383160,-49.2933383,curitiba,PR
81900,-25.5394193,-49.2781234,curitiba,PR
81910,-25.5324435,-49.2648505,curitiba,PR
81920,-25.5408453,-49.2553378,curitiba,PR
81925,-25.5481984,-49.2660051,curitiba,PR
81930,-25.5617136,-49.2808171,curitiba,PR
81935,-25.5570301,-49.2537973,curitiba,PR
81940,-25.5665753,-49.2908219,curitiba,PR
81945,-25.5997089,-49.3122497,curitiba,PR
82010,-25.4248520,-49.3259362,curitiba,PR
82015,-25.4166819,-49.3362305,curitiba,PR
82020,-25.4031439,-49.3238233,curitiba,PR
82025,-25.4145537,-49.3143602,curitiba,PR
82030,-25.3961457,-49.3224727,curitiba,PR
82100,-25.3965598,-49.2963831,curitiba,PR
82110,-25.3897555,-49.2899918,curitiba,PR
82115,-25.3822036,-49.2922553,curitiba,PR
82120,-25.3929135,-49.2787412,curitiba,PR
82130,-25.3786017,-49.2770067,curitiba,PR
82200,-25.3965759,-49.2657624,curitiba,PR
82210,-25.3861235,-49.2640553,curitiba,PR
82220,-25.3662328,-49.2684087,curitiba,PR
82250,-25.4433610,-49.2794846,curitiba,PR
82300,-25.4209585,-49.3474100,curitiba,PR
82305,-25.4307765,-49.3541485,curitiba,PR
82310,-25.4222997,-49.3587256,curitiba,PR
82315,-25.4120637,-49.3563869,curitiba,PR
82320,-25.4045566,-49.3454673,curitiba,PR
82400,-25.3947472,-49.3444376,curitiba,PR
82410,-25.3811202,-49.3301469,curitiba,PR
82500,-25.3915835,-49.2607974,curitiba,PR
82510,-25.3998721,-49.2408687,curitiba,PR
82515,-25.3956845,-49.2299486,curitiba,PR
82520,-25.4145439,-49.2298756,curitiba,PR
82530,-25.4275812,-49.2344499,curitiba,PR
82540,-25.3938895,-49.2507972,curitiba,PR
82560,-25.3859850,-49.2445085,curitiba,PR
82580,-25.3863343,-49.2361097,curitiba,PR
82590,-25.3890560,-49.1939605,curitiba,PR
82600,-25.3922245,-49.2171222,curitiba,PR
82620,-25.3831551,-49.2214766,curitiba,PR
82630,-25.3769074,-49.2134214,curitiba,PR
82640,-25.3769413,-49.2352949,curitiba,PR
82650,-25.3734308,-49.2455231,curitiba,PR
82700,-25.3749186,-49.2584767,curitiba,PR
82710,-25.3566167,-49.2562189,curitiba,PR
82720,-25.3618309,-49.2301417,curitiba,PR
82800,-25.4344024,-49.2267035,curitiba,PR
82810,-25.4372498,-49.2124359,curitiba,PR
82820,-25.4179459,-49.2067898,curitiba,PR
82821,-25.4235136,-49.2151770,curitiba,PR
82840,-25.4017579,-49.2060125,curitiba,PR
82860,-25.3848729,-49.1975741,curitiba,PR
82900,-25.4457963,-49.2238514,curitiba,PR
82920,-25.4494279,-49.2067884,curitiba,PR
82930,-25.4576644,-49.2057539,curitiba,PR
82940,-25.4576666,-49.2173957,curitiba,PR
82950,-25.4506064,-49.2174498,curitiba,PR
82960,-25.4668653,-49.2073594,curitiba,PR
82970,-25.4737586,-49.2034849,curitiba,PR
82980,-25.4710923,-49.1944926,curitiba,PR
82990,-25.4603669,-49.1967877,curitiba,PR
83000,-25.5374661,-49.2018727,sao jose dos pinhais,PR
83005,-25.5384993,-49.1995099,sao jose dos pinhais,PR
83010,-25.5423265,-49.1821951,sao jose dos pinhais,PR
83015,-25.5624038,-49.1711624,sao jose dos pinhais,PR
83020,-25.5584213,-49.1956970,sao jose dos pinhais,PR
83021,-25.6058816,-49.2522133,sao jose dos pinhais,PR
83025,-25.5579960,-49.2082963,sao jose dos pinhais,PR
83030,-25.5380100,-49.2142151,sao jose dos pinhais,PR
83035,-25.5236600,-49.2058235,sao jose dos pinhais,PR
83040,-25.5190026,-49.1929804,sao jose dos pinhais,PR
83045,-25.5128771,-49.1837265,sao jose dos pinhais,PR
83050,-25.4996111,-49.1771533,sao jose dos pinhais,PR
83055,-25.4837187,-49.1674734,sao jose dos pinhais,PR
83060,-25.4925883,-49.1430652,sao jose dos pinhais,PR
83065,-25.5110022,-49.1617391,sao jose dos pinhais,PR
83070,-25.5202197,-49.1250331,sao jose dos pinhais,PR
83075,-25.5335982,-49.0901360,sao jose dos pinhais,PR
83085,-25.5472163,-49.1496790,sao jose dos pinhais,PR
83090,-25.6078919,-49.1673592,sao jose dos pinhais,PR
83091,-25.6477435,-49.1753720,sao jose dos pinhais,PR
83095,-25.6986552,-49.1472592,sao jose dos pinhais,PR
83115,-25.7006711,-49.1469817,sao jose dos pinhais,PR
83116,-25.6627715,-49.0990925,sao jose dos pinhais,PR
83190,-25.9204439,-49.1745198,tijucas do sul,PR
83203,-25.5169730,-48.5107156,paranagua,PR
83206,-25.5260990,-48.5229282,paranagua,PR
83209,-25.5431562,-48.5344289,paranagua,PR
83212,-25.5555542,-48.5542660,paranagua,PR
83215,-25.5672666,-48.5650759,paranagua,PR
83218,-25.5779980,-48.5767799,paranagua,PR
83220,-25.5285140,-48.5184938,paranagua,PR
83221,-25.5200258,-48.5348761,paranagua,PR
83250,-25.5534229,-48.6275242,alexandra,PR
83252,42.1840027,-8.7237621,ilha dos valadares,PR
83255,-25.6400645,-48.4276705,pontal do parana,PR
83260,-25.8131327,-48.5363046,matinhos,PR
83280,-25.8878670,-48.5844861,guaratuba,PR
83301,-25.4482199,-49.0736808,piraquara,PR
83302,-25.4517689,-49.1039929,piraquara,PR
83303,-25.4373026,-49.0926729,piraquara,PR
83304,-25.4317819,-49.0571740,piraquara,PR
83305,-25.4473074,-49.0505497,piraquara,PR
83306,-25.4553303,-49.0661154,piraquara,PR
83307,-25.4634253,-49.0632120,piraquara,PR
83308,-25.4859238,-49.1222726,piraquara,PR
83309,-25.5213477,-49.0913080,piraquara,PR
83310,-25.4523945,-49.1400848,piraquara,PR
83311,-25.4627882,-49.1390344,piraquara,PR
83312,-25.4663980,-49.1473896,piraquara,PR
83314,-25.4519217,-49.1535476,piraquara,PR
83320,-25.4324443,-49.1770978,pinhais,PR
83321,-25.4468100,-49.1769728,pinhais,PR
83322,-25.4582250,-49.1849729,pinhais,PR
83323,-25.4372259,-49.1939656,pinhais,PR
83324,-25.4252349,-49.1891108,pinhais,PR
83325,-25.4151479,-49.1805903,pinhais,PR
83326,-25.4007820,-49.1851168,pinhais,PR
83327,-25.3980949,-49.1603765,pinhais,PR
83328,-25.4186071,-49.1508244,pinhais,PR
83330,-25.4312795,-49.1589763,pinhais,PR
83331,-25.4419790,-49.1606508,pinhais,PR
83350,-25.4821836,-48.8291913,morretes,PR
83360,-25.3544198,-48.8792489,porto de cima,PR
83370,-25.4347044,-48.7127535,antonina,PR
83390,-25.2971621,-48.3244845,guaraquecaba,PR
83401,-25.3220374,-49.2303721,colombo,PR
83402,-25.3474574,-49.2219422,colombo,PR
83403,-25.3454107,-49.2100157,colombo,PR
83404,-25.3622791,-49.2041958,colombo,PR
83405,-25.3637342,-49.1919913,colombo,PR
83406,-25.3523889,-49.1900551,colombo,PR
83407,-25.3415771,-49.1838808,colombo,PR
83408,-25.3674750,-49.1841991,colombo,PR
83409,-25.3763008,-49.1823823,colombo,PR
83410,-25.3576111,-49.1630141,colombo,PR
83411,-25.3301743,-49.1494834,colombo,PR
83412,-25.3687087,-49.1439015,colombo,PR
83413,-25.3825709,-49.1687772,colombo,PR
83414,-25.2927424,-49.2227831,colombo,PR
83415,-25.2804677,-49.2156324,colombo,PR
83420,-25.3714036,-49.0769071,quatro barras,PR
83425,-25.3929994,-49.0296030,borda do campo,PR
83430,-25.3423981,-49.0860430,campina grande do sul,PR
83450,-25.2108061,-49.1117573,bocaiuva do sul,PR
83480,-24.9724114,-49.0625185,tunas do parana,PR
83490,-24.6661459,-48.9799193,adrianopolis,PR
83501,-25.3128809,-49.2918643,almirante tamandare,PR
83502,-25.3178981,-49.2783821,almirante tamandare,PR
83503,-25.3303276,-49.2763714,almirante tamandare,PR
83504,-25.3339884,-49.2657930,almirante tamandare,PR
83505,-25.3428881,-49.2499250,almirante tamandare,PR
83506,-25.3427927,-49.2737173,almirante tamandare,PR
83507,-25.3418094,-49.2955676,almirante tamandare,PR
83508,-25.3738902,-49.3079218,almirante tamandare,PR
83511,-25.3491852,-49.3009373,almirante tamandare,PR
83512,-25.3168047,-49.3078711,almirante tamandare,PR
83513,-25.2944923,-49.3022301,almirante tamandare,PR
83514,-25.2630499,-49.3013633,almirante tamandare,PR
83535,-25.3756069,-49.3860113,campo magro,PR
83540,-25.1807684,-49.3165730,rio branco do sul,PR
83560,-25.2132563,-49.3523192,itaperucu,PR
83570,-24.8281375,-49.2637246,cerro azul,PR
83590,-24.5701374,-49.4184896,doutor ulysses,PR
83600,-25.4605408,-49.5303709,campo largo,PR
83601,-25.4605434,-49.5269634,campo largo,PR
83602,-25.4723113,-49.5389636,campo largo,PR
83603,-25.4914786,-49.5296959,campo largo,PR
83604,-25.4643418,-49.5555241,campo largo,PR
83605,-25.4510289,-49.5587849,campo largo,PR
83606,-25.4473804,-49.5307114,campo largo,PR
83607,-25.4534814,-49.5113195,campo largo,PR
83608,-25.4475045,-49.4412827,campo largo,PR
83609,-25.4615087,-49.4227607,campo largo,PR
83648,-25.3302192,-49.4916118,campo largo,PR
83650,-25.5734956,-49.6275702,balsa nova,PR
83660,-25.5810932,-48.3540208,bugre,PR
83700,-25.5949515,-49.4152447,araucaria,PR
83701,-25.5985139,-49.3889301,araucaria,PR
83702,-25.5908653,-49.4029927,araucaria,PR
83703,-25.5823947,-49.4053399,araucaria,PR
83704,-25.5742376,-49.4108398,araucaria,PR
83705,-25.5645377,-49.3953211,araucaria,PR
83706,-25.5449264,-49.3861170,araucaria,PR
83707,-25.5445219,-49.3610445,araucaria,PR
83708,-25.5874467,-49.3834852,araucaria,PR
83709,-25.6127641,-49.3723495,araucaria,PR
83730,-25.6791347,-49.5353567,contenda,PR
83750,-25.7643078,-49.7203762,lapa,PR
83760,-25.5094325,-49.2985530,mariental,PR
83800,-25.7703836,-49.3248018,mandirituba,PR
83810,-10.4782458,-41.0127400,areia branca dos assis,PR
83820,-25.6444951,-49.3009177,fazenda rio grande,PR
83823,-25.6599104,-49.2995827,fazenda rio grande,PR
83824,-25.6735528,-49.3051297,fazenda rio grande,PR
83825,-25.7006649,-49.3052354,fazenda rio grande,PR
83829,-25.6569133,-49.3254234,fazenda rio grande,PR
83830,-25.6731767,-49.3280120,fazenda rio grande,PR
83833,-25.6441171,-49.3225500,fazenda rio grande,PR
83840,-25.8725555,-49.4998072,quitandinha,PR
83850,-25.9874564,-49.3348363,agudos do sul,PR
83860,-26.0972398,-49.4282334,pien,PR
83870,-25.9855897,-49.6782734,campo do tenente,PR
83880,-26.0954523,-49.7881781,rio negro,PR
83900,-25.8698844,-50.3881731,sao mateus do sul,PR
83980,-25.9794223,-50.1918077,antonio olinto,PR
84010,-25.0943492,-50.1608831,ponta grossa,PR
84015,-25.0758051,-50.1594959,ponta grossa,PR
84016,-25.0670566,-50.1433126,ponta grossa,PR
84020,-25.0799604,-50.1325578,ponta grossa,PR
84021,-25.0747653,-50.1331967,ponta grossa,PR
84022,-25.0640914,-50.1121664,ponta grossa,PR
84025,-25.0910009,-50.1368715,ponta grossa,PR
84026,-25.1033699,-50.1420001,ponta grossa,PR
84030,-25.0872612,-50.1023962,ponta grossa,PR
84031,-25.0981802,-50.1178826,ponta grossa,PR
84032,-25.1058880,-50.1073910,ponta grossa,PR
84033,-25.1165861,-50.1174002,ponta grossa,PR
84035,-25.1072719,-50.1524375,ponta grossa,PR
84036,-25.1261928,-50.1456687,ponta grossa,PR
84037,-25.1362636,-50.1417059,ponta grossa,PR
84040,-25.1086140,-50.1617510,ponta grossa,PR
84043,-25.1547589,-50.1476726,ponta grossa,PR
84045,-25.1297035,-50.1568566,ponta grossa,PR
84046,-25.1428208,-50.1683839,ponta grossa,PR
84050,-25.1099265,-50.1705504,ponta grossa,PR
84051,-25.0994305,-50.1768510,ponta grossa,PR
84052,-25.0923046,-50.1941700,ponta grossa,PR
84053,-25.0870894,-50.1833773,ponta grossa,PR
84060,-25.1122762,-50.2071647,ponta grossa,PR
84061,-25.0960190,-50.2042815,ponta grossa,PR
84062,-25.0830274,-50.2025202,ponta grossa,PR
84063,-25.0666509,-50.2108099,ponta grossa,PR
84064,-25.0509538,-50.2327201,ponta grossa,PR
84065,-25.0488086,-50.2693904,ponta grossa,PR
84070,-25.0789938,-50.1772600,ponta grossa,PR
84071,-25.0650409,-50.1793976,ponta grossa,PR
84072,-25.0526308,-50.1696378,ponta grossa,PR
84073,-25.0571314,-50.1625847,ponta grossa,PR
84130,-25.4237322,-49.9964745,palmeira,PR
84140,-25.5482892,-49.8934132,porto amazonas,PR
84145,-24.9474702,-50.1192470,carambei,PR
84150,-25.6851212,-50.2986613,sao joao do triunfo,PR
84165,-24.7944357,-50.0104107,castro,PR
84168,-24.7756953,-50.0073953,castro,PR
84172,-24.7928762,-49.9931331,castro,PR
84173,-24.7922721,-49.9915202,castro,PR
84174,-24.8042456,-49.9905265,castro,PR
84178,-24.8068934,-50.0006168,castro,PR
84190,-24.7714860,-49.7082912,socavao,PR
84196,-23.7028527,-46.4015588,colonia castrolanda,PR
84200,-24.2577033,-49.7164234,jaguariaiva,PR
84220,-24.1136712,-49.4639594,senges,PR
84240,-24.5338561,-49.9393703,pirai do sul,PR
84250,-24.4482717,-50.7552407,imbau,PR
84261,-24.3289341,-50.6188373,telemaco borba,PR
84262,-24.3216950,-50.6218666,telemaco borba,PR
84263,-24.3245525,-50.6125523,telemaco borba,PR
84264,-24.3405716,-50.6136826,telemaco borba,PR
84265,-24.3346637,-50.6253279,telemaco borba,PR
84266,-24.3326668,-50.6362864,telemaco borba,PR
84267,-24.3264807,-50.6405069,telemaco borba,PR
84268,-24.3230548,-50.6333312,telemaco borba,PR
84269,-24.3325220,-50.6546667,telemaco borba,PR
84270,-24.3189081,-50.6477292,telemaco borba,PR
84271,-24.3177423,-50.6569394,telemaco borba,PR
84272,-24.3159002,-50.6302441,telemaco borba,PR
84275,-24.2522576,-51.6760674,harmonia,PR
84280,-24.0381450,-50.4569439,curiuva,PR
84285,-23.8500462,-50.4030159,figueira,PR
84290,-23.9104207,-50.5794614,sapopema,PR
84300,-24.5153125,-50.4124126,tibagi,PR
84315,-24.6230045,-50.6405911,caetano mendes,PR
84320,-24.6526351,-50.8497032,reserva,PR
84345,-24.2280205,-50.2563881,ventania,PR
84350,-24.2055721,-50.9338406,ortigueira,PR
84400,-25.2151398,-50.9876340,prudentopolis,PR
84430,-25.2296770,-50.6038969,imbituva,PR
84435,-25.1906948,-50.8093636,guamiranga,PR
84450,-25.0226288,-50.5837688,ipiranga,PR
84460,-25.0074819,-50.8551884,ivai,PR
84465,-25.0298458,-50.8034042,bom jardim do sul,PR
84470,-24.5758418,-51.3328281,candido de abreu,PR
84500,-25.4740933,-50.6503594,irati,PR
84530,-25.3719757,-50.4620838,teixeira soares,PR
84535,-25.4156609,-50.5500233,fernandes pinheiro,PR
84550,-25.6232298,-50.6933504,reboucas,PR
84560,-25.7266359,-50.7900497,rio azul,PR
84570,-25.8839031,-50.8270262,mallet,PR
84600,-26.2305503,-51.0859256,uniao da vitoria,PR
84601,-26.2595729,-51.1001288,uniao da vitoria,PR
84602,-26.2438422,-51.1217223,uniao da vitoria,PR
84603,-26.2306073,-51.0621878,uniao da vitoria,PR
84604,-26.2227548,-51.0437379,uniao da vitoria,PR
84605,-26.2108912,-51.0869553,uniao da vitoria,PR
84607,-26.2238035,-51.0615118,uniao da vitoria,PR
84608,-26.2024109,-51.0551815,uniao da vitoria,PR
84615,-26.1642613,-51.2249126,porto vitoria,PR
84620,-26.0164874,-51.3455878,cruz machado,PR
84630,-26.2054685,-50.9320722,paula freitas,PR
84635,-26.0478128,-50.8114891,paulo frontin,PR
84640,-26.1594298,-51.5477570,bituruna,PR
84660,-26.4211956,-51.3150163,general carneiro,PR
84900,-23.8421286,-50.1939293,ibaiti,PR
84914,-23.7071471,-50.2245728,ibaiti,PR
84920,-23.8119965,-50.1401425,japira,PR
84925,-23.7896757,-50.0586952,pinhalao,PR
84930,-23.7434134,-50.0733563,jaboti,PR
84935,-23.7776243,-49.9547756,tomazina,PR
84940,-23.6824465,-49.8232870,siqueira campos,PR
84945,-23.6052684,-49.6274758,salto do itarare,PR
84950,-23.8762268,-49.8022525,wenceslau braz,PR
84970,-23.7554320,-49.6277851,santana do itarare,PR
84980,-23.9286155,-49.6611645,sao jose da boa vista,PR
84990,-24.1425975,-49.8223672,arapoti,PR
85010,-25.3921884,-51.4669668,guarapuava,PR
85012,-25.4035586,-51.4601335,guarapuava,PR
85015,-25.4052945,-51.4711053,guarapuava,PR
85020,-25.4094321,-51.4871974,guarapuava,PR
85022,-25.4150305,-51.4745431,guarapuava,PR
85023,-25.4194532,-51.4827746,guarapuava,PR
85025,-25.3975940,-51.4911949,guarapuava,PR
85027,-25.4026635,-51.4980044,guarapuava,PR
85030,-25.3889229,-51.5059940,guarapuava,PR
85031,-25.4114636,-51.5570396,guarapuava,PR
85035,-25.3848513,-51.4785178,guarapuava,PR
85040,-25.3768363,-51.4897741,guarapuava,PR
85045,-25.3764575,-51.4816083,guarapuava,PR
85050,-25.3567873,-51.4744208,guarapuava,PR
85053,-25.3516902,-51.4910880,guarapuava,PR
85055,-25.3713430,-51.4692234,guarapuava,PR
85060,-25.3702545,-51.4612498,guarapuava,PR
85063,-25.3605758,-51.4567645,guarapuava,PR
85064,-25.3602982,-51.4380809,guarapuava,PR
85065,-25.3823098,-51.4545665,guarapuava,PR
85067,-25.3771621,-51.4439760,guarapuava,PR
85070,-25.3926732,-51.4499728,guarapuava,PR
85138,-25.5349573,-51.5063431,vitoria,PR
85139,-25.2728070,-50.0700912,vitoria,PR
85140,-25.5605429,-52.0359804,candoi,PR
85145,-25.7360094,-52.1182434,foz do jordao,PR
85148,-25.1106878,-51.7971643,campina do simao,PR
85150,-25.0373536,-51.5280908,turvo,PR
85155,-25.5780544,-51.0811761,inacio martins,PR
85160,-25.3759878,-52.1230159,cantagalo,PR
85162,-25.1990120,-51.9949621,goioxim,PR
85168,-25.1138707,-52.2575367,marquinho,PR
85170,-25.6962075,-51.6571076,pinhao,PR
85174,-25.6917447,-51.6631766,pinhao,PR
85195,-25.8188092,-52.0503975,reserva do iguacu,PR
85200,-24.7578464,-51.7659582,pitanga,PR
85225,-24.8774909,-51.5537350,boa ventura de sao roque,PR
85230,-24.9306677,-51.8862567,santa maria do oeste,PR
85240,-24.7021112,-52.1591687,mato rico,PR
85250,-24.4425362,-51.9487184,nova tebas,PR
85260,-24.5176387,-51.6744094,manoel ribas,PR
85270,-24.8856346,-52.2101409,palmital,PR
85275,-24.8918001,-52.4775857,laranjal,PR
85280,-24.7993908,-52.7154488,altamira do parana,PR
85301,-25.4068297,-52.4126447,laranjeiras do sul,PR
85302,-25.4114400,-52.4212351,laranjeiras do sul,PR
85303,-25.3905745,-52.4039987,laranjeiras do sul,PR
85304,-25.4099703,-52.4047517,laranjeiras do sul,PR
85340,-25.4992826,-52.5248564,rio bonito do iguacu,PR
85345,-25.5513483,-52.4117255,porto barreiro,PR
85350,-25.3053460,-52.5394286,nova laranjeiras,PR
85390,-25.3820853,-52.2052858,virmond,PR
85400,-25.1003362,-52.8687462,guaraniacu,PR
85408,-25.0442555,-52.6808764,diamante do sul,PR
85410,-24.5271796,-53.2591510,nova aurora,PR
85415,-24.6220596,-53.3223983,cafelandia,PR
85420,-24.7955744,-53.2979240,corbelia,PR
85422,-24.6391911,-53.2119849,ouro verde do piquiri,PR
85423,-24.7131086,-53.0869962,iguatu,PR
85425,-24.6448653,-53.1337112,anahy,PR
85430,-24.8186969,-53.1191693,braganey,PR
85440,-24.5424153,-52.9897612,ubirata,PR
85450,-25.0334838,-52.9920455,campo bonito,PR
85460,-25.4554077,-52.9131480,quedas do iguacu,PR
85465,-25.4240540,-52.8342496,espigao alto do iguacu,PR
85470,-25.2057448,-53.1536416,catanduvas,PR
85478,-25.1169735,-53.0151627,ibema,PR
85485,-25.4229005,-53.1838788,tres barras do parana,PR
85500,-26.2533523,-52.6728154,pato branco,PR
85501,-26.2264117,-52.6745472,pato branco,PR
85502,-26.2322832,-52.6845920,pato branco,PR
85503,-26.1987312,-52.6818809,pato branco,PR
85504,-26.2138745,-52.6664320,pato branco,PR
85505,-26.2302550,-52.6645403,pato branco,PR
85506,-26.2439863,-52.6742837,pato branco,PR
85507,-26.2543402,-52.6763870,pato branco,PR
85508,-26.2659475,-52.6836841,pato branco,PR
85509,-26.2411735,-52.7022277,pato branco,PR
85514,-26.0926566,-52.6453762,sao roque do chopim,PR
85515,-26.0749208,-52.8352033,bom sucesso do sul,PR
85520,-26.2661912,-52.7808342,vitorino,PR
85525,-26.3547787,-52.5543358,mariopolis,PR
85530,-26.4074802,-52.3569245,clevelandia,PR
85540,-25.9404744,-52.1778772,mangueirinha,PR
85548,-26.1492935,-52.3836044,honorio serpa,PR
85550,-25.9848657,-52.5676007,coronel vivida,PR
85555,-26.4850104,-51.9900624,palmas,PR
85557,-26.2236910,-52.0300007,coronel domingos soares,PR
85560,-25.8547466,-52.5299284,chopinzinho,PR
85565,-25.6999121,-52.7206881,sulina,PR
85568,-25.6943233,-52.6188375,saudade do iguacu,PR
85570,-25.8264840,-52.7283549,sao joao,PR
85571,-22.7265615,-43.4491955,dois irmãos,PR
85575,-25.7050296,-52.9187404,sao jorge d'oeste,PR
85579,-25.6082839,-53.0059085,sao jorge doeste,PR
85580,-25.9660775,-52.8202364,itapejara d'oeste,PR
85585,-25.8782427,-52.9125190,vere,PR
85598,-25.6009272,-53.1234831,cruzeiro do iguacu,PR
85601,-26.0806281,-53.0535522,francisco beltrao,PR
85602,-26.0688869,-53.0683715,francisco beltrao,PR
85603,-26.0443057,-53.0637136,francisco beltrao,PR
85604,-26.0647092,-53.0500299,francisco beltrao,PR
85605,-26.0720071,-53.0407052,francisco beltrao,PR
85606,-26.0358644,-53.0534380,francisco beltrao,PR
85610,-26.1578843,-52.9702679,renascenca,PR
85615,-26.1497358,-53.0296672,marmeleiro,PR
85618,-26.2558043,-53.3058526,flor da serra do sul,PR
85620,-26.1742489,-53.3597413,salgado filho,PR
85628,-26.1442223,-53.3097598,manfrinopolis,PR
85630,-25.9452842,-53.1614969,eneas marques,PR
85635,-25.8999837,-53.2615180,nova esperanca do sudoeste,PR
85640,-25.9198583,-53.4743439,ampere,PR
85650,-25.8137142,-53.4740524,santa izabel do oeste,PR
85660,-25.7488543,-53.0600883,dois vizinhos,PR
85670,-25.7838778,-53.3079653,salto do lontra,PR
85680,-25.6358190,-53.2144753,boa esperanca do iguacu,PR
85685,-25.6357521,-53.3472925,nova prata do iguacu,PR
85700,-26.2538235,-53.6338834,barracao,PR
85708,-26.1948066,-53.5986745,bom jesus do sul,PR
85710,-26.0366452,-53.6799195,santo antonio do sudoeste,PR
85727,-26.0303104,-53.4855413,pinhal de sao bento,PR
85730,-26.0181569,-53.7395120,pranchita,PR
85740,-25.8275831,-53.7406720,perola d'oeste,PR
85745,-25.8801839,-53.6666892,bela vista da caroba,PR
85750,-25.7212232,-53.7638272,planalto,PR
85760,-25.6685727,-53.8037861,capanema,PR
85770,-25.7696190,-53.5339837,realeza,PR
85780,-25.4378855,-53.4087027,boa vista da aparecida,PR
85790,-25.4862827,-53.6024811,capitao leonidas marques,PR
85794,-23.5428113,-52.2891036,alto alegre do iguacu,PR
85795,-25.4057147,-53.5670139,santa lucia,PR
85801,-24.9591843,-53.4626440,cascavel,PR
85802,-24.9664664,-53.4667298,cascavel,PR
85803,-24.9817096,-53.4609257,cascavel,PR
85804,-24.9864830,-53.4931971,cascavel,PR
85805,-24.9645462,-53.4848892,cascavel,PR
85806,-24.9601409,-53.5059743,cascavel,PR
85807,-24.9447144,-53.4903062,cascavel,PR
85808,-24.9513226,-53.5153397,cascavel,PR
85810,-24.9513833,-53.4668508,cascavel,PR
85811,-24.9406557,-53.4698000,cascavel,PR
85812,-24.9493591,-53.4479200,cascavel,PR
85813,-24.9368343,-53.4516151,cascavel,PR
85814,-24.9204926,-53.4280607,cascavel,PR
85815,-24.9340685,-53.4236815,cascavel,PR
85816,-24.9517555,-53.4251718,cascavel,PR
85817,-24.9422748,-53.4101408,cascavel,PR
85818,-24.9685300,-53.4063687,cascavel,PR
85819,-24.9775318,-53.4460444,cascavel,PR
85820,-24.9135938,-53.4508070,cascavel,PR
85822,-24.8269400,-53.6461100,sede alvorada,PR
85824,-23.1951959,-47.2888854,rio do salto,PR
85825,-25.0534357,-53.6196134,santa tereza do oeste,PR
85826,-25.2676366,-53.5728565,lindoeste,PR
85830,-24.2960245,-53.3145970,formosa do oeste,PR
85833,-24.4298087,-53.3554928,iracema do oeste,PR
85835,-24.3841432,-53.3880356,jesuitas,PR
85840,-25.1470878,-53.8500965,ceu azul,PR
85845,-25.0613323,-53.8777998,vera cruz do oeste,PR
85851,-25.5418447,-54.5848202,foz do iguacu,PR
85852,-25.5393805,-54.5750545,foz do iguacu,PR
85853,-25.5556931,-54.5636311,foz do iguacu,PR
85854,-25.5683316,-54.5691563,foz do iguacu,PR
85855,-25.5795202,-54.5668351,foz do iguacu,PR
85856,-25.5404656,-54.5533302,foz do iguacu,PR
85857,-25.5315575,-54.5561006,foz do iguacu,PR
85858,-25.5271569,-54.5419326,foz do iguacu,PR
85859,-25.5135002,-54.5348886,foz do iguacu,PR
85860,-25.5010168,-54.5689211,foz do iguacu,PR
85861,-25.5010256,-54.5578166,foz do iguacu,PR
85862,-25.4883710,-54.5216407,foz do iguacu,PR
85863,-25.5241794,-54.5695481,foz do iguacu,PR
85864,-25.5224979,-54.5844829,foz do iguacu,PR
85865,-25.5112472,-54.5857414,foz do iguacu,PR
85866,-25.4997525,-54.5745552,foz do iguacu,PR
85867,-25.4754374,-54.5849954,foz do iguacu,PR
85868,-25.4872194,-54.5763171,foz do iguacu,PR
85869,-25.4906515,-54.5573664,foz do iguacu,PR
85870,-25.4541814,-54.5710850,foz do iguacu,PR
85875,-25.4428621,-54.4027647,santa terezinha de itaipu,PR
85877,-25.3536066,-54.2295060,sao miguel do iguacu,PR
85878,-25.3689390,-54.1587132,aurora do iguacu,PR
85880,-25.1479806,-54.3036515,itaipulandia,PR
85883,-23.1631225,-53.3077973,sao jose do itavo,PR
85884,-25.2932017,-54.0951342,medianeira,PR
85885,-25.4142550,-54.0410996,serranopolis do iguacu,PR
85887,-25.1977818,-53.9076102,matelandia,PR
85888,-25.1193390,-54.0284015,ramilandia,PR
85890,-25.0922810,-54.2422055,missal,PR
85892,-24.8674063,-54.3300189,santa helena,PR
85896,-24.9426482,-54.1039967,diamante d'oeste,PR
85898,-24.8358331,-54.0603642,sao jose das palmeiras,PR
85900,-24.7282075,-53.7399278,toledo,PR
85901,-24.7368155,-53.7406590,toledo,PR
85902,-24.7333710,-53.7522374,toledo,PR
85903,-24.7183858,-53.7589626,toledo,PR
85904,-24.7116736,-53.7476065,toledo,PR
85905,-24.7129558,-53.7349578,toledo,PR
85906,-24.7207824,-53.7204516,toledo,PR
85907,-24.7453358,-53.7088929,toledo,PR
85908,-24.7354878,-53.7073642,toledo,PR
85909,-24.7392847,-53.7236122,toledo,PR
85910,-24.7493263,-53.7254271,toledo,PR
85911,-24.7604721,-53.7333437,toledo,PR
85912,-24.7589468,-53.7351847,toledo,PR
85913,-24.7520498,-53.7427353,toledo,PR
85914,-24.7452426,-53.7463058,toledo,PR
85915,-24.7625153,-53.7436368,toledo,PR
85920,-24.6785753,-53.9159740,dez de maio,PR
85925,-24.6260600,-53.7586700,novo sobradinho,PR
85926,-24.5763973,-53.8008236,vila nova,PR
85927,-24.5473827,-53.8962457,novo sarandi,PR
85929,-24.9140719,-53.8866499,sao pedro do iguacu,PR
85930,-24.4623801,-53.9565043,nova santa rosa,PR
85933,-24.7737981,-53.9049963,ouro verde do oeste,PR
85935,-24.4020214,-53.5174041,assis chateaubriand,PR
85936,-24.4182911,-53.6557160,encantado d'oeste,PR
85937,-24.6093892,-53.6160285,bragantina,PR
85940,-24.5715871,-53.9764697,quatro pontes,PR
85945,-24.5990529,-53.5087666,tupassi,PR
85948,-24.6258091,-54.2267309,pato bragado,PR
85950,-24.2857972,-53.8376776,palotina,PR
85952,-24.1912892,-53.9128023,são camilo,PR
85955,-24.4213013,-53.8284889,maripa,PR
85957,-24.4795715,-53.7960865,maripa,PR
85960,-24.5545250,-54.0585250,marechal candido rondon,PR
85976,-24.4888226,-54.3044943,porto mendes,PR
85980,-24.0867445,-54.2511850,guaira,PR
85985,-24.2514272,-54.2658045,doutor oliveira castro,PR
85988,-24.7029665,-54.2374480,entre rios do oeste,PR
85990,-24.1680294,-54.0972323,terra roxa,PR
85995,-24.3694678,-54.0152343,santa rita do oeste,PR
85998,-24.4520022,-54.1677998,mercedes,PR
86010,-23.3181271,-51.1571364,londrina,PR
86015,-23.3292551,-51.1594409,londrina,PR
86020,-23.3126011,-51.1671797,londrina,PR
86025,-23.2980617,-51.1641415,londrina,PR
86026,-23.3112786,-51.1570841,londrina,PR
86027,-23.3018321,-51.1446760,londrina,PR
86030,-23.2945306,-51.1292002,londrina,PR
86031,-23.2839914,-51.1202615,londrina,PR
86032,-23.2904071,-51.0966050,londrina,PR
86035,-23.3110834,-51.1349171,londrina,PR
86036,-23.3170906,-51.1274940,londrina,PR
86037,-23.3209584,-51.1127386,londrina,PR
86038,-23.3274178,-51.1226990,londrina,PR
86039,-23.3208211,-51.1417962,londrina,PR
86040,-23.3389936,-51.1361861,londrina,PR
86041,-23.3556014,-51.1388060,londrina,PR
86042,-23.3680592,-51.1418165,londrina,PR
86043,-23.3646827,-51.1336212,londrina,PR
86044,-23.3864922,-51.1322071,londrina,PR
86045,-23.3670756,-51.1573850,londrina,PR
86046,-23.3478561,-51.1484142,londrina,PR
86047,-23.3469658,-51.1716591,londrina,PR
86049,-23.3715016,-51.1531396,londrina,PR
86050,-23.3313368,-51.1772455,londrina,PR
86055,-23.3344298,-51.1871656,londrina,PR
86056,-23.3274522,-51.2225026,londrina,PR
86057,-23.3233049,-51.2089247,londrina,PR
86058,-23.3484885,-51.2070001,londrina,PR
86060,-23.3124460,-51.1756662,londrina,PR
86061,-23.3120515,-51.1796977,londrina,PR
86062,-23.3056419,-51.1869609,londrina,PR
86063,-23.3117847,-51.1977003,londrina,PR
86065,-23.3038686,-51.2031877,londrina,PR
86066,-23.3134804,-51.2134117,londrina,PR
86067,-23.2930513,-51.2230421,londrina,PR
86070,-23.2964266,-51.1818020,londrina,PR
86071,-23.2928019,-51.1965028,londrina,PR
86072,-23.2867201,-51.2052685,londrina,PR
86073,-23.2815361,-51.1892455,londrina,PR
86075,-23.2868003,-51.1674220,londrina,PR
86076,-23.2862542,-51.1792826,londrina,PR
86077,-23.2775672,-51.1669181,londrina,PR
86078,-23.2772799,-51.1540943,londrina,PR
86079,-23.2873432,-51.1553507,londrina,PR
86080,-23.2762427,-51.1802046,londrina,PR
86081,-23.2664062,-51.1856360,londrina,PR
86082,-23.2577274,-51.1720223,londrina,PR
86083,-23.2663332,-51.1705852,londrina,PR
86084,-23.2673164,-51.1597044,londrina,PR
86085,-23.2525438,-51.1463461,londrina,PR
86086,-23.2574267,-51.1381533,londrina,PR
86087,-23.2740595,-51.1466628,londrina,PR
86088,-23.2626244,-51.1463303,londrina,PR
86089,-23.2513016,-51.2097539,londrina,PR
86112,-23.5285841,-51.0833386,paiquere,PR
86125,-23.7247707,-51.0960553,tamarana,PR
86130,-22.9936234,-51.1975767,bela vista do paraiso,PR
86140,-22.8536469,-51.0273129,primeiro de maio,PR
86150,-22.7792453,-51.2297868,alvorada do sul,PR
86160,-22.7523960,-51.3794348,porecatu,PR
86165,-22.8665726,-51.3905430,florestopolis,PR
86170,-23.0590612,-51.0375417,sertanopolis,PR
86181,-23.2798362,-51.2835236,cambe,PR
86182,-23.2732746,-51.2816423,cambe,PR
86183,-23.2736361,-51.2554564,cambe,PR
86184,-23.2664579,-51.2804406,cambe,PR
86185,-23.2891260,-51.2429697,cambe,PR
86186,-23.2965977,-51.2399448,cambe,PR
86187,-23.3052295,-51.2194377,cambe,PR
86188,-23.3076915,-51.2266900,cambe,PR
86189,-23.2987490,-51.2575227,cambe,PR
86191,-23.2857529,-51.2636778,cambe,PR
86192,-23.2859440,-51.2736397,cambe,PR
86200,-23.2694351,-51.0529404,ibipora,PR
86210,-23.2572347,-50.9708579,jataizinho,PR
86220,-23.3754513,-50.8458051,assai,PR
86225,-23.5184401,-50.7841909,santa cecilia do pavao,PR
86230,-23.3312667,-50.7185422,nova america da colina,PR
86240,-23.4650168,-50.7610405,sao sebastiao da amoreira,PR
86250,-23.5880551,-50.7629267,nova santa barbara,PR
86270,-23.7187695,-50.7422731,sao jeronimo da serra,PR
86280,-23.2025381,-50.7936522,urai,PR
86285,-23.2300492,-50.8586500,cruzeiro do norte,PR
86290,-23.0717655,-50.9139751,rancho alegre,PR
86300,-23.1811611,-50.6496078,cornelio procopio,PR
86305,-23.2006582,-50.7230797,congonhas,PR
86310,-23.4339053,-50.5615609,nova fatima,PR
86315,-23.4929075,-50.6440839,santo antonio do paraiso,PR
86320,-23.5535220,-50.5499237,congonhinhas,PR
86330,-23.0792699,-50.7501520,leopolis,PR
86340,-23.0370133,-50.8178700,sertaneja,PR
86350,-23.1473778,-50.5189821,santa mariana,PR
86358,-22.9523787,-50.5862789,panema,PR
86360,-23.1118969,-50.3715514,bandeirantes,PR
86370,-23.2675877,-50.4284502,santa amelia,PR
86375,-23.0175192,-50.4065879,itambaraca,PR
86380,-23.0482681,-50.2306200,andira,PR
86385,-23.1127184,-50.1758604,barra do jacare,PR
86390,-23.0415471,-50.0752787,cambara,PR
86400,-23.1583674,-49.9766213,jacarezinho,PR
86410,-23.1965389,-49.7579289,ribeirao claro,PR
86420,-23.4277146,-49.7181564,carlopolis,PR
86430,-23.2951400,-50.0756432,santo antonio da platina,PR
86450,-23.5674438,-49.9140597,quatigua,PR
86455,-23.5002126,-49.9218017,joaquim tavora,PR
86460,-23.3045227,-50.3109724,abatia,PR
86465,-23.5156849,-50.0434766,guapirama,PR
86470,-23.4380496,-50.2474364,jundiai do sul,PR
86480,-23.6235759,-50.1692756,conselheiro mairinck,PR
86490,-23.4095104,-50.3578768,ribeirao do pinhal,PR
86600,-23.3124766,-51.3650035,rolandia,PR
86601,-23.3013097,-51.3634669,rolandia,PR
86602,-23.3031063,-51.3919552,rolandia,PR
86604,-23.3181478,-51.3916196,rolandia,PR
86605,-23.3227152,-51.3705510,rolandia,PR
86606,-23.3352349,-51.3933905,rolandia,PR
86609,-23.1951473,-51.4414391,sao martinho,PR
86610,-23.1134495,-51.5331354,jaguapita,PR
86613,-23.2338755,-51.5834922,pitangueiras,PR
86615,-22.9671495,-51.4849204,miraselva,PR
86618,-23.0397372,-51.4426127,prado ferreira,PR
86620,-22.9690284,-51.6481827,guaraci,PR
86625,-22.9299195,-51.7144591,bentopolis,PR
86630,-22.8214087,-51.5949771,centenario do sul,PR
86635,-22.7548733,-51.6583039,lupionopolis,PR
86640,-22.7903338,-51.7156004,cafeara,PR
86650,-22.6935646,-51.7889621,santo inacio,PR
86660,-22.6393031,-51.9036121,santa inês,PR
86670,-22.6174067,-51.9669509,itaguaje,PR
86680,-22.9140735,-51.7971811,nossa senhora das gracas,PR
86690,-22.8376539,-51.9734220,colorado,PR
86695,-22.8973884,-51.8885097,alto alegre,PR
86700,-23.4101862,-51.4353375,arapongas,PR
86701,-23.4091977,-51.4375872,arapongas,PR
86702,-23.3906066,-51.4466445,arapongas,PR
86703,-23.3931886,-51.4198850,arapongas,PR
86704,-23.3909927,-51.4171370,arapongas,PR
86705,-23.4085729,-51.4229975,arapongas,PR
86706,-23.4279012,-51.4238854,arapongas,PR
86707,-23.4248204,-51.4336615,arapongas,PR
86708,-23.4148674,-51.4441199,arapongas,PR
86709,-23.4113463,-51.4569418,arapongas,PR
86710,-23.4189654,-51.4321970,arapongas,PR
86711,-23.4079463,-51.4521964,arapongas,PR
86716,-23.3937055,-51.4244110,arapongas,PR
86720,-23.3211102,-51.5552023,sabaudia,PR
86730,-23.2366734,-51.6679339,astorga,PR
86742,-23.1744773,-51.6781668,santa zelia,PR
86744,-23.1705809,-51.6355346,icara,PR
86750,-23.2009321,-51.8294927,iguaracu,PR
86755,-23.1937789,-51.9162800,angulo,PR
86760,-23.1482683,-51.7740968,munhoz de melo,PR
86770,-23.0396285,-51.8107613,santa fe,PR
86780,-23.0882237,-51.9550434,florida,PR
86790,-23.0099780,-51.9519723,lobato,PR
86800,-23.5544771,-51.4657560,apucarana,PR
86801,-23.5573576,-51.4868182,apucarana,PR
86802,-23.5694652,-51.4676255,apucarana,PR
86803,-23.5324553,-51.4563926,apucarana,PR
86804,-23.5406008,-51.4511961,apucarana,PR
86805,-23.5403590,-51.4420991,apucarana,PR
86806,-23.5262922,-51.4337932,apucarana,PR
86807,-23.5464744,-51.4380036,apucarana,PR
86808,-23.5548266,-51.4506956,apucarana,PR
86809,-23.5635897,-51.4546471,apucarana,PR
86810,-23.5695193,-51.4560179,apucarana,PR
86811,-23.5618132,-51.4432470,apucarana,PR
86812,-23.5539247,-51.4288921,apucarana,PR
86813,-23.5708847,-51.4421049,apucarana,PR
86818,-23.5624891,-51.5195482,pirapo,PR
86819,-23.6120345,-51.4084329,vila reis,PR
86820,-23.6655232,-51.3565967,california,PR
86825,-23.7480059,-51.3040099,marilandia do sul,PR
86828,-23.8996592,-51.2272977,maua da serra,PR
86830,-23.7627262,-51.4133762,rio bom,PR
86840,-23.9987114,-51.3236114,faxinal,PR
86845,-24.1508512,-51.4962355,grandes rios,PR
86848,-24.3242005,-51.3117315,rio branco do ivai,PR
86850,-24.2549120,-51.2514628,rosario do ivai,PR
86855,-23.9940535,-51.4422400,cruzmaltina,PR
86860,-24.1802486,-51.6900725,jardim alegre,PR
86865,-24.0858177,-51.6449071,lidianopolis,PR
86870,-24.2463969,-51.6706676,ivaipora,PR
86880,-24.3835452,-51.5829004,ariranha do ivai,PR
86884,-24.3138323,-51.8049106,arapua,PR
86890,-23.6048889,-51.5790705,cambira,PR
86895,-23.7650906,-51.5067042,novo itacolomi,PR
86900,-23.6022351,-51.6440725,jandaia do sul,PR
86910,-23.7069981,-51.6402307,marumbi,PR
86920,-23.8286613,-51.6723173,kalore,PR
86925,-23.9403177,-51.5851805,borrazopolis,PR
86930,-23.9931052,-51.8194654,sao joao do ivai,PR
86931,-23.9575012,-51.9157938,luar,PR
86932,-24.0903750,-54.2558253,ubauna,PR
86935,-24.0783228,-51.7431589,lunardelli,PR
86938,-24.1944170,-51.9247673,godoy moreira,PR
86940,-23.7092915,-51.7678310,bom sucesso,PR
86945,-23.8927055,-51.8148159,sao pedro do ivai,PR
86950,-23.9158172,-51.9792194,fenix,PR
86960,-24.0274351,-52.0090240,barbosa ferraz,PR
86970,-24.1010291,-52.1170973,corumbatai do sul,PR
86975,-23.5221166,-51.6776634,mandaguari,PR
86990,-23.4839243,-51.7999091,marialva,PR
86995,-23.5847430,-51.9027435,aquidaban,PR
87005,-23.4417408,-51.9274916,maringa,PR
87010,-23.4384989,-51.9351892,maringa,PR
87013,-23.4224865,-51.9384051,maringa,PR
87014,-23.4288027,-51.9481944,maringa,PR
87015,-23.4283198,-51.9583342,maringa,PR
87020,-23.4129143,-51.9420381,maringa,PR
87023,-23.3912331,-51.9352918,maringa,PR
87024,-23.3701950,-51.9442123,maringa,PR
87025,-23.3824721,-51.9279665,maringa,PR
87030,-23.4137700,-51.9270699,maringa,PR
87031,-23.4219798,-51.9340538,maringa,PR
87033,-23.4005092,-51.9183773,maringa,PR
87035,-23.3877977,-51.9089307,maringa,PR
87040,-23.4137429,-51.9075433,maringa,PR
87043,-23.4012675,-51.8943330,maringa,PR
87045,-23.4241389,-51.8956859,maringa,PR
87047,-23.4144328,-51.8860180,maringa,PR
87050,-23.4311306,-51.9182353,maringa,PR
87053,-23.4584086,-51.9196628,maringa,PR
87055,-23.4514716,-51.9056211,maringa,PR
87060,-23.4490398,-51.9534231,maringa,PR
87062,-23.4650219,-51.9514793,maringa,PR
87063,-23.4681985,-51.9250159,maringa,PR
87065,-23.4450686,-51.9771308,maringa,PR
87070,-23.4128915,-51.9802496,maringa,PR
87075,-23.3956073,-51.9747975,maringa,PR
87080,-23.4074016,-51.9584231,maringa,PR
87083,-23.3876449,-51.9551937,maringa,PR
87103,-23.3808600,-52.0515933,maringa,PR
87105,-23.4123090,-51.9304025,maringa,PR
87110,-23.4416163,-51.8737572,sarandi,PR
87111,-23.4480413,-51.8699603,sarandi,PR
87112,-23.4554512,-51.8766794,sarandi,PR
87113,-23.4324046,-51.8736323,sarandi,PR
87114,-23.4334505,-51.8667028,sarandi,PR
87117,-23.4708200,-51.8760898,sarandi,PR
87118,-23.4379549,-51.8766263,sarandi,PR
87120,-23.6143741,-52.0827944,floresta,PR
87130,-23.6117647,-52.2067352,ivatuba,PR
87140,-23.4568209,-52.0399055,paicandu,PR
87145,-23.5018057,-52.1509259,paicandu,PR
87155,-23.5546797,-52.2184884,doutor camargo,PR
87160,-23.3449559,-52.0990483,mandaguacu,PR
87165,-23.3432472,-52.0932698,pulinopolis,PR
87170,-23.4046324,-52.1935518,ourizona,PR
87175,-23.6586608,-51.9911293,itambe,PR
87180,-23.2769556,-52.1540996,presidente castelo branco,PR
87185,-23.3188096,-52.3052557,florai,PR
87190,-23.4342549,-52.2922622,sao jorge do ivai,PR
87200,-23.6559860,-52.6096660,cianorte,PR
87201,-23.6463165,-52.6153768,cianorte,PR
87202,-23.6508786,-52.6287036,cianorte,PR
87203,-23.6563480,-52.6285397,cianorte,PR
87204,-23.6576969,-52.6319095,cianorte,PR
87205,-23.6718719,-52.6338366,cianorte,PR
87206,-23.6866506,-52.6331057,cianorte,PR
87207,-23.6742333,-52.6218007,cianorte,PR
87208,-23.6717258,-52.6087534,cianorte,PR
87209,-23.6644476,-52.5963431,cianorte,PR
87210,-23.6579237,-52.5899304,cianorte,PR
87214,-23.6051192,-52.5185602,vidigal,PR
87215,-23.3870810,-52.6270245,sao manoel do parana,PR
87220,-23.5354770,-52.5893352,sao tome,PR
87225,-23.4719362,-52.5555227,japura,PR
87230,-23.6227481,-52.4701184,jussara,PR
87235,-23.4794783,-52.6974418,indianopolis,PR
87240,-23.7718584,-52.4483280,terra boa,PR
87250,-23.9162447,-52.3448382,peabiru,PR
87260,-23.9294957,-52.5006492,araruna,PR
87265,-23.8500518,-52.1321249,quinta do sol,PR
87270,-23.7986992,-52.2634235,engenheiro beltrao,PR
87275,-25.4617361,-49.2867219,ivailandia,PR
87280,-24.4099376,-52.1007580,iretama,PR
87290,-24.2842885,-52.2767682,luiziana,PR
87300,-24.0412189,-52.3716541,campo mourao,PR
87301,-24.0494275,-52.3765685,campo mourao,PR
87302,-24.0430103,-52.3860914,campo mourao,PR
87303,-24.0340785,-52.3756413,campo mourao,PR
87305,-24.0485849,-52.3998485,campo mourao,PR
87306,-24.0538758,-52.4146911,campo mourao,PR
87307,-24.0469444,-52.3657610,campo mourao,PR
87308,-24.0247803,-52.3720582,campo mourao,PR
87309,-24.0212266,-52.3607974,campo mourao,PR
87310,-24.0166901,-52.3531756,campo mourao,PR
87320,-24.5938674,-52.2779909,roncador,PR
87325,-24.0952314,-52.6232419,farol,PR
87330,-24.6723581,-52.5705626,nova cantu,PR
87340,-24.3142515,-52.5291131,mambore,PR
87345,-24.5924116,-52.8041532,campina da lagoa,PR
87355,-24.4192678,-52.8454952,juranda,PR
87357,-24.4746130,-52.8777590,rio verde,PR
87360,-24.1859363,-53.0256286,goioere,PR
87365,-24.2794303,-53.0741779,quarto centenario,PR
87370,-24.0515480,-53.0063730,moreira sales,PR
87375,-24.1103826,-52.8876915,paraná d'oeste,PR
87380,-24.1376542,-52.7832004,janiopolis,PR
87390,-24.2430492,-52.7869601,boa esperanca,PR
87395,-24.3052319,-52.9570881,rancho alegre d'oeste,PR
87400,-23.8021456,-53.0296947,cruzeiro do oeste,PR
87408,-23.5319094,-53.0840443,sao silvestre,PR
87430,-23.7341268,-52.8661341,tapejara,PR
87450,-23.8659891,-52.8738785,tuneiras do oeste,PR
87470,-24.0099645,-53.1513191,mariluz,PR
87480,-23.6162513,-53.2059772,maria helena,PR
87485,-23.3830323,-53.2914550,douradina,PR
87490,-23.4719192,-53.0889153,nova olimpia,PR
87501,-23.7627710,-53.3103140,umuarama,PR
87502,-23.7594156,-53.2927837,umuarama,PR
87503,-23.7675593,-53.3208780,umuarama,PR
87504,-23.7517376,-53.3007296,umuarama,PR
87505,-23.7703039,-53.2939964,umuarama,PR
87506,-23.7810968,-53.3182878,umuarama,PR
87507,-23.7869207,-53.2989940,umuarama,PR
87508,-23.7779823,-53.3290314,umuarama,PR
87509,-23.7425914,-53.3189235,umuarama,PR
87510,-23.7684628,-53.3346256,umuarama,PR
87518,-23.6195354,-53.3821207,serra dos dourados,PR
87520,-23.7695577,-53.1981015,umuarama,PR
87521,-23.5282484,-53.4653623,santa eliza,PR
87525,-23.4071963,-53.3695008,ivate,PR
87528,-23.5067867,-53.7291382,alto paraiso,PR
87530,-23.3931629,-53.6195027,icaraima,PR
87535,-23.7332247,-53.5018926,xambre,PR
87538,-23.8948468,-53.4075293,perobal,PR
87540,-23.8030959,-53.6815509,perola,PR
87545,-23.7244904,-53.8106263,esperanca nova,PR
87550,-23.8721134,-53.8936549,altonia,PR
87555,-23.7638885,-53.8791685,sao jorge do patrocinio,PR
87560,-24.0045402,-53.7090067,ipora,PR
87565,-23.9041222,-53.5135872,cafezal do sul,PR
87567,-24.2479746,-51.6760127,guaipora,PR
87569,-24.0121345,-53.5355741,jangada,PR
87570,-24.0762278,-53.8524240,francisco alves,PR
87575,-8.4740081,-35.7421099,rio bonito,PR
87580,-24.0322676,-53.4398575,alto piquiri,PR
87595,-24.1972492,-53.5271159,brasilandia do sul,PR
87600,-23.1853872,-52.2042237,nova esperanca,PR
87630,-23.1516579,-52.0521151,atalaia,PR
87640,-23.0869738,-52.1575604,uniflor,PR
87650,-22.9630217,-52.1629886,cruzeiro do sul,PR
87660,-22.9310235,-52.1536304,paranacity,PR
87666,-22.9317086,-52.1546300,paranacity,PR
87670,-22.7512084,-52.1983238,inaja,PR
87680,-22.6568361,-52.0836487,paranapoema,PR
87690,-22.5525766,-52.0375460,jardim olinda,PR
87701,-23.0850894,-52.4628752,paranavai,PR
87702,-23.0788379,-52.4647319,paranavai,PR
87703,-23.0659747,-52.4645510,paranavai,PR
87704,-23.0771664,-52.4572323,paranavai,PR
87705,-23.0810550,-52.4534495,paranavai,PR
87706,-23.0795112,-52.4420574,paranavai,PR
87707,-23.0862042,-52.4466433,paranavai,PR
87708,-23.0920345,-52.4546262,paranavai,PR
87709,-23.0800201,-52.4607899,paranavai,PR
87710,-23.0973657,-52.4791881,paranavai,PR
87711,-23.0966830,-52.4658588,paranavai,PR
87720,-23.0699886,-52.4158590,paranavai,PR
87722,-23.0845042,-52.6060821,graciosa,PR
87730,-22.7390964,-52.3460189,santo antonio do caiua,PR
87740,-22.8557789,-52.3367725,sao joao do caiua,PR
87750,-23.1303490,-52.3203049,alto parana,PR
87760,-23.1995629,-52.4995394,tamboara,PR
87770,-23.3167373,-52.4771503,sao carlos do ivai,PR
87780,-23.2834757,-52.6040010,paraiso do norte,PR
87790,-23.1773940,-52.6053471,nova alianca do ivai,PR
87800,-23.4174719,-52.7726762,rondon,PR
87810,-23.3409198,-52.7768741,guaporema,PR
87820,-23.3826159,-52.9408617,cidade gaucha,PR
87830,-23.3200902,-53.0726939,tapira,PR
87840,-23.2364945,-52.7619912,mirador,PR
87850,-23.0949972,-52.7867352,amapora,PR
87860,-23.0221271,-52.9201346,planaltina do parana,PR
87880,-22.9386661,-52.6873491,guairaca,PR
87890,-22.7248241,-52.6225935,terra rica,PR
87895,-22.6940086,-52.7197073,adhemar de barros,PR
87900,-22.9293838,-53.1358726,loanda,PR
87910,-23.0051874,-53.1945017,santa isabel do ivai,PR
87913,-23.1322485,-53.2774121,sao jose do ivai,PR
87915,-23.1376765,-53.1045886,santa monica,PR
87920,-22.9581498,-53.2948510,santa cruz de monte castelo,PR
87930,-23.0848482,-53.4845388,querencia do norte,PR
87950,-22.7750711,-53.2678404,porto rico,PR
87955,-22.8278572,-53.2090396,sao pedro do parana,PR
87957,-23.1307666,-53.2750369,porto sao jose,PR
87960,-22.7372458,-53.0333434,marilena,PR
87970,-22.7634966,-52.9882985,nova londrina,PR
87980,-22.7299147,-52.8854168,itauna do sul,PR
87990,-22.6589150,-52.8644899,diamante do norte,PR
88000,-27.4682781,-48.4668516,florianopolis,SC
88010,-27.5928834,-48.5524711,florianopolis,SC
88015,-27.5898675,-48.5511530,florianopolis,SC
88020,-27.5937577,-48.5443138,florianopolis,SC
88021,-27.6119891,-48.5446690,florianopolis,SC
88025,-27.5776336,-48.5354830,florianopolis,SC
88030,-27.5636012,-48.5135576,florianopolis,SC
88032,-27.5283671,-48.4919137,florianopolis,SC
88034,-27.5840022,-48.5016788,florianopolis,SC
88035,-27.5911410,-48.5091766,florianopolis,SC
88036,-27.5893169,-48.5224681,florianopolis,SC
88037,-27.6001826,-48.5069163,florianopolis,SC
88040,-27.6038312,-48.5235626,florianopolis,SC
88045,-27.6081671,-48.5335872,florianopolis,SC
88047,-27.6536015,-48.5309348,florianopolis,SC
88048,-27.6526084,-48.4824569,florianopolis,SC
88049,-27.6856847,-48.5603594,florianopolis,SC
88050,-27.5183764,-48.5162770,florianopolis,SC
88051,-27.4909620,-48.5276963,florianopolis,SC
88052,-27.4760434,-48.4608823,florianopolis,SC
88053,-27.4432133,-48.4983285,florianopolis,SC
88054,-27.4326858,-48.4658574,florianopolis,SC
88056,-27.4198424,-48.4264664,florianopolis,SC
88058,-27.4428954,-48.4014811,florianopolis,SC
88060,-27.4886580,-48.4149788,florianopolis,SC
88061,-27.5810846,-48.4311360,florianopolis,SC
88062,-27.6081917,-48.4707049,florianopolis,SC
88063,-27.6816878,-48.4907735,florianopolis,SC
88064,-27.7244728,-48.5418846,florianopolis,SC
88065,-27.6811146,-48.5064594,florianopolis,SC
88066,-27.7252823,-48.5065472,florianopolis,SC
88067,-27.7804019,-48.5214700,florianopolis,SC
88070,-27.5914708,-48.5831567,florianopolis,SC
88075,-27.5854860,-48.5798901,florianopolis,SC
88080,-27.6076586,-48.5809999,florianopolis,SC
88085,-27.6065730,-48.5927121,florianopolis,SC
88090,-27.5922137,-48.5954688,florianopolis,SC
88095,-27.5819708,-48.5947615,florianopolis,SC
88101,-27.5952324,-48.6175923,sao jose,SC
88102,-27.5958082,-48.6161971,sao jose,SC
88103,-27.6092821,-48.6290950,sao jose,SC
88104,-27.6211245,-48.6399888,sao jose,SC
88106,-27.6021917,-48.6424270,sao jose,SC
88107,-27.5822191,-48.6665820,sao jose,SC
88108,-27.5906267,-48.6238543,sao jose,SC
88110,-27.5751927,-48.6183102,sao jose,SC
88111,-27.5663376,-48.6254662,sao jose,SC
88113,-27.5580238,-48.6317248,sao jose,SC
88115,-27.5428797,-48.6334261,sao jose,SC
88117,-27.5792173,-48.6075933,sao jose,SC
88119,-27.5753512,-48.6461168,sao jose,SC
88122,-27.5993055,-48.6831328,sao jose,SC
88123,-27.5831256,-48.7160774,sao jose,SC
88125,-27.5680587,-48.7775192,sao pedro de alcantara,SC
88130,-27.6365396,-48.6554893,palhoca,SC
88131,-27.6568529,-48.6665884,palhoca,SC
88132,-27.6468928,-48.6805450,palhoca,SC
88133,-27.6293945,-48.6644839,palhoca,SC
88134,-27.6795443,-48.6506538,palhoca,SC
88135,-27.6781985,-48.6870968,palhoca,SC
88136,-27.6408275,-48.7094777,palhoca,SC
88137,-27.6564209,-48.6658397,palhoca,SC
88138,-27.7539264,-48.6334942,palhoca,SC
88139,-27.8855437,-48.5907141,palhoca,SC
88140,-27.6874146,-48.7718891,santo amaro da imperatriz,SC
88150,-27.7010335,-48.8382096,aguas mornas,SC
88160,-27.5071702,-48.6448827,biguacu,SC
88161,-27.5130758,-48.6533217,biguacu,SC
88162,-27.5270419,-48.6434504,biguaçu,SC
88164,-27.4932310,-48.6640265,biguacu,SC
88165,-27.4754714,-48.6624686,biguacu,SC
88168,-27.4435020,-48.6354114,biguacu,SC
88180,-27.5166499,-48.7688494,antonio carlos,SC
88190,-27.3433674,-48.5533304,governador celso ramos,SC
88200,-27.2392489,-48.6370669,tijucas,SC
88210,-27.1572817,-48.5700470,porto belo,SC
88215,-27.1565725,-48.5032038,bombinhas,SC
88220,-27.1047757,-48.6222962,itapema,SC
88230,-27.2657016,-48.7680176,canelinha,SC
88240,-27.2788498,-48.8512149,sao joao batista,SC
88260,-27.4180438,-48.9996016,major gercino,SC
88270,-27.2829994,-48.9307729,nova trento,SC
88295,-27.2008220,-49.0783737,botuvera,SC
88301,-26.9118769,-48.6563941,itajai,SC
88302,-26.9173477,-48.6598559,itajai,SC
88303,-26.9125738,-48.6739797,itajai,SC
88304,-26.9029534,-48.6774343,itajai,SC
88305,-26.8933300,-48.6759041,itajai,SC
88306,-26.9393516,-48.6393678,itajai,SC
88307,-26.9257113,-48.6787938,itajai,SC
88308,-26.9232533,-48.6958411,itajai,SC
88309,-26.9039248,-48.6930495,itajai,SC
88310,-26.8926373,-48.6983381,itajai,SC
88311,-26.8840744,-48.7058280,itajai,SC
88312,-26.9119398,-48.7057129,itajai,SC
88313,-26.9713080,-48.6832325,itajai,SC
88316,-26.9437493,-48.7216359,itajai,SC
88317,-26.8892399,-48.7386808,itajai,SC
88318,-26.9874724,-48.7935604,itajai,SC
88320,-26.9025491,-48.8250910,ilhota,SC
88330,-26.9927043,-48.6321515,balneario camboriu,SC
88331,-26.9671840,-48.6357262,balneario camboriu,SC
88332,-27.0149970,-48.6053926,balneario camboriu,SC
88333,-28.0811864,-49.0809689,balneario camboriu,SC
88334,-27.0510868,-48.5943510,balneario camboriu,SC
88336,-27.0228391,-48.6148203,balneario camboriu,SC
88337,-27.0067025,-48.6362656,balneario camboriu,SC
88338,-26.9767072,-48.6445381,balneario camboriu,SC
88339,-26.9370399,-48.6453168,balneario camboriu,SC
88340,-27.0236239,-48.6482626,camboriu,SC
88341,-27.0344647,-48.6511100,camboriu,SC
88343,-27.0377786,-48.6387330,camboriu,SC
88345,-27.0308489,-48.6620818,camboriu,SC
88347,-27.0344520,-48.6629527,camboriu,SC
88348,-27.0018293,-48.6580613,camboriu,SC
88349,-26.9836674,-48.6819599,camboriu,SC
88350,-27.1057241,-48.9333182,brusque,SC
88351,-27.0850786,-48.9177557,brusque,SC
88352,-27.0766169,-48.8931947,brusque,SC
88353,-27.1210525,-48.9119762,brusque,SC
88354,-27.1096726,-48.9266118,brusque,SC
88355,-27.0677305,-48.9059129,brusque,SC
88356,-27.0740879,-48.8625251,brusque,SC
88357,-27.1523454,-48.8966346,brusque,SC
88358,-27.1569777,-48.9338585,brusque,SC
88359,-27.1477922,-48.9579180,brusque,SC
88360,-27.0885988,-48.9795981,guabiruba,SC
88370,-26.8906659,-48.6553284,navegantes,SC
88371,-26.8706336,-48.6830307,navegantes,SC
88372,-26.8434312,-48.6349157,navegantes,SC
88373,-26.8473567,-48.6585647,navegantes,SC
88374,-26.7960651,-48.7562894,navegantes,SC
88375,-26.8737678,-48.6728283,navegantes,SC
88380,-26.7607714,-48.6819098,balneario picarras,SC
88385,-26.7908327,-48.6312427,penha,SC
88390,-26.6609702,-48.6919533,barra velha,SC
88395,-26.6021399,-48.7902609,sao joao do itaperiu,SC
88400,-27.4172065,-49.5990465,ituporanga,SC
88405,-26.4500000,-50.8333300,rio bonito,SC
88407,-27.5896920,-49.5506968,chapadao do lageado,SC
88410,-27.4213213,-49.7829500,atalanta,SC
88420,-27.4082621,-49.8300827,agrolandia,SC
88430,-27.5233303,-49.6872819,petrolandia,SC
88440,-27.4887327,-49.4222440,imbuia,SC
88443,-27.3911051,-49.3599746,vidal ramos,SC
88445,-27.5082982,-49.2897902,leoberto leal,SC
88450,-27.7001386,-49.3315744,alfredo wagner,SC
88460,-27.5820601,-48.9843866,angelina,SC
88470,-27.6726536,-49.0220322,rancho queimado,SC
88475,-27.9041060,-49.1285502,anitapolis,SC
88485,-27.8956158,-48.9310008,sao bonifacio,SC
88490,-27.9786655,-48.6827176,paulo lopes,SC
88495,-28.0387377,-48.6314633,garopaba,SC
88501,-27.8177237,-50.3307523,lages,SC
88502,-27.8147552,-50.3239918,lages,SC
88503,-27.8266052,-50.3279746,lages,SC
88504,-27.8218032,-50.3435993,lages,SC
88505,-27.8089386,-50.3446659,lages,SC
88506,-27.8013774,-50.3338312,lages,SC
88508,-27.8051976,-50.3139123,lages,SC
88509,-27.8174422,-50.3105435,lages,SC
88511,-27.8302574,-50.3150542,lages,SC
88512,-27.8382101,-50.3416892,lages,SC
88513,-27.8474775,-50.3554720,lages,SC
88514,-27.8234456,-50.3630256,lages,SC
88516,-27.8035721,-50.3697507,lages,SC
88517,-27.7632213,-50.3357303,lages,SC
88519,-27.7835286,-50.3132008,lages,SC
88520,-27.7947539,-50.3042302,lages,SC
88521,-27.7818478,-50.2919352,lages,SC
88523,-27.8055362,-50.3043238,lages,SC
88524,-27.7969418,-50.2854578,lages,SC
88525,-27.8133252,-50.2852370,lages,SC
88526,-27.8268462,-50.3069369,lages,SC
88535,-27.5841610,-50.3662246,correia pinto,SC
88538,-27.7438037,-49.9273514,bocaina do sul,SC
88540,-27.4989956,-50.1162471,otacilio costa,SC
88543,-27.9328786,-50.0992364,painel,SC
88545,-27.5735690,-50.1558649,palmeira,SC
88548,-27.9374358,-50.5110014,capao alto,SC
88550,-27.4772055,-50.3792894,ponte alta,SC
88570,-27.6591089,-50.5849536,sao jose do cerrito,SC
88580,-27.8998032,-50.7595782,campo belo do sul,SC
88585,-27.7967575,-50.8731065,cerro negro,SC
88590,-27.6872508,-51.1283680,anita garibaldi,SC
88598,-27.6332021,-51.3372396,celso ramos,SC
88600,-28.2891867,-49.9341008,sao joaquim,SC
88625,-27.9545557,-49.8798351,urupema,SC
88640,-28.3279674,-49.6215173,bom jardim da serra,SC
88650,-28.0021671,-49.5868579,urubici,SC
88658,-27.8632941,-49.7821236,rio rufino,SC
88680,-27.7983576,-49.4885731,bom retiro,SC
88701,-28.4871497,-49.0091500,tubarao,SC
88702,-28.4908428,-49.0256712,tubarao,SC
88703,-28.5323013,-49.0567526,tubarao,SC
88704,-28.4759215,-49.0117286,tubarao,SC
88705,-28.4788785,-48.9958786,tubarao,SC
88706,-28.4828239,-48.9839822,tubarao,SC
88708,-28.4628749,-49.0265280,tubarao,SC
88710,-28.5111852,-49.1151314,treze de maio,SC
88715,-28.6339210,-49.0241575,jaguaruna,SC
88717,-28.6595674,-49.1126911,sangao,SC
88720,-28.4363569,-49.1859207,pedras grandes,SC
88725,-28.4936100,-49.2202800,azambuja,SC
88730,-28.3293817,-49.1766448,sao ludgero,SC
88735,-28.3285253,-49.0499502,gravatal,SC
88740,-28.2597657,-49.0177601,armazem,SC
88745,-28.4436366,-48.9565404,capivari de baixo,SC
88750,-28.2743049,-49.1652117,braco do norte,SC
88760,-28.1352299,-49.1131064,rio fortuna,SC
88763,-28.0378997,-49.1300201,santa rosa de lima,SC
88765,-28.1660152,-48.9782866,sao martinho,SC
88770,-28.3410422,-48.8187059,imarui,SC
88780,-28.2318826,-48.6793320,imbituba,SC
88790,-28.4757286,-48.7846593,laguna,SC
88798,-28.3883267,-48.8728592,pescaria brava,SC
88801,-28.6767790,-49.3694309,criciuma,SC
88802,-28.6829348,-49.3702176,criciuma,SC
88803,-28.6951053,-49.3733839,criciuma,SC
88804,-28.6912115,-49.3870547,criciuma,SC
88805,-28.6984896,-49.4039972,criciuma,SC
88806,-28.6962751,-49.4294630,criciuma,SC
88807,-28.7032182,-49.4322598,criciuma,SC
88808,-28.7003474,-49.4549850,criciuma,SC
88809,-28.6814317,-49.3880990,criciuma,SC
88810,-28.6665172,-49.3836443,criciuma,SC
88811,-28.6719221,-49.3609469,criciuma,SC
88812,-28.7661776,-49.3533889,criciuma,SC
88813,-28.6780337,-49.3388353,criciuma,SC
88814,-28.7693645,-49.4081252,criciuma,SC
88815,-28.6920312,-49.3476258,criciuma,SC
88816,-28.7174174,-49.3553180,criciuma,SC
88817,-28.6738503,-49.4158488,criciuma,SC
88818,-28.6607511,-49.4241614,criciuma,SC
88819,-28.6450381,-49.4347875,criciuma,SC
88820,-28.7159801,-49.2996514,icara,SC
88828,-28.8276138,-49.2338084,balneario rincao,SC
88830,-28.6514614,-49.2109577,morro da fumaca,SC
88835,-28.6067611,-49.2515697,estacao cocal,SC
88840,-28.5236811,-49.3184375,urussanga,SC
88845,-28.5988695,-49.3252410,cocal do sul,SC
88850,-28.7531387,-49.4753927,forquilhinha,SC
88860,-28.6001040,-49.4266588,sideropolis,SC
88862,-28.5075636,-49.4596059,treviso,SC
88865,-28.6534575,-49.4995338,nova veneza,SC
88868,-25.7791464,-48.2600641,nossa senhora de caravaggio,SC
88870,-28.3575068,-49.2886736,orleans,SC
88880,-28.3882444,-49.4072380,lauro muller,SC
88890,-28.1843837,-49.2161866,grao para,SC
88900,-28.9357329,-49.4808694,ararangua,SC
88901,-28.9440445,-49.4991834,ararangua,SC
88902,-28.9673280,-49.5195442,ararangua,SC
88904,-28.9531228,-49.4993969,ararangua,SC
88905,-28.9458637,-49.4837965,ararangua,SC
88906,-28.9390091,-49.4671734,ararangua,SC
88910,-29.0227497,-49.6048521,ararangua,SC
88911,-28.9386449,-49.3706008,ararangua,SC
88914,-28.9874173,-49.4182415,balneario arroio do silva,SC
88915,-28.8599926,-49.4515208,maracaja,SC
88920,-28.8346399,-49.6318175,meleiro,SC
88923,-28.8999455,-49.5470157,sapiranga,SC
88925,-28.8034206,-49.7147550,morro grande,SC
88930,-28.9274393,-49.6786378,turvo,SC
88934,-28.6777129,-49.1096613,morro chato,SC
88935,-28.9742161,-49.6397027,ermo,SC
88940,-28.8320657,-49.8460269,timbe do sul,SC
88950,-28.9990850,-49.7617564,jacinto machado,SC
88955,-29.1623631,-49.5932497,balneario gaivota,SC
88960,-29.1084653,-49.6352320,sombrio,SC
88965,-29.1364150,-49.7172986,santa rosa do sul,SC
88970,-29.2096315,-49.8010205,sao joao do sul,SC
88980,-29.3153053,-49.7209615,passo de torres,SC
88990,-29.1959725,-49.9509688,praia grande,SC
89010,-26.9222776,-49.0657826,blumenau,SC
89012,-26.9100580,-49.0745019,blumenau,SC
89015,-26.9106453,-49.0431663,blumenau,SC
89016,-26.9107665,-49.0932384,blumenau,SC
89020,-26.9285756,-49.0583619,blumenau,SC
89021,-26.9378053,-49.0638446,blumenau,SC
89022,-26.9475726,-49.0707264,blumenau,SC
89023,-26.9499427,-49.0769250,blumenau,SC
89025,-26.9669555,-49.0581157,blumenau,SC
89026,-26.9688801,-49.0828051,blumenau,SC
89027,-26.9936054,-49.0861383,blumenau,SC
89030,-26.8965944,-49.0829443,blumenau,SC
89031,-26.8889549,-49.1021045,blumenau,SC
89032,-26.9021404,-49.1366849,blumenau,SC
89035,-26.9050424,-49.0887665,blumenau,SC
89036,-26.9182168,-49.0939538,blumenau,SC
89037,-26.9051594,-49.1006138,blumenau,SC
89040,-26.9215800,-49.1221625,blumenau,SC
89041,-26.9144693,-49.1122632,blumenau,SC
89042,-26.9116743,-49.1306521,blumenau,SC
89045,-26.9324920,-49.1190648,blumenau,SC
89046,-26.9320247,-49.1420288,blumenau,SC
89048,-26.9135715,-49.1053968,blumenau,SC
89050,-26.9120017,-49.0581851,blumenau,SC
89051,-26.8995530,-49.0597737,blumenau,SC
89052,-26.8910218,-49.0737425,blumenau,SC
89053,-26.8772983,-49.0814459,blumenau,SC
89055,-26.8809977,-49.0618580,blumenau,SC
89056,-26.8721935,-49.0699345,blumenau,SC
89057,-26.8702423,-49.0567480,blumenau,SC
89058,-26.8575213,-49.0513240,blumenau,SC
89060,-26.8440055,-49.0677628,blumenau,SC
89062,-26.8300032,-49.0835547,blumenau,SC
89063,-26.7975189,-49.0814208,blumenau,SC
89065,-26.8717004,-49.1030699,blumenau,SC
89066,-26.8496180,-49.1082965,blumenau,SC
89068,-26.8191659,-49.0947386,blumenau,SC
89069,-26.7964114,-49.0959014,blumenau,SC
89070,-26.8737888,-49.1280120,blumenau,SC
89072,-26.8821026,-49.1562872,blumenau,SC
89074,-26.8552746,-49.1486395,blumenau,SC
89075,-26.7374511,-49.0791745,blumenau,SC
89080,-26.9027756,-49.2422229,indaial,SC
89082,-26.8948664,-49.2508552,indaial,SC
89083,-26.8971704,-49.2667976,indaial,SC
89084,-26.8808315,-49.2420490,indaial,SC
89085,-26.8711543,-49.2383141,indaial,SC
89086,-26.8975583,-49.2178033,indaial,SC
89087,-26.9151323,-49.2261409,indaial,SC
89095,-26.7255428,-49.0736321,blumenau,SC
89107,-26.7328859,-49.1701395,pomerode,SC
89108,-26.6102169,-49.0025340,massaranduba,SC
89110,-26.9211249,-48.9686475,gaspar,SC
89111,-26.9048097,-49.0040998,gaspar,SC
89112,-26.9393172,-48.9566893,gaspar,SC
89113,-26.9240109,-48.7026896,gaspar,SC
89114,-26.9351310,-48.9379272,gaspar,SC
89115,-26.8260103,-48.9302534,gaspar,SC
89116,-26.9182683,-48.9585468,gaspar,SC
89117,-26.8519267,-49.0233825,gaspar,SC
89118,-26.8202542,-49.0272275,gaspar,SC
89120,-26.8276033,-49.2703762,timbo,SC
89121,-26.7425514,-49.2741729,rio dos cedros,SC
89124,-26.7818678,-49.3777200,benedito novo,SC
89126,-26.7338101,-49.4797065,doutor pedrinho,SC
89128,-26.7190651,-48.9961911,luiz alves,SC
89130,-26.8961642,-49.2385112,indaial,SC
89135,-27.0391371,-49.3876272,apiuna,SC
89136,-26.8893224,-49.3505630,rodeio,SC
89138,-26.9571871,-49.3762702,ascurra,SC
89140,-27.0565817,-49.5253813,ibirama,SC
89143,-27.0404296,-49.5881050,dalbergia,SC
89145,-26.9544089,-49.6291395,jose boiteux,SC
89148,-26.8755978,-49.8368218,vitor meireles,SC
89150,-27.0502389,-49.6275514,presidente getulio,SC
89155,-26.9870126,-49.7281445,dona emma,SC
89157,-26.9221332,-49.7904412,witmarsum,SC
89160,-27.2145866,-49.6377254,rio do sul,SC
89161,-27.1947478,-49.6021219,rio do sul,SC
89162,-27.1822812,-49.6064097,rio do sul,SC
89163,-27.2040931,-49.6497579,rio do sul,SC
89164,-27.2235177,-49.6599907,rio do sul,SC
89165,-27.2314164,-49.6574766,rio do sul,SC
89167,-27.2262796,-49.6400684,rio do sul,SC
89170,-27.2212243,-49.7314818,laurentino,SC
89172,-27.2577813,-49.9301192,pouso redondo,SC
89176,-27.3044255,-49.7961745,trombudo central,SC
89178,-27.3636628,-49.8874911,braco do trombudo,SC
89180,-27.1961427,-49.7959572,rio do oeste,SC
89182,-27.1686884,-49.5393196,lontras,SC
89184,-27.2798053,-49.3882477,presidente nereu,SC
89186,-27.3146622,-49.6368100,aurora,SC
89188,-27.2685520,-49.7119694,agronomica,SC
89190,-27.1183925,-49.9996470,taio,SC
89194,-27.1995932,-50.0703715,mirim doce,SC
89196,-26.9810749,-50.0049003,salete,SC
89198,-26.9459609,-50.1393994,rio do campo,SC
89199,-26.7722947,-50.0060694,santa terezinha,SC
89201,-26.3018509,-48.8483941,joinville,SC
89202,-26.3127561,-48.8434780,joinville,SC
89203,-26.3127126,-48.8572188,joinville,SC
89204,-26.2873066,-48.8518016,joinville,SC
89205,-26.3034749,-48.8249505,joinville,SC
89206,-26.3002335,-48.8162066,joinville,SC
89207,-26.3231170,-48.8295314,joinville,SC
89208,-26.3434903,-48.8327465,joinville,SC
89209,-26.3533864,-48.8139996,joinville,SC
89210,-26.3333938,-48.8333710,joinville,SC
89211,-26.3317773,-48.8494321,joinville,SC
89212,-26.3447535,-48.8489766,joinville,SC
89213,-26.3368436,-48.8669761,joinville,SC
89214,-26.3282752,-48.8803253,joinville,SC
89215,-26.3339917,-48.9002621,joinville,SC
89216,-26.2985436,-48.8698583,joinville,SC
89217,-26.2870743,-48.8737398,joinville,SC
89218,-26.2725309,-48.8615317,joinville,SC
89219,-26.2513162,-48.8708344,joinville,SC
89220,-26.2707423,-48.8818177,joinville,SC
89221,-26.2818940,-48.8399142,joinville,SC
89222,-26.2678238,-48.8449185,joinville,SC
89223,-26.2519535,-48.8433709,joinville,SC
89224,-26.2644850,-48.8072555,joinville,SC
89225,-26.2495475,-48.8082256,joinville,SC
89226,-26.2311963,-48.8185755,joinville,SC
89227,-26.2748284,-48.8203425,joinville,SC
89228,-26.2801326,-48.7965179,joinville,SC
89229,-26.3222806,-48.8151800,joinville,SC
89230,-26.3326748,-48.8046981,joinville,SC
89231,-26.3476306,-48.7897245,joinville,SC
89232,-26.3580235,-48.8334195,joinville,SC
89233,-26.3704678,-48.8391282,joinville,SC
89234,-26.3450647,-48.7726737,joinville,SC
89235,-26.3693342,-48.8236699,joinville,SC
89237,-26.2872880,-48.9075535,joinville,SC
89239,-26.2001747,-48.9066108,joinville,SC
89240,-26.2455637,-48.6078890,sao francisco do sul,SC
89245,-26.4073783,-48.7581127,araquari,SC
89246,-26.5462568,-48.7138133,itapocu,SC
89247,-26.4576233,-48.6170526,balneario barra do sul,SC
89248,-26.0346024,-48.8535411,garuva,SC
89249,-26.0764508,-48.6111327,itapoa,SC
89251,-26.4866908,-49.0812361,jaragua do sul,SC
89252,-26.4857322,-49.0967117,jaragua do sul,SC
89253,-26.4979873,-49.1035628,jaragua do sul,SC
89254,-26.4710368,-49.1156541,jaragua do sul,SC
89255,-26.4673605,-49.0930618,jaragua do sul,SC
89256,-26.4812939,-49.0585176,jaragua do sul,SC
89257,-26.4522504,-49.0546529,jaragua do sul,SC
89258,-26.4915809,-49.0520808,jaragua do sul,SC
89259,-26.5005119,-49.0852923,jaragua do sul,SC
89260,-26.5123795,-49.1330638,jaragua do sul,SC
89261,-26.5354407,-49.1324273,jaragua do sul,SC
89262,-26.5271497,-49.1346062,jaragua do sul,SC
89264,-26.5438683,-49.1523016,jaragua do sul,SC
89265,-26.4586261,-49.1712635,jaragua do sul,SC
89266,-26.4340342,-49.1386985,jaragua do sul,SC
89267,-26.3664234,-49.1250534,jaraguá do sul,SC
89270,-26.4735333,-48.9837977,guaramirim,SC
89275,-26.4054451,-49.0747448,schroeder,SC
89278,-26.4319775,-49.2476146,corupa,SC
89280,-26.2496114,-49.3802361,sao bento do sul,SC
89281,-26.2403155,-49.3688745,sao bento do sul,SC
89282,-26.2314934,-49.3469360,sao bento do sul,SC
89283,-26.2427437,-49.3461412,sao bento do sul,SC
89284,-26.2140742,-49.3786226,sao bento do sul,SC
89285,-26.2120558,-49.4030636,sao bento do sul,SC
89286,-26.2238105,-49.4188000,sao bento do sul,SC
89287,-26.2398246,-49.3952294,sao bento do sul,SC
89288,-26.2321940,-49.4118823,sao bento do sul,SC
89289,-26.2472077,-49.4499826,sao bento do sul,SC
89290,-26.2581953,-49.3791754,sao bento do sul,SC
89291,-26.2775490,-49.3999897,sao bento do sul,SC
89292,-26.2805297,-49.3669998,sao bento do sul,SC
89294,-26.1721440,-49.3360124,campo alegre,SC
89295,-26.2561389,-49.5215321,rio negrinho,SC
89300,-26.1258560,-49.8125307,mafra,SC
89340,-26.3456810,-49.9083089,itaiopolis,SC
89370,-26.4049310,-50.1457709,papanduva,SC
89380,-26.4609474,-50.2303701,monte castelo,SC
89384,-26.4555711,-50.2390617,residencia fuck,SC
89400,-26.2479955,-51.0795003,porto uniao,SC
89410,-26.5290055,-50.3421968,santa cruz do timbo,SC
89420,-26.4721989,-51.1531856,matos costa,SC
89430,-26.6029312,-51.0990893,calmon,SC
89440,-26.2438078,-50.7973988,irineopolis,SC
89460,-26.1784297,-50.3917292,canoinhas,SC
89478,-26.2750596,-50.4645217,bela vista do toldo,SC
89480,-26.3657620,-50.3269463,major vieira,SC
89490,-26.1230494,-50.3161873,tres barras,SC
89500,-26.7781946,-51.0118625,cacador,SC
89501,-26.7990696,-51.0002135,cacador,SC
89503,-26.7861154,-51.0214389,cacador,SC
89504,-26.7757048,-51.0295246,cacador,SC
89505,-26.7692006,-51.0349171,cacador,SC
89506,-26.7658323,-51.0172127,cacador,SC
89507,-26.7716157,-51.0044033,cacador,SC
89509,-26.7812125,-50.9872228,cacador,SC
89510,-26.7886541,-50.9933601,cacador,SC
89511,-26.7910314,-50.9789165,cacador,SC
89515,-26.9337991,-50.6901835,lebon regis,SC
89518,-26.8554072,-51.3757867,macieira,SC
89520,-27.2909487,-50.5773611,curitibanos,SC
89530,-27.1761836,-50.8015218,frei rogerio,SC
89533,-27.2401232,-50.4406058,sao cristovao do sul,SC
89535,-27.1641186,-50.4691422,ponte alta do norte,SC
89540,-26.9602828,-50.4183456,santa cecilia,SC
89545,-26.6127941,-50.6791345,timbo grande,SC
89550,-26.8933109,-51.0564822,rio das antas,SC
89555,-26.9399845,-51.1109448,rio das antas,SC
89558,-27.0019081,-51.2403009,iomere,SC
89560,-27.0044765,-51.1525371,videira,SC
89570,-27.0475907,-51.2305786,pinheiro preto,SC
89580,-27.0298078,-50.9212425,fraiburgo,SC
89590,-26.9285113,-51.3351225,arroio trinta,SC
89595,-26.9066892,-51.4061286,salto veloso,SC
89600,-27.1721155,-51.5090385,joacaba,SC
89609,-27.1300968,-51.4687505,luzerna,SC
89610,-27.1735806,-51.4926212,herval d'oeste,SC
89613,-27.2757540,-51.4436051,erval velho,SC
89618,-27.2109428,-50.9730457,monte carlo,SC
89620,-27.3990552,-51.2255650,campos novos,SC
89633,-27.4557778,-51.5517198,zortea,SC
89634,-27.3174485,-50.8404321,brunopolis,SC
89636,-27.6088183,-51.0248853,abdon batista,SC
89638,-27.4921126,-50.9761018,vargem,SC
89640,-27.0908566,-51.3687799,ibicare,SC
89642,-27.1015253,-51.2467089,tangara,SC
89650,-26.9985213,-51.4115798,treze tilias,SC
89652,-27.1809295,-51.2373440,ibiam,SC
89654,-26.9978661,-51.5550197,agua doce,SC
89660,-27.2630584,-51.5647324,lacerdopolis,SC
89663,-27.3337002,-51.6052590,ouro,SC
89665,-27.3518641,-51.6058069,capinzal,SC
89667,-27.4209993,-51.7751715,piratuba,SC
89669,-27.4062813,-51.7752153,ipira,SC
89670,-27.0702925,-51.6599704,catanduvas,SC
89675,-26.9869165,-51.7535405,vargem bonita,SC
89677,-27.1728879,-51.7357962,jabora,SC
89680,-27.0239318,-51.8953641,irani,SC
89683,-26.8724596,-52.0153061,ponte serrada,SC
89687,-26.7807192,-52.0588282,passos maia,SC
89690,-26.8554825,-52.1500229,vargeao,SC
89694,-26.8502566,-52.2591776,faxinal dos guedes,SC
89700,-27.2307414,-52.0244236,concordia,SC
89701,-27.2199256,-52.0232799,concordia,SC
89703,-27.2210897,-52.0389988,concordia,SC
89705,-27.2309086,-52.0454811,concordia,SC
89707,-27.2376045,-52.0397741,concordia,SC
89708,-27.2421592,-52.0312388,concordia,SC
89709,-27.2441443,-52.0236061,concordia,SC
89710,-27.2384307,-52.0220171,concordia,SC
89711,-27.2305756,-51.9982919,concordia,SC
89712,-27.2427134,-51.9535032,concordia,SC
89713,-27.1902422,-51.9389268,concordia,SC
89730,-27.4317440,-51.9067811,alto bela vista,SC
89735,-27.0485563,-52.0829716,lindoia do sul,SC
89740,-27.1584038,-52.1424328,arabuta,SC
89745,-27.2224050,-51.8067571,presidente castello branco,SC
89750,-27.3727438,-51.9056743,peritiba,SC
89760,-27.2692155,-52.3391453,ita,SC
89765,-27.2549605,-52.4994709,paial,SC
89770,-27.1608021,-52.3153999,seara,SC
89778,-27.0784090,-52.4551063,arvoredo,SC
89780,-27.0388588,-52.3342869,xavantina,SC
89790,-27.0753291,-52.1363778,ipumirim,SC
89801,-27.0994477,-52.6100971,chapeco,SC
89802,-27.1030386,-52.6204425,chapeco,SC
89803,-27.0954399,-52.6320712,chapeco,SC
89804,-27.0791203,-52.6317830,chapeco,SC
89805,-27.0781389,-52.6156632,chapeco,SC
89806,-27.0926509,-52.5935926,chapeco,SC
89809,-27.0983091,-52.6712786,chapeco,SC
89810,-27.0608179,-52.6355288,chapeco,SC
89812,-27.1144960,-52.6028123,chapeco,SC
89813,-27.1389402,-52.5971557,chapeco,SC
89814,-27.1161588,-52.6160346,chapeco,SC
89815,-27.1223259,-52.6242715,chapeco,SC
89817,-27.1239507,-52.7582860,guatambu,SC
89818,-26.9406131,-52.8151697,nova itaberaba,SC
89819,-26.9863886,-52.6033178,cordilheira alta,SC
89820,-26.8764151,-52.4039947,xanxere,SC
89824,-26.7341594,-52.3902429,bom jesus,SC
89825,-26.9594367,-52.5317151,xaxim,SC
89828,-26.8576244,-52.5674808,lajeado grande,SC
89830,-26.5653754,-52.3253280,abelardo luz,SC
89832,-26.6345273,-52.4546509,ipuacu,SC
89834,-26.6929970,-52.3097237,ouro verde,SC
89835,-26.5599357,-52.5333782,sao domingos,SC
89837,-26.5119741,-52.6690766,coronel martins,SC
89838,-26.4554016,-52.6880559,galvao,SC
89839,-26.3970545,-52.7304214,jupia,SC
89840,-26.9069281,-52.7031305,coronel freitas,SC
89843,-26.8812153,-52.8601760,aguas frias,SC
89845,-26.7738873,-52.8539019,uniao do oeste,SC
89848,-26.7205954,-52.8581482,jardinopolis,SC
89850,-26.7283533,-52.7190004,quilombo,SC
89854,-26.6339784,-52.6750888,santiago do sul,SC
89855,-26.7376640,-52.9659602,sul brasil,SC
89856,-26.6561408,-52.8950979,irati,SC
89859,-26.6475782,-52.7934448,formosa do sul,SC
89860,-26.8028897,-52.6265523,marema,SC
89862,-26.7243083,-52.5598499,entre rios,SC
89865,-26.9038052,-52.9058929,nova erechim,SC
89868,-26.9253676,-53.0043126,saudades,SC
89870,-26.8479397,-52.9872322,pinhalzinho,SC
89871,-26.7245011,-53.0436829,serra alta,SC
89872,-26.7751840,-53.0545728,modelo,SC
89874,-26.7674037,-53.1844991,maravilha,SC
89875,-26.6856936,-53.1567342,tigrinhos,SC
89878,-26.7797477,-53.3454093,flor do sertao,SC
89879,-26.6919411,-53.2541897,sao miguel da boa vista,SC
89880,-27.1570528,-52.8853698,caxambu do sul,SC
89882,-27.0713746,-52.8660525,planalto alegre,SC
89883,-27.0739529,-52.9847736,aguas de chapeco,SC
89885,-27.0807727,-53.0056728,sao carlos,SC
89886,-26.9742383,-53.0920945,cunhatai,SC
89887,-27.0714070,-53.1624449,palmitos,SC
89888,-27.0743462,-53.2493570,caibi,SC
89890,-26.8910570,-53.1716665,cunha pora,SC
89891,-26.8231469,-53.2816308,iraceminha,SC
89893,-27.1015751,-53.4003619,mondai,SC
89895,-27.0596096,-53.3260930,riqueza,SC
89896,-27.1714134,-53.7147971,itapiranga,SC
89897,-27.1982271,-53.3194123,sao joao do oeste,SC
89898,-26.9712567,-53.6389029,tunapolis,SC
89899,-26.9879992,-53.5323010,ipora do oeste,SC
89900,-26.7334138,-53.5175299,sao miguel do oeste,SC
89905,-26.7675653,-53.6401249,bandeirante,SC
89906,-26.6224749,-53.6756371,paraiso,SC
89908,-26.6763327,-53.3197248,romelandia,SC
89909,-26.6549132,-53.4388779,barra bonita,SC
89910,-26.8243985,-53.5026071,descanso,SC
89915,-26.9323875,-53.6156698,santa helena,SC
89920,-26.5990206,-53.5211787,guaraciaba,SC
89925,-26.8435463,-53.5804413,belmonte,SC
89930,-26.4544142,-53.5030787,sao jose do cedro,SC
89935,-26.4423185,-53.6016167,princesa,SC
89940,-26.3878992,-53.5275535,guaruja do sul,SC
89950,-26.2585021,-53.6360688,dionisio cerqueira,SC
89970,-26.5366239,-53.3314090,anchieta,SC
89980,-26.3953603,-53.0804481,campo ere,SC
89982,-26.4732581,-52.9646959,sao bernardino,SC
89983,-26.6019780,-53.1683405,santa terezinha do progresso,SC
89985,-26.3484494,-53.2773918,palma sola,SC
89990,-26.3631633,-52.8506656,sao lourenco do oeste,SC
89998,-26.4508048,-52.8298761,novo horizonte,SC
90001,-30.0283636,-51.2305893,porto alegre,RS
90002,-30.0283636,-51.2305893,porto alegre,RS
90010,-30.0332128,-51.2314379,porto alegre,RS
90013,-30.0373103,-51.2367000,porto alegre,RS
90018,-30.0295083,-51.2324015,porto alegre,RS
90020,-30.0305895,-51.2276973,porto alegre,RS
90022,-30.8990053,-51.7732865,porto alegre,RS
90027,-30.0301244,-51.2303450,porto alegre,RS
90029,-30.0320317,-51.2359908,porto alegre,RS
90030,-30.0268237,-51.2218139,porto alegre,RS
90035,-30.0313322,-51.2128024,porto alegre,RS
90038,-30.0263463,-51.2224990,porto alegre,RS
90040,-30.0411614,-51.2136607,porto alegre,RS
90050,-30.0396289,-51.2226331,porto alegre,RS
90090,-30.0131962,-51.2571599,porto alegre,RS
90110,-30.0496623,-51.2270817,porto alegre,RS
90119,-30.0415305,-51.2287826,porto alegre,RS
90120,-30.0377606,-51.1802037,porto alegre,RS
90130,-30.0522261,-51.2209060,porto alegre,RS
90150,-30.0525683,-51.2216728,porto alegre,RS
90160,-30.0510072,-51.2179575,porto alegre,RS
90169,-30.0483502,-51.2176884,porto alegre,RS
90170,-30.0442024,-51.2258205,porto alegre,RS
90200,-29.9829352,-51.1687188,porto alegre,RS
90220,-30.0211369,-51.2096742,porto alegre,RS
90230,-30.0081816,-51.2013044,porto alegre,RS
90231,-30.0097754,-51.2017257,porto alegre,RS
90240,-30.0040970,-51.1963190,porto alegre,RS
90241,-30.0058530,-51.2047144,porto alegre,RS
90245,-29.9839584,-51.1934670,porto alegre,RS
90250,-29.9816099,-51.1885864,porto alegre,RS
90251,-29.9737755,-51.1915523,porto alegre,RS
90410,-30.0413499,-51.1860891,porto alegre,RS
90420,-30.0357810,-51.2011510,porto alegre,RS
90430,-30.0297020,-51.2025194,porto alegre,RS
90440,-30.0276764,-51.1945559,porto alegre,RS
90450,-30.0289982,-51.1892393,porto alegre,RS
90460,-30.0400180,-51.1871645,porto alegre,RS
90470,-30.0335137,-51.1804730,porto alegre,RS
90480,-30.0264032,-51.1803522,porto alegre,RS
90510,-30.0245793,-51.1998862,porto alegre,RS
90520,-30.0160730,-51.1789213,porto alegre,RS
90540,-30.0174513,-51.1895933,porto alegre,RS
90550,-30.0135685,-51.1902485,porto alegre,RS
90560,-30.0206887,-51.2007060,porto alegre,RS
90570,-30.0219708,-51.2024639,porto alegre,RS
90610,-30.0507849,-51.1950612,porto alegre,RS
90619,-30.0570867,-51.1741811,porto alegre,RS
90620,-30.0499248,-51.2019226,porto alegre,RS
90630,-30.0435679,-51.1950711,porto alegre,RS
90640,-30.0528082,-51.2034994,porto alegre,RS
90650,-30.0547367,-51.1995606,porto alegre,RS
90660,-30.0651654,-51.1998409,porto alegre,RS
90670,-30.0488062,-51.1886745,porto alegre,RS
90680,-30.0647092,-51.1922932,porto alegre,RS
90690,-30.0505189,-51.1798555,porto alegre,RS
90771,-30.1580911,-51.2141797,porto alegre,RS
90810,-30.0779661,-51.2396412,porto alegre,RS
90820,-30.0904677,-51.2355304,porto alegre,RS
90830,-30.0898767,-51.2267940,porto alegre,RS
90840,-30.0775435,-51.2228009,porto alegre,RS
90850,-30.0657869,-51.2259939,porto alegre,RS
90870,-30.0739758,-51.2092097,porto alegre,RS
90880,-30.0608136,-51.2161094,porto alegre,RS
91010,-30.0100503,-51.1662555,porto alegre,RS
91020,-30.0035637,-51.1918809,porto alegre,RS
91030,-30.0070153,-51.1748877,porto alegre,RS
91040,-30.0057177,-51.1605427,porto alegre,RS
91050,-30.0044038,-51.1520432,porto alegre,RS
91060,-30.0027067,-51.1456253,porto alegre,RS
91110,-30.0001286,-51.1364732,porto alegre,RS
91120,-29.9845257,-51.1301004,porto alegre,RS
91130,-30.0043529,-51.1311472,porto alegre,RS
91140,-29.9881228,-51.1177525,porto alegre,RS
91150,-30.0032602,-51.1187351,porto alegre,RS
91160,-29.9955651,-51.1025402,porto alegre,RS
91170,-29.9999950,-51.0962635,porto alegre,RS
91175,-29.9759302,-51.1959193,porto alegre,RS
91180,-30.0103165,-51.1060532,porto alegre,RS
91210,-30.0380091,-51.1446266,porto alegre,RS
91215,-30.0304527,-51.1403853,porto alegre,RS
91220,-30.0190078,-51.1375177,porto alegre,RS
91225,-30.0346311,-51.1462761,porto alegre,RS
91230,-30.0182989,-51.1254795,porto alegre,RS
91240,-30.0229958,-51.1166030,porto alegre,RS
91250,-30.0226299,-51.1050523,porto alegre,RS
91260,-30.0386536,-51.1218783,porto alegre,RS
91263,-30.0451049,-51.1060929,porto alegre,RS
91270,-30.0333496,-51.1123091,porto alegre,RS
91280,-30.0449005,-51.0970179,porto alegre,RS
91310,-30.0419192,-51.1514370,porto alegre,RS
91320,-30.0334590,-51.1513853,porto alegre,RS
91330,-30.0335661,-51.1625598,porto alegre,RS
91340,-30.0221776,-51.1690694,porto alegre,RS
91349,-30.0253044,-51.1632908,porto alegre,RS
91350,-30.0155283,-51.1627083,porto alegre,RS
91360,-30.0202290,-51.1547149,porto alegre,RS
91370,-30.0158900,-51.1486120,porto alegre,RS
91380,-30.0163654,-51.1434936,porto alegre,RS
91410,-30.0501188,-51.1669043,porto alegre,RS
91420,-30.0455585,-51.1610520,porto alegre,RS
91430,-30.0507841,-51.1427487,porto alegre,RS
91440,-30.0598786,-51.1461884,porto alegre,RS
91450,-30.0468335,-51.1360493,porto alegre,RS
91501,-30.0765385,-51.1248504,porto alegre,RS
91509,-30.0765385,-51.1248504,porto alegre,RS
91510,-30.0713350,-51.1777510,porto alegre,RS
91520,-30.0680754,-51.1669472,porto alegre,RS
91530,-30.0610722,-51.1595049,porto alegre,RS
91540,-30.0814755,-51.1302084,porto alegre,RS
91550,-30.0934515,-51.1362215,porto alegre,RS
91560,-30.1196655,-51.1076174,porto alegre,RS
91570,-30.1108181,-51.1070015,porto alegre,RS
91710,-30.0774549,-51.1931858,porto alegre,RS
91712,-30.0961530,-51.1797004,porto alegre,RS
91720,-30.0861477,-51.2101103,porto alegre,RS
91740,-30.1086682,-51.2222539,porto alegre,RS
91750,-30.1257499,-51.2085875,porto alegre,RS
91751,-30.1308422,-51.2179828,porto alegre,RS
91755,-30.1604459,-51.1953812,porto alegre,RS
91760,-30.1306731,-51.2337009,porto alegre,RS
91770,-30.1511465,-51.2173620,porto alegre,RS
91771,-30.1575660,-51.2155178,porto alegre,RS
91778,-30.1750198,-51.1816692,porto alegre,RS
91780,-30.1979327,-51.1813112,porto alegre,RS
91781,-30.1857076,-51.1743561,porto alegre,RS
91782,-30.2140110,-51.1269129,porto alegre,RS
91785,-30.2010539,-51.1309705,porto alegre,RS
91786,-30.1864958,-51.1434705,porto alegre,RS
91787,-30.1574862,-51.1565498,porto alegre,RS
91788,-30.1528094,-51.1655796,porto alegre,RS
91790,-30.1532104,-51.1432658,porto alegre,RS
91791,-30.1475870,-51.1271381,porto alegre,RS
91792,-30.1530501,-51.1409907,porto alegre,RS
91793,-30.1483653,-51.1465061,porto alegre,RS
91795,-30.1536383,-51.1487725,porto alegre,RS
91796,-30.1706010,-51.0810181,porto alegre,RS
91798,-30.1787488,-51.1427761,porto alegre,RS
91810,-30.0857231,-51.2475347,porto alegre,RS
91900,-30.1076368,-51.2504503,porto alegre,RS
91910,-30.1031143,-51.2426110,porto alegre,RS
91920,-30.1117509,-51.2438959,porto alegre,RS
92010,-29.9169616,-51.1798469,canoas,RS
92020,-29.9170048,-51.1717653,canoas,RS
92022,-29.9162101,-51.1578375,canoas,RS
92025,-29.9241461,-51.1616346,canoas,RS
92027,-29.9268969,-51.1464392,canoas,RS
92030,-29.9194030,-51.1450589,canoas,RS
92031,-29.9124704,-51.1501584,canoas,RS
92032,-29.9122127,-51.1438657,canoas,RS
92035,-29.9137251,-51.1264704,canoas,RS
92110,-29.9373141,-51.1699749,canoas,RS
92120,-29.9498392,-51.1684939,canoas,RS
92130,-29.9554845,-51.1632325,canoas,RS
92200,-29.9547733,-51.1858857,canoas,RS
92310,-29.9162300,-51.1881602,canoas,RS
92314,-29.9201517,-51.1836735,canoas,RS
92320,-29.9227776,-51.1992242,canoas,RS
92323,-29.9252107,-51.1951904,canoas,RS
92325,-29.9075495,-51.2230266,canoas,RS
92330,-29.9019035,-51.2125145,canoas,RS
92340,-29.9038506,-51.1853689,canoas,RS
92410,-29.8986601,-51.1628953,canoas,RS
92412,-29.8969696,-51.1466602,canoas,RS
92415,-29.9027412,-51.1408501,canoas,RS
92420,-29.8853300,-51.1782371,canoas,RS
92425,-29.8824845,-51.1542105,canoas,RS
92440,-29.9052781,-51.1413987,canoas,RS
92441,-29.8861418,-51.1367339,canoas,RS
92480,-29.8608732,-51.2728348,nova santa rita,RS
92500,-30.1214499,-51.3363257,guaiba,RS
92850,-30.4609532,-51.6020211,sertao santana,RS
92900,-30.3546140,-51.5842295,mariana pimentel,RS
92990,-30.0157338,-51.3285773,eldorado do sul,RS
93010,-29.7666314,-51.1469684,sao leopoldo,RS
93020,-29.7792383,-51.1485063,sao leopoldo,RS
93022,-29.7920740,-51.1502041,sao leopoldo,RS
93025,-29.7674550,-51.1600581,sao leopoldo,RS
93030,-29.7749019,-51.1386795,sao leopoldo,RS
93032,-29.7765339,-51.1306852,sao leopoldo,RS
93035,-29.7862956,-51.1301018,sao leopoldo,RS
93037,-29.7938050,-51.1305794,sao leopoldo,RS
93040,-29.7691568,-51.1302496,sao leopoldo,RS
93042,-29.7639017,-51.1193101,sao leopoldo,RS
93044,-29.7748880,-51.1182604,sao leopoldo,RS
93046,-29.7742294,-51.1139225,sao leopoldo,RS
93048,-29.7638944,-51.1102986,sao leopoldo,RS
93050,-29.7565605,-51.1088787,sao leopoldo,RS
93052,-29.7511382,-51.1002642,sao leopoldo,RS
93054,-29.7561780,-51.0954216,sao leopoldo,RS
93056,-29.7623317,-51.0915176,sao leopoldo,RS
93110,-29.7520293,-51.1486548,sao leopoldo,RS
93113,-29.7494399,-51.1432433,sao leopoldo,RS
93115,-29.7382803,-51.1425986,sao leopoldo,RS
93120,-29.7347442,-51.1570862,sao leopoldo,RS
93125,-29.7043747,-51.1590107,sao leopoldo,RS
93130,-29.7480686,-51.1569725,sao leopoldo,RS
93135,-29.7363210,-51.1684799,sao leopoldo,RS
93140,-29.7266077,-51.1718805,sao leopoldo,RS
93145,-29.7182882,-51.1820184,sao leopoldo,RS
93150,-29.7011487,-51.1941644,sao leopoldo,RS
93180,-29.6942044,-51.2331888,portao,RS
93210,-29.8258035,-51.1567459,sapucaia do sul,RS
93211,-29.7976885,-51.1858002,sapucaia do sul,RS
93212,-29.8113778,-51.1726898,sapucaia do sul,RS
93214,-29.8224276,-51.1595429,sapucaia do sul,RS
93216,-29.8157929,-51.1547131,sapucaia do sul,RS
93218,-29.8145965,-51.1464727,sapucaia do sul,RS
93219,-29.8021557,-51.1318119,sapucaia do sul,RS
93220,-29.8289805,-51.1506861,sapucaia do sul,RS
93222,-29.8195921,-51.1370520,sapucaia do sul,RS
93224,-29.8330804,-51.1377642,sapucaia do sul,RS
93225,-29.8320555,-51.1300830,sapucaia do sul,RS
93226,-29.8392247,-51.1466058,sapucaia do sul,RS
93228,-29.8458964,-51.1331520,sapucaia do sul,RS
93230,-29.8450007,-51.1265924,sapucaia do sul,RS
93234,-29.8585439,-51.1065513,sapucaia do sul,RS
93260,-29.8445793,-51.1685073,esteio,RS
93265,-29.8523188,-51.1701529,esteio,RS
93270,-29.8456379,-51.1828513,esteio,RS
93280,-29.8501922,-51.1558028,esteio,RS
93285,-29.8588252,-51.1564239,esteio,RS
93290,-29.8565720,-51.1425429,esteio,RS
93295,-29.8596000,-51.1313999,esteio,RS
93310,-29.6827124,-51.1373800,novo hamburgo,RS
93315,-29.6762517,-51.1342244,novo hamburgo,RS
93320,-29.7048130,-51.1322733,novo hamburgo,RS
93330,-29.7194484,-51.1409247,novo hamburgo,RS
93332,-29.7129860,-51.1371852,novo hamburgo,RS
93334,-29.7065525,-51.1413921,novo hamburgo,RS
93336,-29.6942130,-51.1377402,novo hamburgo,RS
93340,-29.6913356,-51.1489941,novo hamburgo,RS
93344,-29.6837316,-51.1514493,novo hamburgo,RS
93346,-29.6743676,-51.1534845,novo hamburgo,RS
93347,-29.6828793,-51.1654209,novo hamburgo,RS
93348,-29.6747275,-51.1471930,novo hamburgo,RS
93351,-29.6439536,-51.1388437,novo hamburgo,RS
93410,-29.6942654,-51.1267495,novo hamburgo,RS
93415,-29.7065915,-51.1219243,novo hamburgo,RS
93420,-29.7291695,-51.1328615,novo hamburgo,RS
93425,-29.7210974,-51.1145140,novo hamburgo,RS
93490,-29.7536796,-51.0485130,novo hamburgo,RS
93510,-29.6824409,-51.1234713,novo hamburgo,RS
93520,-29.6745284,-51.1260769,novo hamburgo,RS
93525,-29.6687146,-51.1178800,novo hamburgo,RS
93530,-29.6531631,-51.1076941,novo hamburgo,RS
93534,-29.6678068,-51.1049588,novo hamburgo,RS
93537,-29.6714691,-51.0944246,novo hamburgo,RS
93540,-29.6809269,-51.1034691,novo hamburgo,RS
93542,-29.6843308,-51.0929840,novo hamburgo,RS
93544,-29.6956457,-51.0882185,novo hamburgo,RS
93546,-29.6990563,-51.1005927,novo hamburgo,RS
93548,-29.6888849,-51.1144362,novo hamburgo,RS
93600,-29.6557989,-51.1717619,estancia velha,RS
93601,-29.6438671,-51.1669877,estância velha,RS
93604,-29.6500777,-51.2207900,estancia velha,RS
93607,-11.2747044,-37.4424357,estancia velha,RS
93608,-28.7713175,-50.4641480,estancia velha,RS
93609,-29.2070625,-50.8119305,estância velha,RS
93610,-29.6548995,-51.1697692,estancia velha,RS
93611,-29.7003035,-51.1730093,estancia velha,RS
93612,-29.6678759,-51.1930152,estancia velha,RS
93614,-29.6580825,-51.1878214,estancia velha,RS
93615,-29.6815233,-51.1842637,estancia velha,RS
93616,-29.6630199,-51.2132211,estancia velha,RS
93700,-29.6770450,-51.0604034,campo bom,RS
93800,-29.6365506,-51.0078241,sapiranga,RS
93801,-29.6171571,-50.9963972,sapiranga,RS
93804,-29.6388718,-51.0225694,sapiranga,RS
93805,-29.6477824,-51.0254762,sapiranga,RS
93806,-29.6514216,-51.0023842,sapiranga,RS
93807,-29.6629518,-50.9992420,sapiranga,RS
93815,-29.6546012,-50.9828723,sapiranga,RS
93819,-29.6337674,-50.9949167,sapiranga,RS
93820,-29.6267363,-50.9809186,sapiranga,RS
93821,-29.6316184,-50.9750079,sapiranga,RS
93822,-29.6291891,-50.9602582,sapiranga,RS
93880,-29.6204058,-50.9276752,ararica,RS
93890,-29.5883544,-50.9006766,nova hartz,RS
93900,-29.6052869,-51.1642779,ivoti,RS
93940,-29.5972654,-51.2094428,lindolfo collor,RS
93945,-29.5182864,-51.1797048,presidente lucena,RS
93950,-29.5871861,-51.0912143,dois irmaos,RS
93990,-29.5394605,-51.0826481,morro reuter,RS
93995,-29.4941509,-50.9773119,santa maria do herval,RS
94010,-29.9404529,-50.9921370,gravatai,RS
94015,-29.9314098,-50.9917736,gravatai,RS
94020,-29.9348903,-51.0022788,gravatai,RS
94025,-29.9322806,-51.0021171,gravatai,RS
94030,-29.9394378,-51.0144670,gravatai,RS
94035,-29.9439985,-50.9992668,gravatai,RS
94040,-29.9397560,-51.0291714,gravatai,RS
94045,-29.9460472,-51.0231386,gravatai,RS
94050,-29.9396752,-51.0446822,gravatai,RS
94055,-29.9409286,-51.0348811,gravatai,RS
94060,-29.9391021,-51.0515670,gravatai,RS
94065,-29.9449938,-51.0486951,gravatai,RS
94070,-29.9386619,-51.0687682,gravatai,RS
94071,-29.9358302,-51.0682405,gravatai,RS
94075,-29.9377982,-51.0632787,gravatai,RS
94080,-29.9232441,-51.0648269,gravatai,RS
94085,-29.9204870,-51.0597117,gravatai,RS
94090,-29.9286478,-51.0515357,gravatai,RS
94100,-29.9049680,-51.0274738,gravatai,RS
94110,-29.9115574,-51.0608188,gravatai,RS
94120,-29.9135171,-51.0505093,gravatai,RS
94130,-29.9223200,-51.0365776,gravatai,RS
94135,-29.9256617,-51.0401771,gravatai,RS
94140,-29.9133193,-51.0340417,gravatai,RS
94150,-29.9307704,-51.0247908,gravatai,RS
94155,-29.9214784,-51.0176361,gravatai,RS
94170,-29.9210855,-50.9996984,gravatai,RS
94175,-29.8882114,-50.9984694,gravatai,RS
94180,-29.9402218,-50.9579526,gravatai,RS
94185,-29.9452272,-50.9718823,gravatai,RS
94190,-29.9545275,-50.9743162,gravatai,RS
94195,-29.9478456,-50.9521501,gravatai,RS
94196,-29.8970895,-50.8989231,gravatai,RS
94197,-29.9238259,-50.9282622,gravatai,RS
94198,-29.9213115,-50.9082723,gravatai,RS
94199,-29.9243403,-50.9642829,gravatai,RS
94380,-29.8812250,-50.7835263,glorinha,RS
94410,-30.0835514,-51.0218050,viamao,RS
94415,-30.0732148,-51.0240420,viamao,RS
94416,-30.0675334,-51.0252834,viamao,RS
94420,-30.0260085,-51.0243916,viamao,RS
94425,-30.0789924,-51.0039103,viamao,RS
94430,-30.0992259,-51.0214292,viamao,RS
94435,-30.0848190,-51.0401220,viamao,RS
94440,-30.0841461,-51.0517408,viamao,RS
94445,-30.0983925,-51.0595906,viamao,RS
94450,-30.0877045,-51.0708730,viamao,RS
94451,-30.0777607,-51.0533063,viamao,RS
94455,-30.1051715,-51.0672501,viamao,RS
94460,-30.1137915,-51.0747666,viamao,RS
94463,-30.1380340,-50.8668698,viamao,RS
94465,-30.1237366,-51.0860281,viamao,RS
94470,-30.0884517,-51.0847459,viamao,RS
94475,-30.0736972,-51.0931484,viamao,RS
94480,-30.0655257,-51.1042734,viamao,RS
94490,-30.0613964,-51.1005404,viamao,RS
94495,-30.0569920,-51.0911825,viamao,RS
94500,-30.0674853,-51.1113507,viamao,RS
94505,-30.1346482,-51.0701140,viamao,RS
94510,-30.0574287,-51.0793799,viamao,RS
94515,-30.0734277,-51.0500006,viamao,RS
94760,-28.0003035,-49.1754621,aguas claras,RS
94770,-30.0928099,-50.6943883,capao da porteira,RS
94810,-30.0064893,-51.0795143,alvorada,RS
94814,-30.0038365,-51.0729564,alvorada,RS
94818,-30.0043856,-51.0543984,alvorada,RS
94820,-29.9916514,-51.0815107,alvorada,RS
94824,-29.9915738,-51.0731433,alvorada,RS
94828,-29.9928639,-51.0590120,alvorada,RS
94830,-29.9852567,-51.0328951,alvorada,RS
94834,-29.9930708,-51.0454638,alvorada,RS
94836,-29.9911626,-51.0187493,alvorada,RS
94838,-30.0167571,-51.0479920,alvorada,RS
94850,-30.0203500,-51.0794614,alvorada,RS
94852,-30.0077417,-51.0493651,alvorada,RS
94853,-30.0213926,-51.0612492,alvorada,RS
94855,-30.0393816,-51.0566114,alvorada,RS
94856,-30.0429371,-51.0650098,alvorada,RS
94858,-30.0320891,-51.0729907,alvorada,RS
94859,-30.0321800,-51.0821800,alvorada,RS
94901,-29.9507564,-51.1004775,cachoeirinha,RS
94910,-29.9526933,-51.0977906,cachoeirinha,RS
94920,-29.9570133,-51.1022961,cachoeirinha,RS
94930,-29.9410813,-51.1074567,cachoeirinha,RS
94931,-29.4839655,-50.8023592,cachoeirinha,RS
94935,-29.9427234,-51.0965036,cachoeirinha,RS
94940,-29.9359680,-51.0883494,cachoeirinha,RS
94945,-29.9282550,-51.0807913,cachoeirinha,RS
94950,-29.9464766,-51.0800769,cachoeirinha,RS
94955,-29.9160304,-51.0758125,cachoeirinha,RS
94960,-29.9127223,-51.0848140,cachoeirinha,RS
94965,-29.9049507,-51.0703039,cachoeirinha,RS
94967,-29.9116018,-51.0751487,cachoeirinha,RS
94970,-29.8871948,-51.0908472,cachoeirinha,RS
95010,-29.1700576,-51.1862180,caxias do sul,RS
95012,-29.1726695,-51.2107293,caxias do sul,RS
95013,-29.1628845,-51.2038065,caxias do sul,RS
95020,-29.1663138,-51.1783139,caxias do sul,RS
95030,-29.1542377,-51.2172883,caxias do sul,RS
95032,-29.1480269,-51.2019208,caxias do sul,RS
95034,-29.1601944,-51.1892594,caxias do sul,RS
95040,-29.1543011,-51.1740198,caxias do sul,RS
95041,-29.1512278,-51.1815779,caxias do sul,RS
95042,-29.1350631,-51.1787948,caxias do sul,RS
95043,-29.1427383,-51.1821590,caxias do sul,RS
95044,-29.1385591,-51.1970731,caxias do sul,RS
95045,-29.1272612,-51.1745346,caxias do sul,RS
95046,-29.1080042,-51.1917972,caxias do sul,RS
95047,-29.1206174,-51.1821886,caxias do sul,RS
95050,-29.1539667,-51.1648066,caxias do sul,RS
95052,-29.1536220,-51.1633581,caxias do sul,RS
95054,-29.1575004,-51.1550260,caxias do sul,RS
95055,-29.1510617,-51.1429252,caxias do sul,RS
95057,-29.1395480,-51.1401557,caxias do sul,RS
95058,-29.1278590,-51.1199369,caxias do sul,RS
95059,-29.1160385,-51.1256348,caxias do sul,RS
95060,-29.1290064,-51.1209818,caxias do sul,RS
95062,-29.0941125,-51.0773034,caxias do sul,RS
95065,-29.0798220,-51.1058107,caxias do sul,RS
95070,-29.1674488,-51.1548312,caxias do sul,RS
95072,-29.1732990,-51.1517897,caxias do sul,RS
95074,-29.1704369,-51.1403021,caxias do sul,RS
95076,-29.1782165,-51.1486844,caxias do sul,RS
95080,-29.1736835,-51.1818338,caxias do sul,RS
95082,-29.1778237,-51.1732805,caxias do sul,RS
95084,-29.1720778,-51.1727455,caxias do sul,RS
95086,-29.1834248,-51.1667987,caxias do sul,RS
95088,-29.1954434,-51.1670607,caxias do sul,RS
95090,-29.2275591,-51.1604725,caxias do sul,RS
95095,-29.1999689,-51.2002548,caxias do sul,RS
95096,-29.1778827,-51.1898965,caxias do sul,RS
95097,-29.1799973,-51.1896861,caxias do sul,RS
95098,-29.1906712,-51.1872949,caxias do sul,RS
95099,-29.1781551,-51.1973757,caxias do sul,RS
95100,-29.1741524,-51.1850551,caxias do sul,RS
95110,-29.1908563,-51.2302395,caxias do sul,RS
95112,-29.1707717,-51.2309621,caxias do sul,RS
95115,-29.2132906,-51.2777954,caxias do sul,RS
95124,-29.0973099,-51.1282638,caxias do sul,RS
95125,-29.1252800,-51.0147200,fazenda souza,RS
95130,14.5850725,121.1053938,santa lucia do piai,RS
95150,-29.3751177,-51.1082301,nova petropolis,RS
95160,-29.4053638,-51.0363543,pinhal alto,RS
95166,-29.4551592,-51.1391913,picada cafe,RS
95170,-29.4052371,-51.3257892,farroupilha,RS
95171,-29.2287462,-51.3648141,farroupilha,RS
95172,-29.2189552,-51.3509722,farroupilha,RS
95173,-29.2742061,-51.3261916,farroupilha,RS
95174,-29.2067176,-51.3469191,farroupilha,RS
95175,-29.4445056,-51.1323786,picada cafe,RS
95176,-29.2173331,-51.3405872,farroupilha,RS
95177,-29.2139764,-51.3254150,farroupilha,RS
95178,-29.2567783,-51.4293534,farroupilha,RS
95179,-29.2372475,-51.3257007,farroupilha,RS
95180,-29.2270904,-51.3486508,farroupilha,RS
95181,-29.2282968,-51.3499561,farroupilha,RS
95182,-29.2763154,-51.3376713,nova milano,RS
95183,-29.2411216,-51.4115943,nova sardenha,RS
95184,-29.1336100,-51.3722200,jansen,RS
95185,-29.2980717,-51.5026009,carlos barbosa,RS
95186,-29.3502709,-51.5479118,arco verde,RS
95190,-28.9689284,-51.0687460,sao marcos,RS
95200,-28.5059747,-50.9382413,vacaria,RS
95230,-28.3187599,-51.1855140,muitos capoes,RS
95236,-28.6840591,-50.7824859,monte alegre dos campos,RS
95240,-28.8019038,-51.2898584,ipe,RS
95250,-28.8567858,-51.2840751,antonio prado,RS
95255,-28.7885616,-51.0952636,campestre da serra,RS
95260,-28.9872344,-51.4078530,nova roma do sul,RS
95270,-29.0352571,-51.1831545,flores da cunha,RS
95272,-29.0584899,-51.2612625,otavio rocha,RS
95275,-29.0276009,-51.3091340,nova pádua,RS
95280,-28.7364740,-50.0508017,sao jose dos ausentes,RS
95290,-28.6713726,-50.4341226,bom jesus,RS
95300,-28.2119008,-51.5251847,lagoa vermelha,RS
95305,-28.3713750,-51.6369959,ibiraiaras,RS
95310,-28.6328411,-51.5734699,andre da rocha,RS
95315,-28.2709658,-51.6968413,caseiros,RS
95320,-28.7822546,-51.6092130,nova prata,RS
95325,-28.8082305,-51.7830143,vista alegre do prata,RS
95330,-28.9367079,-51.5495510,veranopolis,RS
95333,-28.8808495,-51.6981560,fagundes varela,RS
95334,-28.8602389,-51.5526071,vila flores,RS
95335,-28.9928841,-51.6975363,cotipora,RS
95340,-28.7327566,-51.7045708,nova bassano,RS
95345,-28.7592351,-51.4750951,protasio alves,RS
95350,-28.6595897,-51.7486320,nova araca,RS
95355,-28.5424582,-51.6913836,guabiju,RS
95360,-28.5967038,-51.7869461,parai,RS
95365,-28.5022044,-51.7049815,sao jorge,RS
95370,-27.6775060,-51.4576644,barracao,RS
95380,-28.0569850,-51.1895633,esmeralda,RS
95390,-30.2336608,-50.2335737,pinhal da serra,RS
95400,-29.4400457,-50.5815377,sao francisco de paula,RS
95420,-28.8839744,-50.3578329,jaquirana,RS
95480,-29.0535009,-50.1457117,cambara do sul,RS
95485,-28.9766858,-50.0632630,osvaldo kroeff,RS
95500,-29.8331028,-50.5200841,santo antonio da patrulha,RS
95515,-29.7916174,-50.4373207,caraa,RS
95520,-29.8955916,-50.2556606,osorio,RS
95528,-29.9740893,-50.1995003,santa luzia,RS
95530,-29.6579828,-50.2101259,maquine,RS
95535,-29.5797033,-50.0646109,terra de areia,RS
95538,-29.4598550,-50.1342745,itati,RS
95540,-30.2707609,-50.4976047,palmares do sul,RS
95548,-30.2544205,-50.3588662,quintao,RS
95552,-30.1438179,-50.5114018,capivari do sul,RS
95555,-29.7331751,-50.0072240,capao da canoa,RS
95556,-29.6581924,-49.9591936,capao novo,RS
95558,-29.6257895,-49.9373154,curumim,RS
95560,-29.3411425,-49.7449196,torres,RS
95568,-29.3720843,-49.8537703,dom pedro de alcantara,RS
95575,-29.5356420,-50.0368259,tres forquilhas,RS
95577,-29.3518020,-49.9401192,morrinhos do sul,RS
95580,-29.4536740,-49.9216478,tres cachoeiras,RS
95585,-29.5409424,-49.8852669,arroio do sal,RS
95588,-29.8036932,-50.0465987,xangri-la,RS
95589,-29.8519925,-50.0669069,rainha do mar,RS
95590,-30.0053608,-50.1497681,tramandai,RS
95595,-30.1811727,-50.2136739,cidreira,RS
95599,-30.2438015,-50.2631788,balneario pinhal,RS
95600,-29.6507329,-50.7823998,taquara,RS
95601,-29.6614769,-50.7831422,taquara,RS
95603,-29.6637766,-50.7763932,taquara,RS
95605,-29.6608586,-50.7690548,taquara,RS
95607,-29.6514184,-50.7709519,taquara,RS
95609,-29.6405832,-50.7714473,taquara,RS
95611,-29.6437477,-50.7800339,taquara,RS
95612,-29.6419155,-50.7879465,taquara,RS
95625,-29.9498235,-50.1191401,imbe,RS
95630,-29.6316865,-50.8345740,parobe,RS
95650,-29.5719775,-50.7947298,igrejinha,RS
95660,-29.5113556,-50.7811507,tres coroas,RS
95670,-29.3817376,-50.8740116,gramado,RS
95680,-29.3605225,-50.8102893,canela,RS
95690,-29.6496336,-50.5729262,rolante,RS
95695,-29.6417821,-50.4589198,riozinho,RS
95700,-29.1703452,-51.5158327,bento goncalves,RS
95701,-29.1727784,-51.5283851,bento goncalves,RS
95702,-29.1821315,-51.5000080,bento goncalves,RS
95703,-29.1679399,-51.5048589,bento goncalves,RS
95705,-29.1556745,-51.5130633,bento goncalves,RS
95706,-29.1543045,-51.4934143,bento goncalves,RS
95707,-29.1547658,-51.5314611,bento goncalves,RS
95708,-29.1383480,-51.5266067,bento goncalves,RS
95709,-29.1229091,-51.5410121,bento goncalves,RS
95710,-29.2039752,-51.5313046,tuiuti,RS
95711,-29.1751924,-51.5692581,vale dos vinhedos,RS
95717,-29.1068225,-51.4598956,pinto bandeira,RS
95718,-29.1631944,-51.6369537,monte belo do sul,RS
95720,-29.2539016,-51.5282082,garibaldi,RS
95726,-29.2724277,-51.6802860,coronel pilar,RS
95727,-29.3464731,-51.6730538,boa vista do sul,RS
95730,-29.3764124,-51.4991238,barao,RS
95735,-29.2865591,-51.8724553,roca sales,RS
95740,-29.4511234,-51.6734363,poco das antas,RS
95745,-29.6812616,-51.3212336,capela de santana,RS
95748,-29.5414833,-51.4217919,sao jose do sul,RS
95750,-29.4414121,-51.5105567,salvador do sul,RS
95755,-29.5406717,-51.2532661,sao jose do hortencio,RS
95758,-29.4369978,-51.7128871,sao pedro da serra,RS
95760,-29.5878074,-51.3619031,sao sebastiao do cai,RS
95765,-29.4806292,-51.3592318,bom principio,RS
95768,-29.4621871,-51.2016385,linha nova,RS
95770,-29.4527046,-51.3022327,feliz,RS
95773,-29.3952180,-51.3099591,alto feliz,RS
95775,-29.4854680,-51.4172703,tupandi,RS
95778,-29.3903074,-51.2472117,vale real,RS
95780,-29.6878042,-51.4679640,montenegro,RS
95783,-29.6373964,-51.4040279,pareci novo,RS
95785,-29.5502374,-51.4213629,harmonia,RS
95790,-29.5598634,-51.5909720,brochier,RS
95793,-29.5485738,-51.5591320,marata,RS
95795,-29.3738286,-51.3728257,sao vendelino,RS
95800,-29.6111107,-52.1933136,venancio aires,RS
95820,-29.9077482,-51.7721964,general camara,RS
95833,-29.7825655,-52.1855514,vale verde,RS
95835,-29.5248866,-52.1281175,mato leitao,RS
95840,-29.9306327,-51.7073849,triunfo,RS
95860,-29.7926115,-51.8612496,taquari,RS
95863,-29.6874504,-51.7199439,tabai,RS
95865,-29.5538349,-51.7416484,paverama,RS
95870,-29.6007237,-51.9341970,bom retiro do sul,RS
95875,-29.5857800,-51.8290620,fazenda vilanova,RS
95880,-29.4976590,-51.9583843,estrela,RS
95885,-29.3452305,-51.7665869,imigrante,RS
95890,-29.4812253,-51.8081728,teutonia,RS
95893,-29.4226139,-51.7633424,westfalia,RS
95895,-29.3882536,-51.8689931,colinas,RS
95900,-29.4605567,-51.9667172,lajeado,RS
95901,-29.4725610,-51.9856834,lajeado,RS
95902,-29.4781589,-51.9791177,lajeado,RS
95903,-29.4601227,-52.0226317,lajeado,RS
95904,-29.4580751,-51.9963681,lajeado,RS
95905,-29.4498831,-51.9877570,lajeado,RS
95906,-29.4362652,-52.0258610,lajeado,RS
95907,-29.4320557,-52.0482931,lajeado,RS
95908,-29.4320853,-52.0200695,lajeado,RS
95910,-29.4308237,-51.9937772,lajeado,RS
95911,-29.4247329,-52.0056639,lajeado,RS
95912,-29.4372896,-51.9736158,lajeado,RS
95913,-29.4465799,-51.9612019,lajeado,RS
95914,-29.4387362,-51.9564493,lajeado,RS
95915,-29.4674700,-52.0877492,santa clara do sul,RS
95918,-29.3842099,-52.2709441,serio,RS
95920,-29.3024328,-52.4297413,boqueirao do leao,RS
95923,-29.3198980,-52.1017158,marques de souza,RS
95925,-29.2413075,-52.3188193,progresso,RS
95930,-29.5122964,-51.9922009,cruzeiro do sul,RS
95933,-29.3235919,-52.2339491,canudos do vale,RS
95935,-29.2705517,-51.9883437,capitao,RS
95937,-29.3755009,-52.1109702,forquetinha,RS
95940,-29.3948759,-51.9451712,arroio do meio,RS
95945,-29.1571729,-52.2229343,pouso novo,RS
95948,-29.3116397,-52.0628559,travesseiro,RS
95950,-29.2148184,-52.0256513,nova brescia,RS
95955,-29.1804800,-52.0893442,coqueiro baixo,RS
95960,-29.2361048,-51.8751847,encantado,RS
95965,-29.1120891,-52.0706394,relvado,RS
95967,-29.0911847,-51.9866366,doutor ricardo,RS
95970,-29.1655446,-51.8729868,mucum,RS
95972,-29.0686152,-51.8611917,vespasiano correa,RS
95975,-29.0013828,-52.1571698,putinga,RS
95980,-28.9720990,-52.0075043,anta gorda,RS
95985,-28.6770152,-52.1648697,nova alvorada,RS
95990,-28.9278621,-52.1265944,ilopolis,RS
95995,-28.8719054,-52.1801114,arvorezinha,RS
95997,-28.7826365,-52.1725021,itapuca,RS
96010,-31.7723329,-52.3391952,pelotas,RS
96015,-31.7626795,-52.3383355,pelotas,RS
96020,-31.7554965,-52.3412719,pelotas,RS
96025,-31.7714253,-52.3558208,pelotas,RS
96030,-31.7605652,-52.3709965,pelotas,RS
96040,-31.7492067,-52.3746633,pelotas,RS
96045,-31.7481348,-52.3909282,pelotas,RS
96050,-31.7402928,-52.3921168,pelotas,RS
96055,-31.7376405,-52.3368450,pelotas,RS
96060,-31.7260404,-52.3228740,pelotas,RS
96065,-31.7197598,-52.3523393,pelotas,RS
96070,-31.6972542,-52.3391193,pelotas,RS
96071,-31.7015426,-52.3147501,pelotas,RS
96072,-31.6519835,-52.3325691,pelotas,RS
96075,-31.7683411,-52.3269682,pelotas,RS
96076,-31.7654826,-52.3204840,pelotas,RS
96077,-31.7571026,-52.3176667,pelotas,RS
96080,-31.7510717,-52.3232017,pelotas,RS
96081,-31.7383070,-52.3141312,pelotas,RS
96083,-31.7588843,-52.2720045,pelotas,RS
96085,-31.7505954,-52.3062556,pelotas,RS
96087,-31.7197145,-52.3055230,pelotas,RS
96090,-31.7599216,-52.2355416,pelotas,RS
96095,-31.7346254,-52.2148036,pelotas,RS
96100,-33.5258002,-53.3645530,santa vitoria do palmar,RS
96115,-31.6388072,-52.4155342,monte bonito,RS
96130,-31.6981828,-52.1561004,colônia z-3,RS
96145,-31.5122351,-52.4399617,quilombo,RS
96148,-31.4139658,-52.1716036,turucu,RS
96150,-31.5922410,-52.6243494,morro redondo,RS
96155,-31.4415254,-52.4182443,arroio do padre,RS
96160,-31.7664123,-52.4613078,capao do leao,RS
96170,-31.3644003,-51.9786473,sao lourenco do sul,RS
96178,-30.9121149,-51.5015632,arambare,RS
96180,-30.8540636,-51.8085351,camaqua,RS
96190,-30.7039125,-52.1080216,dom feliciano,RS
96193,-30.7491892,-51.9808979,chuvisca,RS
96195,-31.0012947,-52.0480061,cristal,RS
96200,-32.0346471,-52.0972016,rio grande,RS
96201,-32.0382198,-52.0848251,rio grande,RS
96202,-32.0485416,-52.1129117,rio grande,RS
96203,-32.0792313,-52.1560328,rio grande,RS
96204,-32.1378314,-52.1090511,rio grande,RS
96205,-32.1774832,-52.1643954,rio grande,RS
96206,-32.1762048,-52.1617897,rio grande,RS
96207,-32.1841181,-52.1562009,rio grande,RS
96208,-32.1861728,-52.1716721,rio grande,RS
96209,-32.1958045,-52.1800331,rio grande,RS
96210,-32.1948676,-52.1754001,rio grande,RS
96211,-32.0402906,-52.1162323,rio grande,RS
96212,-32.0525355,-52.1421624,rio grande,RS
96213,-32.0766747,-52.1705200,rio grande,RS
96214,-32.0798055,-52.1793801,rio grande,RS
96215,-32.0947020,-52.1835895,rio grande,RS
96216,-32.1052568,-52.1739558,rio grande,RS
96217,-32.1600554,-52.1807371,rio grande,RS
96222,-32.0816971,-52.2247517,rio grande,RS
96223,-32.0258000,-52.1968500,rio grande,RS
96225,-31.9647540,-52.0071179,sao jose do norte,RS
96230,-33.5129012,-53.3497478,santa vitoria do palmar,RS
96255,-33.6899483,-53.4601830,chui,RS
96270,-31.1029611,-50.9134074,mostardas,RS
96290,-31.2842565,-51.0871801,tavares,RS
96300,-32.5610573,-53.3781137,jaguarao,RS
96310,-32.0248625,-53.3928598,herval,RS
96330,-32.2356606,-53.0788513,arroio grande,RS
96360,-31.8667987,-52.8217009,pedro osorio,RS
96395,-31.8514596,-52.8091653,cerrito,RS
96400,-31.3272676,-54.1064502,bage,RS
96402,-31.3292776,-54.1217306,bage,RS
96405,-31.3091939,-54.1294927,bage,RS
96407,-31.3112229,-54.1178912,bage,RS
96408,-31.3082769,-54.1116211,bage,RS
96410,-31.2951721,-54.1331677,bage,RS
96412,-31.3176811,-54.0916649,bage,RS
96413,-31.3078276,-54.0756813,bage,RS
96415,-31.3328791,-54.0900644,bage,RS
96418,-31.3387680,-54.0782733,bage,RS
96419,-31.3350257,-54.0642239,bage,RS
96420,-31.3522670,-54.0924867,bage,RS
96422,-31.3591432,-54.1120079,bage,RS
96425,-31.3422471,-54.1211258,bage,RS
96439,-31.6669400,-54.0708300,colonia nova,RS
96445,-31.7643605,-54.1485487,acegua,RS
96450,-30.9791233,-54.6699768,dom pedrito,RS
96460,-31.4017055,-53.8763624,hulha negra,RS
96470,-31.5785751,-53.3824614,pinheiro machado,RS
96487,-31.7335668,-53.5863334,pedras altas,RS
96490,-31.4378235,-53.1034664,piratini,RS
96495,-31.5015094,-53.6907392,candiota,RS
96501,-30.0343418,-52.9009950,cachoeira do sul,RS
96503,-30.0231435,-52.9123322,cachoeira do sul,RS
96504,-30.0055090,-52.9188085,cachoeira do sul,RS
96505,-30.0110278,-52.9033815,cachoeira do sul,RS
96506,-30.0416684,-52.8954936,cachoeira do sul,RS
96508,-30.0463293,-52.8907738,cachoeira do sul,RS
96530,-29.7238029,-53.1791872,paraiso do sul,RS
96535,-29.6659826,-52.9446191,cerro branco,RS
96540,-29.6432736,-53.2459256,agudo,RS
96545,-29.7373546,-52.9539085,novo cabrais,RS
96550,-29.7371700,-52.9506400,cortado,RS
96570,-30.5137954,-53.4892092,cacapava do sul,RS
96590,-30.8731145,-53.1144837,santana da boa vista,RS
96600,-31.3956326,-52.6770833,cangucu,RS
96610,-30.5447112,-52.5237218,encruzilhada do sul,RS
96635,-30.8742388,-52.2531930,amaral ferrador,RS
96640,-29.9798430,-52.3747273,rio pardo,RS
96685,-29.7511668,-52.2727801,passo do sobrado,RS
96690,-30.1947156,-52.3669320,pantano grande,RS
96700,-29.9632852,-51.7198411,sao jeronimo,RS
96735,-30.3978905,-51.7468333,barao do triunfo,RS
96740,-30.0899207,-51.7315245,arroio dos ratos,RS
96745,-29.9627053,-51.6186427,charqueadas,RS
96750,-30.1198767,-51.9625410,butia,RS
96755,-30.1395175,-52.0448813,minas do leao,RS
96760,-30.6740728,-51.3979058,tapes,RS
96765,-30.6162671,-51.5806932,sentinela do sul,RS
96770,-30.5950877,-51.7523456,cerro grande do sul,RS
96790,-30.2982937,-51.3089830,barra do ribeiro,RS
96810,-29.7172454,-52.4307832,santa cruz do sul,RS
96814,-29.7138780,-52.4448443,santa cruz do sul,RS
96815,-29.7036056,-52.4225483,santa cruz do sul,RS
96816,-29.6948979,-52.4425085,santa cruz do sul,RS
96817,-29.6882000,-52.4485100,santa cruz do sul,RS
96820,-29.7043503,-52.4255666,santa cruz do sul,RS
96821,-29.6794828,-52.4095301,santa cruz do sul,RS
96822,-29.6766989,-52.4005495,santa cruz do sul,RS
96823,-29.6930363,-52.4124240,santa cruz do sul,RS
96824,-29.7044948,-52.3998098,santa cruz do sul,RS
96825,-29.7177961,-52.4185043,santa cruz do sul,RS
96830,-29.7358547,-52.4172446,santa cruz do sul,RS
96832,-29.7490910,-52.4097357,santa cruz do sul,RS
96835,-29.7507929,-52.4216646,santa cruz do sul,RS
96836,-29.7625188,-52.4155956,santa cruz do sul,RS
96840,-29.7416145,-52.4330937,santa cruz do sul,RS
96842,-29.7654586,-52.4405657,santa cruz do sul,RS
96843,-29.7385915,-52.4447794,santa cruz do sul,RS
96845,-29.7248304,-52.4428465,santa cruz do sul,RS
96859,-29.6333403,-52.3894868,monte alverne,RS
96875,-29.2694708,-52.5783412,gramado xavier,RS
96878,-29.6071983,-52.6808619,vale do sol,RS
96880,-29.7161848,-52.5060385,vera cruz,RS
96888,-29.4557690,-52.6486904,herveiras,RS
96890,-29.5305016,-52.5221147,sinimbu,RS
96900,-29.4167837,-53.0265863,sobradinho,RS
96908,-29.4410435,-52.9578169,passa sete,RS
96910,-29.3340546,-52.9715423,segredo,RS
96920,-29.4966076,-53.0358965,lagoa bonita do sul,RS
96925,-29.4222943,-53.1273472,ibarama,RS
96930,-29.6704460,-52.7891185,candelaria,RS
96950,-29.3334504,-52.9950518,arroio do tigre,RS
96990,-29.1828973,-53.1593520,estrela velha,RS
97010,-29.6843490,-53.8138032,santa maria,RS
97015,-29.6925770,-53.8123423,santa maria,RS
97020,-29.6924737,-53.8259402,santa maria,RS
97021,-29.6958977,-53.8323505,santa maria,RS
97030,-29.7066990,-53.8721642,santa maria,RS
97032,-29.6988000,-53.8735101,santa maria,RS
97035,-29.6928514,-53.8510915,santa maria,RS
97037,-29.6830315,-53.8546580,santa maria,RS
97040,-29.6736797,-53.8320573,santa maria,RS
97043,-29.6738186,-53.8183979,santa maria,RS
97045,-29.6741578,-53.8032003,santa maria,RS
97050,-29.6894365,-53.7983326,santa maria,RS
97060,-29.7032913,-53.8008469,santa maria,RS
97065,-29.7209717,-53.8003062,santa maria,RS
97070,-29.7159751,-53.8156641,santa maria,RS
97090,-29.6757211,-53.7906384,santa maria,RS
97095,-29.6964536,-53.7716311,santa maria,RS
97105,-29.7068648,-53.7180256,santa maria,RS
97110,-29.6999885,-53.7326802,santa maria,RS
97180,-29.7063285,-54.2048958,dilermando de aguiar,RS
97185,-29.5968017,-53.7680110,itaara,RS
97190,-29.5398433,-53.8548985,sao martinho da serra,RS
97195,-29.6453169,-53.5838255,silveira martins,RS
97200,-29.8129731,-53.3756449,restinga seca,RS
97210,-29.9992302,-53.5005494,formigueiro,RS
97220,-29.5752379,-53.4450635,faxinal do soturno,RS
97230,-29.6208134,-53.4505860,sao joao do polesine,RS
97250,-29.4685762,-53.4586937,nova palma,RS
97280,-29.6238893,-53.3565380,dona francisca,RS
97300,-30.3364340,-54.3236544,sao gabriel,RS
97306,-30.3548358,-54.3341655,são gabriel,RS
97310,-30.3336058,-54.3337662,são gabriel,RS
97313,-30.3277724,-54.3261478,sao gabriel,RS
97314,-30.3216029,-54.3139792,sao gabriel,RS
97335,-30.3857490,-54.0766520,santa margarida do sul,RS
97340,-30.1649718,-53.5703613,sao sepe,RS
97385,-30.2047429,-53.3409512,vila nova do sul,RS
97390,-30.8111137,-53.9007424,lavras do sul,RS
97400,-29.5546106,-54.2112328,sao pedro do sul,RS
97410,-29.5615293,-54.4566267,mata,RS
97418,-29.4714576,-54.2275552,toropi,RS
97420,-29.6928759,-54.6812583,sao vicente do sul,RS
97450,-29.8834984,-54.8263307,cacequi,RS
97500,-29.7688520,-57.0863187,uruguaiana,RS
97501,-29.7557786,-57.0881377,uruguaiana,RS
97502,-29.7622492,-57.0789524,uruguaiana,RS
97503,-29.7736633,-57.0961411,uruguaiana,RS
97504,-29.7797270,-57.0918452,uruguaiana,RS
97507,-29.7759545,-57.0767494,uruguaiana,RS
97508,-29.7884625,-57.0894380,uruguaiana,RS
97509,-29.8313705,-57.0281256,uruguaiana,RS
97510,-29.7628355,-57.0819970,uruguaiana,RS
97511,-29.7676549,-57.0601706,uruguaiana,RS
97513,-29.7691263,-57.0563682,uruguaiana,RS
97538,-30.2085571,-57.5508558,barra do quarai,RS
97541,-29.7807231,-55.7904464,alegrete,RS
97542,-29.7844337,-55.7921938,alegrete,RS
97543,-29.7965491,-55.8039979,alegrete,RS
97544,-29.7917372,-55.8069521,alegrete,RS
97545,-29.8043097,-55.8047420,alegrete,RS
97546,-29.7913441,-55.7680875,alegrete,RS
97547,-29.8006079,-55.7536675,alegrete,RS
97560,-30.3832759,-56.4518617,quarai,RS
97571,-30.8616746,-55.5465947,santana do livramento,RS
97572,-30.8742112,-55.5315649,santana do livramento,RS
97573,-30.8877864,-55.5371683,santana do livramento,RS
97574,-30.8951043,-55.5254462,santana do livramento,RS
97575,-30.8950753,-55.4949421,santana do livramento,RS
97576,-30.8894398,-55.5106133,santana do livramento,RS
97577,-30.8768623,-55.5121965,santana do livramento,RS
97578,-30.8681150,-55.4845833,santana do livramento,RS
97590,-30.2549411,-54.9203342,rosario do sul,RS
97610,-29.5509808,-55.1267045,sao francisco de assis,RS
97640,-29.5735811,-55.4838231,manoel viana,RS
97645,-29.1477105,-56.0661304,macambara,RS
97650,-29.1326860,-56.5520256,itaqui,RS
97670,-28.6543685,-56.0054370,sao borja,RS
97685,-28.7977793,-55.2350039,itacurubi,RS
97690,-28.1855596,-55.6398629,garruchos,RS
97700,-29.1865436,-54.8675161,santiago,RS
97753,-28.9434714,-54.5633242,capao do cipo,RS
97755,-29.0473781,-55.1530840,unistalda,RS
97760,-29.4961409,-54.6867975,jaguari,RS
97770,-29.4208087,-54.9061687,nova esperanca do sul,RS
97800,-28.4057450,-54.9573655,sao luiz gonzaga,RS
97843,-28.2626310,-54.8283725,rolador,RS
97845,-28.2247371,-55.0505315,dezesseis de novembro,RS
97850,-28.7272708,-54.9107888,bossoroca,RS
97870,-28.5077343,-55.2315988,santo antonio das missoes,RS
97880,-28.1850194,-55.2614518,sao nicolau,RS
97885,-28.0464323,-55.1999206,pirapo,RS
97900,-28.1466383,-54.7378917,cerro largo,RS
97920,-28.1245981,-54.8934272,sao pedro do butia,RS
97930,-28.2900255,-54.6399011,caibate,RS
97935,-28.2548482,-54.6180504,mato queimado,RS
97940,-28.1098184,-54.8406861,salvador das missoes,RS
97950,-28.1436662,-54.5584365,guarani das missoes,RS
97960,-28.1286673,-54.4591018,sete de setembro,RS
97970,-28.1302878,-55.0216123,roque gonzales,RS
97980,-28.0215110,-54.9380393,sao paulo das missoes,RS
98005,-28.6431060,-53.6073875,cruz alta,RS
98010,-28.6500516,-53.6164345,cruz alta,RS
98015,-28.6336401,-53.6218211,cruz alta,RS
98020,-28.6240982,-53.6120548,cruz alta,RS
98025,-28.6349638,-53.6043791,cruz alta,RS
98030,-28.6325270,-53.5874779,cruz alta,RS
98035,-28.6451131,-53.5860691,cruz alta,RS
98040,-28.6511704,-53.5887917,cruz alta,RS
98045,-28.6761674,-53.6100269,cruz alta,RS
98050,-28.6542297,-53.5995428,cruz alta,RS
98118,-28.5775956,-53.8136592,boa vista do cadeado,RS
98120,-28.8186656,-53.3868114,boa vista do incra,RS
98125,-28.7963396,-53.2283722,fortaleza dos valos,RS
98130,-29.2310468,-53.6785134,julio de castilhos,RS
98140,-29.3484257,-54.0731514,quevedos,RS
98150,-29.3368520,-53.3447249,pinhal grande,RS
98160,-29.5204987,-53.5778999,ivora,RS
98170,-29.0813348,-53.8370708,tupancireta,RS
98175,-29.2896270,-54.2194314,jari,RS
98180,-28.6584000,-54.1178118,joia,RS
98200,-28.6292047,-53.0989963,ibiruba,RS
98230,-28.7431148,-53.0984601,quinze de novembro,RS
98240,-28.3678881,-53.2527867,santa barbara do sul,RS
98250,-28.3956682,-53.0879169,saldanha marinho,RS
98270,-28.4194486,-53.6540987,pejucara,RS
98280,-28.2935406,-53.5022378,panambi,RS
98290,-28.2073221,-53.4848391,condor,RS
98300,-27.8985279,-53.3111105,palmeira das missoes,RS
98320,-27.6919935,-53.1790282,lajeado do bugre,RS
98325,-27.7836415,-53.1233939,sao jose das missoes,RS
98330,-27.7002664,-53.1346286,sagrada familia,RS
98335,-27.6614768,-53.3167739,boa vista das missoes,RS
98338,-27.9117728,-53.1148354,novo barreiro,RS
98340,-27.6083456,-53.1661884,cerro grande,RS
98345,-27.5124725,-53.2145076,pinhal,RS
98350,-27.6382148,-53.2803625,jaboticaba,RS
98360,-27.4733045,-53.1705039,rodeio bonito,RS
98368,-27.4551822,-53.2462881,cristal do sul,RS
98370,-27.5626610,-53.1841453,novo tiradentes,RS
98380,-27.4820446,-53.4014350,seberi,RS
98385,-27.6614055,-53.5247376,dois irmaos das missoes,RS
98390,-27.5511817,-53.5082693,erval seco,RS
98400,-27.3561911,-53.3959791,frederico westphalen,RS
98410,-27.3995619,-53.4668501,taquarucu do sul,RS
98415,-27.3696858,-53.4926840,vista alegre,RS
98430,-27.3533016,-53.5580429,palmitinho,RS
98435,-27.2127415,-53.6195195,pinheirinho do vale,RS
98440,-27.2725806,-53.4382177,caicara,RS
98450,-27.1675281,-53.4024677,vicente dutra,RS
98460,-27.1955492,-53.2552004,irai,RS
98465,-27.3658467,-53.1786365,ametista do sul,RS
98470,-27.3321688,-53.0588596,planalto,RS
98480,-27.2503523,-53.0355549,alpestre,RS
98500,-27.3710530,-53.7585857,tenente portela,RS
98528,-27.2651155,-53.8635376,derrubadas,RS
98530,-27.1917173,-53.7096206,barra do guarita,RS
98535,-27.2887241,-53.7011577,vista gaucha,RS
98540,-27.4914275,-53.6860447,miraguai,RS
98550,-27.6514659,-53.6392159,redentora,RS
98560,-27.6165635,-53.7409404,braga,RS
98570,-27.6770402,-53.8071406,campo novo,RS
98575,-27.5525765,-53.8632584,bom progresso,RS
98580,-27.7172251,-53.7093427,coronel bicaco,RS
98590,-27.8530480,-53.7779701,santo augusto,RS
98595,-27.7866208,-53.9362211,sao valerio do sul,RS
98600,-27.4545009,-53.9337462,tres passos,RS
98620,-27.4340091,-53.9611680,padre gonzales,RS
98635,-27.3525444,-54.0013940,esperanca do sul,RS
98640,-27.4979150,-54.0997836,crissiumal,RS
98670,-27.5655363,-53.9695736,humaita,RS
98675,-27.6350376,-53.9487701,sede nova,RS
98680,-27.3930995,-54.0880241,tiradentes do sul,RS
98690,-27.7092625,-53.9637987,sao martinho,RS
98700,-28.3878285,-53.9159359,ijui,RS
98733,-28.3557675,-53.7507249,bozano,RS
98735,-28.3948301,-54.0676372,coronel barros,RS
98740,-28.5151833,-53.9941462,augusto pestana,RS
98750,-28.2377197,-53.7633750,ajuricaba,RS
98758,-28.0841437,-53.7015022,nova ramada,RS
98760,-27.9188032,-53.9405815,chiapetta,RS
98765,-27.8817576,-54.0179355,inhacora,RS
98770,-28.2526324,-54.0134784,catuipe,RS
98780,-28.0579028,-54.3926303,santa rosa,RS
98781,-27.8596516,-54.4887155,santa rosa,RS
98785,-27.8512061,-54.4749772,santa rosa,RS
98787,-27.8969008,-54.4018832,santa rosa,RS
98789,-27.8654188,-54.4368267,santa rosa,RS
98790,-27.8561802,-54.4444617,santa rosa,RS
98792,-27.8799880,-54.4715579,santa rosa,RS
98794,-27.8828832,-54.4815763,santa rosa,RS
98796,-27.8744046,-54.4953503,santa rosa,RS
98801,-28.3048755,-54.2648955,santo angelo,RS
98802,-28.2901480,-54.2700091,santo angelo,RS
98803,-28.2905525,-54.2625114,santo angelo,RS
98804,-28.3120156,-54.2612475,santo angelo,RS
98805,-28.2979076,-54.2452764,santo angelo,RS
98807,-28.2999557,-54.2439880,santo angelo,RS
98825,-28.2967795,-54.3935027,buriti,RS
98850,-28.3523894,-54.5012660,vitoria das missoes,RS
98855,-28.3639660,-54.2682156,entre-ijuis,RS
98860,-28.5275895,-54.1459596,eugenio de castro,RS
98865,-28.5721250,-54.5463186,sao miguel das missoes,RS
98870,-28.0297015,-54.3499172,girua,RS
98895,-28.0257983,-54.5444522,senador salgado filho,RS
98898,-28.0448315,-54.6804363,ubiretama,RS
98900,-27.8653583,-54.4701278,santa rosa,RS
98905,-27.8083759,-54.0453360,alegria,RS
98910,-27.7765759,-54.2355184,tres de maio,RS
98915,-27.8534773,-54.1904670,independencia,RS
98918,-27.6686774,-54.1111306,boa vista do burica,RS
98919,-27.6082259,-54.1097776,nova candelaria,RS
98920,-27.6272780,-54.3103603,horizontina,RS
98925,-27.5070096,-54.3639286,doutor mauricio cardoso,RS
98930,-27.6581172,-54.4398117,tucunduva,RS
98940,-27.7504970,-54.4898630,tuparendi,RS
98947,-27.5721630,-54.6688014,porto maua,RS
98950,-27.6582142,-54.7669047,alecrim,RS
98955,-27.5614503,-54.5003984,novo machado,RS
98958,-28.1209631,-54.0494558,sao jose do inhacora,RS
98960,-27.8262647,-54.6649850,santo cristo,RS
98970,-27.9492977,-54.7522214,candido godoi,RS
98975,-27.9867998,-54.8410000,campina das missoes,RS
98980,-27.8559390,-55.0165151,porto lucena,RS
98985,-27.7357227,-54.9002470,porto vera cruz,RS
98995,-27.9068021,-55.1390738,porto xavier,RS
99001,-28.2347455,-52.4235816,passo fundo,RS
99010,-28.2707529,-52.5408977,passo fundo,RS
99020,-28.2504402,-52.4105596,passo fundo,RS
99022,-28.2431954,-52.4167310,passo fundo,RS
99025,-28.2646400,-52.4254206,passo fundo,RS
99030,-28.2642599,-52.4370650,passo fundo,RS
99032,-28.2613044,-52.4430973,passo fundo,RS
99034,-28.2713262,-52.4527648,passo fundo,RS
99036,-28.2833926,-52.4337717,passo fundo,RS
99040,-28.2497651,-52.4266302,passo fundo,RS
99042,-28.2411290,-52.4376588,passo fundo,RS
99043,-28.2265964,-52.4675048,passo fundo,RS
99050,-28.2441097,-52.3877124,passo fundo,RS
99051,-28.2532121,-52.4566224,passo fundo,RS
99052,-28.2332734,-52.3725822,passo fundo,RS
99054,-28.2606216,-52.3755689,passo fundo,RS
99060,-28.2758446,-52.3750080,passo fundo,RS
99062,-28.2797377,-52.3848849,passo fundo,RS
99064,-28.2849035,-52.3672107,passo fundo,RS
99066,-28.2768153,-52.3969936,passo fundo,RS
99070,-28.2643720,-52.3924719,passo fundo,RS
99072,-28.2709029,-52.4060907,passo fundo,RS
99074,-28.2727253,-52.3957459,passo fundo,RS
99140,-28.5000698,-52.5659087,ernestina,RS
99145,-28.1269266,-52.2968366,coxilha,RS
99150,-28.4459134,-52.2028377,marau,RS
99155,-28.5402580,-52.1582376,vila maria,RS
99160,-28.3612005,-52.0397075,gentil,RS
99165,-28.5894736,-52.2043219,camargo,RS
99170,-27.9838602,-52.2585218,sertao,RS
99175,-28.5350265,-52.4615761,nicolau vergueiro,RS
99180,-28.2785543,-52.1908705,mato castelhano,RS
99190,-28.0612942,-52.6770300,pontao,RS
99200,-28.8479559,-51.8917464,guapore,RS
99215,-28.7589046,-52.0116355,uniao da serra,RS
99220,-28.9830477,-51.8361883,dois lajeados,RS
99240,-29.0492649,-51.7660201,sao valentim do sul,RS
99250,-28.7127706,-51.9340778,serafina correa,RS
99255,-28.6533808,-52.0758661,montauri,RS
99260,-28.5657308,-51.9746195,casca,RS
99265,-28.4994049,-52.5479404,santo antônio do palma,RS
99270,-28.5394556,-51.8774362,sao domingos do sul,RS
99290,-28.4754789,-51.8444280,vanini,RS
99300,-28.8274497,-52.5092549,soledade,RS
99315,-28.6946056,-52.6898170,mormaco,RS
99320,-28.6218188,-52.5149432,ibirapuita,RS
99330,-29.1031180,-52.9568764,tunas,RS
99340,-29.2260724,-52.7755597,lagoao,RS
99345,-28.5765690,-52.5969981,tio hugo,RS
99350,-28.5618332,-52.7398005,victor graeff,RS
99360,-29.0922172,-52.5860856,barros cassal,RS
99370,-28.9823927,-52.3502522,fontoura xavier,RS
99380,-29.0502667,-52.2914669,sao jose do herval,RS
99400,-28.7306705,-52.8444752,espumoso,RS
99430,-28.7808649,-52.9891868,alto alegre,RS
99435,-28.8862376,-53.0012800,campos borges,RS
99440,-29.0894355,-53.2159616,salto do jacui,RS
99450,-28.6301160,-52.9541917,selbach,RS
99457,-29.0358528,-53.0417690,jacuizinho,RS
99460,-28.5217226,-52.9928033,colorado,RS
99470,-28.4611170,-52.8193273,nao-me-toque,RS
99490,-28.6279013,-52.8698829,tapera,RS
99495,-28.5683164,-52.8534827,lagoa dos tres cantos,RS
99500,-28.2912446,-52.7902558,carazinho,RS
99523,-28.1156338,-52.9149169,almirante tamandare do sul,RS
99525,-28.3987487,-52.6928530,santo antonio do planalto,RS
99528,-28.1185532,-52.7824527,coqueiros do sul,RS
99530,-28.0610018,-53.0661491,chapada,RS
99560,-27.9390463,-52.9263631,sarandi,RS
99580,-27.9924581,-52.9809518,nova boa vista,RS
99585,-27.9238801,-53.0419831,barra funda,RS
99590,-27.8299080,-52.9081953,rondinha,RS
99600,-27.3686073,-52.7733069,nonoai,RS
99605,-27.4418958,-52.9148007,gramado dos loureiros,RS
99610,-27.3051935,-52.8420231,rio dos indios,RS
99615,-27.5248139,-52.8967607,trindade do sul,RS
99640,-27.5592230,-52.5244655,sao valentim,RS
99645,-27.5312594,-52.7314684,entre rios do sul,RS
99650,-27.5153513,-52.5930461,benjamin constant do sul,RS
99655,-27.4217686,-52.6750218,faxinalzinho,RS
99660,-27.7178664,-52.6239823,campinas do sul,RS
99665,-27.6623943,-52.6565553,cruzaltense,RS
99670,-27.7822222,-52.8065005,ronda alta,RS
99675,-27.6141118,-52.8445907,tres palmeiras,RS
99680,-27.7322428,-52.9950160,constantina,RS
99687,-27.7479534,-53.0623505,novo xingu,RS
99690,-27.6002180,-53.0748823,liberato salzano,RS
99700,-27.6360458,-52.2730491,erechim,RS
99701,-27.6271151,-52.2586398,erechim,RS
99702,-27.6248697,-52.2476137,erechim,RS
99704,-27.6404127,-52.2546481,erechim,RS
99705,-27.6413516,-52.2405303,erechim,RS
99706,-27.6500539,-52.2493840,erechim,RS
99708,-27.6582858,-52.2609975,erechim,RS
99709,-27.6497767,-52.2732646,erechim,RS
99711,-27.6394742,-52.2872282,erechim,RS
99712,-27.6382874,-52.3115533,erechim,RS
99713,-27.6418726,-52.2982081,erechim,RS
99714,-27.6525449,-52.2988339,erechim,RS
99718,-28.0966543,-52.3444998,paulo bento,RS
99720,-27.8198119,-52.4451239,quatro irmaos,RS
99725,-27.4995642,-52.1501657,tres arroios,RS
99730,-27.7289561,-52.5365351,jacutinga,RS
99735,-27.6575741,-52.4910615,ponte preta,RS
99740,-27.6170141,-52.3803952,barao de cotegipe,RS
99750,-27.3926434,-52.5690860,erval grande,RS
99760,-27.3837309,-52.4561317,itatiba do sul,RS
99770,-27.3938790,-52.3007921,aratiba,RS
99790,-27.3511520,-52.1449494,mariano moro,RS
99795,-27.4100532,-52.4136361,barra do rio azul,RS
99800,-27.4702681,-51.9181013,marcelino ramos,RS
99810,-27.4315698,-52.1173354,severiano de almeida,RS
99820,-27.5696718,-52.0214060,viadutos,RS
99825,-27.7159235,-51.9148220,carlos gomes,RS
99830,-27.5870312,-52.0927484,gaurama,RS
99835,-27.6954240,-52.0536516,aurea,RS
99838,-27.7657926,-52.0037187,centenario,RS
99839,-27.5869505,-52.0924781,gaurama,RS
99840,-27.9501432,-51.8098863,sananduva,RS
99850,-27.7101374,-51.7633052,paim filho,RS
99855,-27.9321562,-52.0850829,sao joao da urtiga,RS
99860,-27.7721626,-51.6619605,cacique doble,RS
99870,-27.8446505,-51.5764349,sao jose do ouro,RS
99878,-27.9226202,-51.5387292,tupanci do sul,RS
99880,-27.5678601,-51.6680063,machadinho,RS
99890,-27.6317784,-51.8047196,maximiliano de almeida,RS
99895,-27.9300386,-51.6596801,santo expedito do sul,RS
99900,-27.8866296,-52.2284784,getulio vargas,RS
99910,-27.8589607,-52.0752872,floriano peixoto,RS
99920,-27.8552536,-52.3009059,erebango,RS
99925,-27.9367259,-52.4266440,ipiranga do sul,RS
99930,-27.9141018,-52.2587821,estacao,RS
99940,-28.0572244,-51.8561238,ibiaca,RS
99950,-28.0689587,-52.0120680,tapejara,RS
99952,-28.1711988,-51.9085686,santa cecilia do sul,RS
99955,-28.1133413,-52.1438432,vila langaro,RS
99960,-27.9537218,-52.0255115,charrua,RS
99965,-28.1833720,-52.0398505,agua santa,RS
99970,-28.3437662,-51.8746893,ciriaco,RS
99980,-28.3891294,-51.8438360,david canabarro,RS
99990,-28.3295950,-51.7693618,muliterno,RS
